MinTemp,Rainfall,Humidity9am,Humidity3pm,RainToday,Temp3pm
13.3,0.0,67.0,51.38185511171293,0,22.522698145025295
14.7,0.0,59.0,54.0,0,22.2
13.6,0.0,57.0,51.0,0,21.7
17.7,0.0,62.0,43.0,0,30.6
15.5,0.0,67.0,19.0,0,37.6
14.0,0.0,56.0,13.0,0,38.0
15.3,0.0,69.0,19.0,0,39.8
18.9,0.0,75.0,70.0,0,20.1
14.8,0.4,65.0,46.0,0,21.1
11.9,0.2,63.0,43.0,0,24.2
12.6,0.0,61.0,40.0,0,29.0
15.3,4.0,78.0,50.0,1,27.7
18.4,0.0,83.0,40.0,0,30.5
15.9,0.0,70.0,21.0,0,39.2
18.0,0.0,43.0,16.0,0,40.7
14.6,0.4,50.0,22.0,0,33.9
15.5,0.0,53.0,38.0,0,21.8
10.3,0.0,58.0,28.0,0,27.6
11.3,0.0,63.0,18.0,0,30.3
14.6,0.0,61.0,20.0,0,37.8
20.5,0.4,58.0,31.0,0,35.0
19.6,19.4,69.0,41.0,1,32.4
20.3,0.2,63.0,44.0,0,33.3
20.8,0.0,61.0,15.0,0,39.6
18.7,0.0,61.0,39.0,0,27.7
19.7,0.0,65.0,55.0,0,29.1
19.3,3.6,93.0,71.0,1,26.5
16.3,0.0,83.0,34.0,0,34.1
16.1,0.0,75.0,29.0,0,33.6
17.4,0.0,68.0,36.0,0,33.2
15.9,0.0,75.0,32.0,0,36.4
18.3,0.0,70.0,49.0,0,29.6
19.5,0.0,78.0,34.0,0,34.2
19.5,0.0,67.0,42.0,0,29.3
20.6,0.0,72.0,46.0,0,32.0
18.9,0.0,75.0,23.0,0,38.6
20.4,0.0,65.0,36.0,0,37.1
19.2,0.8,59.0,14.0,0,41.5
17.0,0.0,51.0,28.0,0,38.6
20.6,0.0,79.0,78.0,0,20.6
16.6,2.0,92.0,93.0,1,19.3
15.5,4.6,79.0,70.0,1,19.5
14.3,4.2,78.0,69.0,1,19.3
14.3,1.0,89.0,51.0,0,20.4
14.6,21.2,94.0,92.0,1,16.5
15.0,36.0,91.0,82.0,1,21.9
16.2,23.4,78.0,56.0,1,23.2
15.8,0.8,91.0,61.0,0,21.1
17.0,9.8,89.0,61.0,1,24.9
16.6,0.0,78.0,46.0,0,30.2
17.4,0.2,76.0,40.0,0,30.8
20.2,1.0,92.0,77.0,0,22.0
17.8,0.2,80.0,59.0,0,25.1
17.4,0.0,73.0,52.0,0,28.8
16.6,4.2,91.0,51.0,1,29.5
19.5,0.2,84.0,59.0,0,27.9
16.5,0.0,75.0,52.0,0,24.0
12.9,0.0,78.0,46.0,0,25.3
12.7,0.0,81.0,44.0,0,30.8
17.6,0.0,78.0,52.0,0,27.3
18.1,0.0,85.0,50.0,0,26.9
16.2,0.0,91.0,50.0,0,26.3
19.7,0.0,88.0,48.0,0,22.5
9.4,0.0,44.0,24.0,0,24.8
8.6,0.0,76.0,39.0,0,24.2
13.1,0.0,80.0,34.0,0,27.8
17.4,0.0,80.0,66.0,0,23.7
16.0,12.4,98.0,70.0,1,23.5
16.9,0.8,96.0,55.0,0,25.0
14.4,0.2,73.0,75.0,0,21.1
14.6,4.8,99.0,53.0,1,25.3
16.4,0.0,91.0,66.0,0,25.2
15.1,0.0,96.0,62.0,0,27.2
15.1,24.6,99.0,49.0,1,29.1
11.9,0.0,50.0,31.0,0,26.0
9.4,0.0,63.0,32.0,0,25.1
14.5,0.0,71.0,50.0,0,25.0
11.8,0.0,92.0,50.0,0,28.5
14.7,0.0,90.0,48.0,0,29.1
14.7,0.0,99.0,61.0,0,25.2
12.0,0.0,98.0,44.0,0,26.3
13.7,0.0,97.0,47.0,0,28.4
15.6,0.0,97.0,35.0,0,32.0
15.0,0.0,99.0,45.0,0,31.9
17.0,24.8,97.0,49.0,1,30.0
18.4,3.8,80.0,61.0,1,22.9
12.6,0.2,89.0,46.0,0,24.0
11.3,0.0,96.0,45.0,0,25.8
15.0,0.0,84.0,51.0,0,23.6
17.6,3.2,87.0,87.0,1,19.3
17.6,32.0,97.0,78.0,1,22.6
18.6,15.4,97.0,69.0,1,24.1
18.1,4.0,99.0,63.0,1,25.9
17.2,1.8,86.0,67.0,1,18.6
15.5,0.0,67.0,61.0,0,22.9
11.7,0.2,73.0,60.0,0,20.1
13.1,0.0,72.0,58.0,0,19.9
9.3,0.0,67.0,46.0,0,22.0
10.3,0.0,79.0,54.0,0,22.9
10.7,0.0,85.0,52.0,0,23.8
14.5,0.0,85.0,59.0,0,23.0
16.5,0.8,85.0,60.0,0,23.7
17.7,0.2,92.0,80.0,0,21.2
14.9,13.0,95.0,53.0,1,26.5
11.3,0.4,92.0,30.0,0,28.1
8.9,0.0,61.0,37.0,0,23.6
7.2,0.0,73.0,44.0,0,22.1
11.7,0.0,67.0,49.0,0,22.6
14.0,0.0,67.0,84.0,0,17.8
13.0,3.2,90.0,82.0,1,16.3
13.2,2.4,85.0,85.0,1,17.3
13.7,8.4,85.0,60.0,1,19.4
13.6,1.6,77.0,60.0,1,20.3
7.9,0.2,99.0,66.0,0,21.3
12.8,0.4,52.0,47.0,0,21.5
12.7,0.0,49.0,35.0,0,18.0
4.8,0.0,48.0,37.0,0,17.4
4.8,0.0,57.0,38.0,0,18.9
4.6,0.0,71.0,58.0,0,15.8
6.7,0.0,68.0,62.0,0,16.1
4.2,0.0,90.0,47.0,0,20.8
4.8,0.0,66.0,55.0,0,18.8
8.5,0.0,73.0,52.0,0,20.8
6.3,0.0,93.0,42.0,0,22.8
9.9,0.0,72.0,52.0,0,19.2
7.1,0.0,99.0,48.0,0,21.8
6.3,0.0,91.0,38.0,0,22.0
8.5,0.0,69.0,58.0,0,18.6
6.7,0.0,84.0,41.0,0,21.1
9.4,0.0,65.0,60.0,0,17.0
7.9,0.4,84.0,41.0,0,19.6
3.7,0.4,98.0,61.0,0,17.3
3.4,0.0,99.0,37.0,0,20.6
2.6,0.0,73.0,36.0,0,19.3
4.4,0.0,66.0,40.0,0,19.9
12.2,0.0,59.0,44.0,0,20.3
2.8,0.0,80.0,37.0,0,19.5
5.7,0.0,75.0,55.0,0,19.2
11.4,1.0,99.0,51.0,0,19.8
12.9,17.2,99.0,80.0,1,18.1
12.8,46.4,84.0,61.0,1,17.9
13.7,5.0,72.0,85.0,1,17.2
14.2,15.8,86.0,68.0,1,18.8
12.6,1.6,85.0,57.0,1,20.0
9.5,0.2,94.0,69.0,0,18.3
7.6,0.0,99.0,60.0,0,19.7
10.1,0.0,99.0,99.0,0,15.1
9.0,14.2,99.0,68.0,1,17.2
8.3,0.0,70.0,66.0,0,15.2
8.0,0.0,70.0,74.0,0,14.3
9.8,11.4,98.0,89.0,1,13.7
10.1,0.4,91.0,71.0,0,15.7
10.5,0.0,91.0,75.0,0,17.2
12.3,8.6,99.0,79.0,1,17.4
8.5,0.2,99.0,80.0,0,17.0
10.2,0.0,99.0,50.0,0,18.6
3.4,0.2,92.0,45.0,0,18.2
7.0,1.2,99.0,57.0,1,16.0
4.1,0.0,83.0,45.0,0,16.8
4.3,0.0,70.0,51.0,0,13.7
7.4,0.0,46.0,39.0,0,12.0
0.0,0.0,53.0,35.0,0,14.9
11.13171880255634,2.193101092896175,72.0,46.0,0,15.0
1.9,0.0,99.0,63.0,0,14.1
4.2,0.0,99.0,88.0,0,10.5
2.1,0.2,99.0,39.0,0,17.8
3.8,0.0,72.0,73.0,0,14.7
8.8,0.0,73.0,82.0,0,13.8
7.3,0.6,86.0,69.0,0,16.3
8.0,2.8,89.0,54.0,1,15.2
7.8,1.4,99.0,97.0,1,15.0
10.0,1.4,100.0,92.0,1,15.5
11.13171880255634,2.193101092896175,100.0,69.0,0,18.9
4.5,0.0,100.0,56.0,0,19.3
1.6,0.2,100.0,58.0,0,16.5
2.6,0.6,100.0,58.0,0,14.7
4.0,0.0,90.0,48.0,0,16.7
5.8,0.2,97.0,67.0,0,15.6
8.1,0.0,100.0,63.0,0,16.6
3.7,0.0,89.0,48.0,0,20.4
7.6,0.0,99.0,67.0,0,17.4
8.4,0.0,55.0,33.0,0,18.9
5.0,0.0,52.0,42.0,0,16.1
7.5,0.0,53.0,46.0,0,14.0
4.1,0.0,57.0,46.0,0,16.1
5.9,0.0,63.0,37.0,0,16.4
0.0,0.0,99.0,53.0,0,14.2
3.3,0.0,71.0,57.0,0,13.7
5.5,1.2,98.0,68.0,1,13.7
6.0,5.6,100.0,81.0,1,13.9
7.1,1.8,99.0,61.0,1,15.6
5.4,0.0,100.0,63.0,0,14.3
6.1,0.2,99.0,63.0,0,17.3
7.9,0.0,64.0,51.0,0,15.7
4.6,0.0,69.0,43.0,0,15.6
-0.3,0.0,99.0,52.0,0,14.8
4.2,0.2,87.0,42.0,0,15.8
7.7,4.0,68.0,56.0,1,15.8
1.1,0.0,99.0,47.0,0,17.4
-0.3,0.0,94.0,38.0,0,19.3
0.4,0.2,96.0,40.0,0,19.5
0.9,0.0,81.0,29.0,0,22.2
5.3,0.0,62.0,28.0,0,23.5
7.6,1.6,63.0,50.0,1,15.5
4.0,0.0,72.0,46.0,0,16.7
-1.3,0.2,99.0,39.0,0,16.7
2.8,0.0,100.0,87.0,0,11.2
2.8,5.2,67.0,36.0,1,17.7
0.9,0.0,81.0,44.0,0,17.3
0.4,0.0,79.0,51.0,0,16.1
1.2,0.0,84.0,43.0,0,17.8
2.2,0.0,72.0,45.0,0,18.4
1.8,0.0,77.0,37.0,0,18.6
0.0,0.0,84.0,39.0,0,18.2
1.4,0.0,73.0,31.0,0,18.5
5.9,0.0,84.0,39.0,0,18.4
0.5,0.0,99.0,45.0,0,18.2
1.7,0.0,99.0,38.0,0,19.2
1.7,0.0,97.0,31.0,0,22.8
1.6,0.0,51.0,36.0,0,16.7
-0.9,0.0,73.0,31.0,0,17.1
-0.1,0.0,99.0,48.0,0,16.6
4.5,0.0,100.0,71.0,0,16.5
2.3,3.0,99.0,33.0,1,19.6
1.3,0.0,86.0,42.0,0,20.2
3.9,0.0,69.0,34.0,0,21.5
1.4,0.0,86.0,37.0,0,21.4
0.0,0.2,98.0,30.0,0,25.2
10.1,0.0,41.0,24.0,0,20.3
3.7,0.0,49.0,32.0,0,17.9
0.9,0.0,85.0,39.0,0,19.5
3.8,0.0,99.0,34.0,0,21.6
3.3,0.0,69.0,23.0,0,26.4
8.4,0.0,61.0,40.0,0,19.9
5.2,0.0,79.0,43.0,0,24.8
10.1,0.0,46.0,62.0,0,18.0
10.1,0.4,32.0,51.38185511171293,0,22.522698145025295
10.2,0.0,32.0,24.0,0,20.2
3.5,0.0,48.0,25.0,0,23.6
1.2,0.0,52.0,22.0,0,23.7
10.2,0.0,73.0,40.0,0,25.8
11.8,0.2,40.0,29.0,0,17.6
4.0,0.0,56.0,34.0,0,19.6
3.7,0.0,53.0,34.0,0,21.4
3.8,0.0,57.0,53.0,0,19.0
6.2,0.0,79.0,98.0,0,14.3
9.5,7.6,98.0,36.0,1,24.0
9.8,0.0,45.0,51.38185511171293,0,22.522698145025295
3.5,0.0,67.0,41.0,0,20.6
7.6,0.0,92.0,53.0,0,20.4
5.6,5.0,60.0,42.0,1,19.0
4.1,0.2,49.0,41.0,0,18.5
2.6,0.0,59.0,29.0,0,21.3
2.5,0.0,58.0,25.0,0,22.8
2.7,0.0,52.0,24.0,0,29.0
4.4,0.0,42.0,14.0,0,30.1
9.6,0.0,65.0,64.0,0,16.8
13.1,0.0,82.0,54.0,0,22.9
10.0,0.0,65.0,76.0,0,20.1
12.4,0.0,99.0,24.0,0,30.5
12.6,0.2,50.0,49.0,0,21.1
9.2,0.0,63.0,40.0,0,24.7
7.2,0.0,56.0,42.0,0,25.9
9.3,1.0,70.0,62.0,0,18.9
11.2,0.2,57.0,36.0,0,30.5
15.1,12.6,48.0,43.0,1,19.3
12.7,0.2,40.0,32.0,0,21.7
4.3,0.0,51.0,27.0,0,25.9
14.1,0.0,32.0,25.0,0,17.1
7.1,0.0,36.0,30.0,0,16.4
5.1,0.0,45.0,33.0,0,19.2
4.3,0.0,50.0,28.0,0,22.3
4.7,0.0,54.0,16.0,0,26.8
6.5,0.0,49.0,13.0,0,31.6
10.7,0.0,68.0,72.0,0,18.0
13.3,4.2,74.0,78.0,1,14.1
10.5,7.0,93.0,81.0,1,14.6
11.13171880255634,2.193101092896175,76.89576988155669,57.0,0,18.7
8.0,13.6,79.0,52.0,1,20.0
4.5,0.2,56.0,43.0,0,15.5
9.6,0.4,49.0,37.0,0,18.2
6.8,0.0,63.0,64.0,0,14.7
7.0,0.8,64.0,55.0,0,16.8
9.3,0.2,80.0,65.0,0,16.3
5.8,0.0,82.0,67.0,0,18.7
13.0,0.0,37.0,27.0,0,23.7
11.9,0.0,36.0,46.0,0,16.5
7.6,1.8,55.0,33.0,1,20.7
5.0,0.0,43.0,26.0,0,20.9
5.7,0.0,55.0,35.0,0,21.8
8.9,0.0,70.0,47.0,0,21.1
7.1,0.0,71.0,44.0,0,23.3
8.5,0.0,74.0,29.0,0,29.6
9.2,0.0,47.0,12.0,0,33.9
16.0,0.0,74.0,54.0,0,23.0
15.4,0.0,67.0,37.0,0,30.9
13.3,0.0,62.0,46.0,0,25.4
14.9,0.0,73.0,82.0,0,17.0
12.3,14.6,97.0,64.0,1,15.5
11.13171880255634,2.193101092896175,76.89576988155669,65.0,0,16.7
11.13171880255634,2.193101092896175,84.0,52.0,0,24.6
15.6,0.2,79.0,60.0,0,22.0
13.7,0.0,76.0,48.0,0,27.3
15.6,0.0,72.0,53.0,0,24.4
11.7,0.0,73.0,36.0,0,28.4
14.8,0.0,72.0,57.0,0,28.3
17.1,0.0,75.0,16.0,0,38.2
17.5,0.0,79.0,76.0,0,19.7
14.4,0.2,73.0,67.0,0,19.7
14.5,3.0,80.0,64.0,1,19.7
15.6,2.4,85.0,52.0,1,23.1
13.3,0.2,85.0,85.0,0,20.7
16.1,0.8,79.0,39.0,0,27.6
11.3,0.0,71.0,25.0,0,29.0
11.4,0.0,62.0,46.0,0,26.8
11.5,0.0,68.0,22.0,0,35.9
17.6,0.0,67.0,55.0,0,22.0
9.7,0.0,66.0,24.0,0,30.6
13.2,0.0,38.0,51.38185511171293,0,22.522698145025295
17.8,0.0,65.0,35.0,0,33.8
18.3,0.0,62.0,51.0,0,21.1
15.4,0.0,60.0,38.0,0,29.6
14.4,0.0,65.0,32.0,0,34.8
17.5,0.0,60.0,31.0,0,33.8
21.8,0.4,45.0,30.0,0,34.6
17.9,0.0,70.0,15.0,0,40.2
17.6,1.6,70.0,86.0,1,17.1
14.7,5.8,84.0,69.0,1,22.5
16.2,0.0,73.0,35.0,0,31.2
17.1,0.0,69.0,41.0,0,33.0
17.9,2.8,50.0,25.0,1,33.6
15.6,0.0,49.0,12.0,0,38.2
16.2,0.0,26.0,19.0,0,29.7
13.2,0.0,51.0,90.0,0,15.7
12.9,4.6,51.0,37.0,1,21.7
12.9,0.6,60.0,41.0,0,22.7
10.1,0.2,57.0,24.0,0,28.9
12.9,0.0,59.0,48.0,0,24.6
14.1,0.0,59.0,27.0,0,29.3
14.9,0.0,59.0,43.0,0,29.8
17.2,0.0,64.0,13.0,0,38.0
16.5,0.0,73.0,29.0,0,35.4
16.5,0.6,64.0,51.0,0,23.6
19.2,0.0,65.0,33.0,0,29.9
17.0,0.0,26.0,11.0,0,28.5
11.13171880255634,2.193101092896175,76.89576988155669,51.38185511171293,0,22.522698145025295
15.3,0.0,61.0,43.0,0,27.7
17.9,0.0,84.0,71.0,0,20.5
15.5,0.0,70.0,56.0,0,25.0
20.8,0.2,64.0,43.0,0,33.2
17.7,0.0,63.0,18.0,0,40.3
18.8,4.2,88.0,95.0,1,16.6
15.0,4.2,68.0,25.0,1,30.7
17.4,0.2,74.0,60.0,0,22.0
16.6,0.0,61.0,53.0,0,27.5
16.1,0.2,66.0,31.0,0,31.4
16.1,0.2,51.0,20.0,0,34.9
17.4,0.0,46.0,27.0,0,33.5
19.4,0.0,59.0,70.0,0,24.8
16.3,10.4,90.0,84.0,1,18.4
17.0,1.0,86.0,80.0,0,22.3
19.0,23.4,99.0,51.38185511171293,1,22.522698145025295
17.2,1.6,68.0,43.0,1,27.0
15.4,0.0,67.0,47.0,0,26.5
17.2,0.0,84.0,68.0,0,24.8
19.6,0.0,83.0,56.0,0,28.2
20.3,0.0,72.0,64.0,0,28.6
17.8,7.2,92.0,79.0,1,19.3
16.5,0.8,83.0,66.0,0,22.6
15.4,0.0,69.0,35.0,0,33.3
20.0,0.0,69.0,55.0,0,28.4
19.4,0.0,70.0,57.0,0,23.2
17.9,2.193101092896175,84.0,51.0,0,27.7
11.13171880255634,2.193101092896175,76.89576988155669,23.0,0,37.7
19.9,0.0,46.0,51.38185511171293,0,22.522698145025295
19.3,0.0,63.0,50.0,0,28.8
20.8,0.0,79.0,39.0,0,37.8
21.6,0.0,66.0,58.0,0,27.8
17.9,15.4,92.0,68.0,1,22.9
18.7,0.0,82.0,66.0,0,25.6
20.5,0.0,74.0,57.0,0,27.3
16.2,6.4,71.0,60.0,1,26.0
12.0,0.2,40.0,21.0,0,24.4
10.0,0.0,44.0,22.0,0,27.4
11.7,0.0,36.0,15.0,0,33.4
15.8,0.0,67.0,23.0,0,36.6
17.1,0.0,65.0,20.0,0,39.0
18.9,0.4,53.0,12.0,0,42.2
17.0,1.4,94.0,61.0,1,25.0
17.1,2.193101092896175,77.0,52.0,0,29.3
21.1,0.0,79.0,38.0,0,35.9
22.8,0.0,65.0,63.0,0,25.7
19.5,3.0,83.0,73.0,1,25.3
16.6,5.6,99.0,54.0,1,29.6
19.6,2.193101092896175,76.89576988155669,51.38185511171293,0,22.522698145025295
19.0,0.4,79.0,51.38185511171293,0,22.522698145025295
17.5,0.6,79.0,48.0,0,29.3
19.0,1.4,61.0,54.0,1,25.8
20.0,19.8,90.0,60.0,1,27.6
21.3,2.193101092896175,76.89576988155669,69.0,0,27.1
22.0,13.8,85.0,72.0,1,27.3
19.5,21.8,85.0,51.38185511171293,1,22.522698145025295
19.0,25.6,89.0,77.0,1,24.9
20.7,7.0,94.0,81.0,1,23.9
20.0,1.2,83.0,53.0,1,28.5
17.9,0.2,86.0,43.0,0,31.5
19.3,0.0,82.0,42.0,0,32.8
19.6,2.193101092896175,80.0,35.0,0,34.9
20.9,2.193101092896175,76.89576988155669,77.0,0,24.6
21.3,20.8,97.0,92.0,1,23.8
19.9,3.6,94.0,54.0,1,30.3
18.3,0.2,61.0,56.0,0,24.8
15.2,0.0,68.0,50.0,0,26.3
15.5,2.193101092896175,76.89576988155669,48.0,0,24.5
15.0,0.0,81.0,56.0,0,24.5
15.1,0.0,79.0,45.0,0,28.6
16.2,0.0,85.0,43.0,0,33.2
18.3,0.0,76.0,32.0,0,34.7
20.5,2.193101092896175,76.89576988155669,59.0,0,24.5
18.3,0.0,67.0,60.0,0,23.9
14.6,0.0,70.0,52.0,0,24.3
13.2,0.0,72.0,61.0,0,23.6
13.8,0.0,86.0,37.0,0,30.5
17.4,2.193101092896175,76.89576988155669,78.0,0,21.5
16.8,12.8,70.0,78.0,1,18.5
14.2,1.8,73.0,53.0,1,20.8
13.0,0.0,66.0,53.0,0,24.2
14.1,0.0,84.0,63.0,0,25.0
17.5,0.0,80.0,51.38185511171293,0,22.522698145025295
19.6,11.2,93.0,58.0,1,29.1
20.5,0.0,85.0,69.0,0,25.9
19.8,0.0,82.0,52.0,0,29.0
14.9,2.193101092896175,57.0,42.0,0,27.7
14.1,2.193101092896175,66.0,51.38185511171293,0,22.522698145025295
14.0,0.0,62.0,48.0,0,21.6
14.5,0.0,66.0,50.0,0,23.9
13.2,0.0,72.0,53.0,0,22.8
15.0,1.6,78.0,44.0,1,24.8
14.8,0.0,81.0,50.0,0,26.5
12.6,0.0,88.0,37.0,0,27.5
10.0,0.0,89.0,33.0,0,27.7
10.7,0.0,87.0,43.0,0,28.0
12.2,0.0,99.0,31.0,0,31.7
14.2,2.193101092896175,76.89576988155669,30.0,0,32.9
15.7,0.0,80.0,27.0,0,34.8
17.9,0.0,69.0,47.0,0,26.5
14.3,0.0,83.0,51.38185511171293,0,22.522698145025295
14.2,0.0,80.0,58.0,0,25.9
16.2,0.0,78.0,50.0,0,27.4
15.0,0.0,88.0,31.0,0,33.1
19.1,0.0,69.0,54.0,0,28.7
17.2,0.0,83.0,49.0,0,30.2
19.1,0.8,91.0,51.38185511171293,0,22.522698145025295
11.13171880255634,7.0,97.0,88.0,1,20.7
16.6,21.0,89.0,66.0,1,21.0
14.1,0.0,67.0,38.0,0,25.6
13.0,0.2,79.0,47.0,0,24.0
12.4,0.0,79.0,51.0,0,23.4
11.9,0.4,79.0,64.0,0,19.0
12.6,0.2,65.0,63.0,0,20.7
14.1,0.0,77.0,64.0,0,22.1
17.0,9.8,99.0,72.0,1,23.3
17.5,1.6,61.0,39.0,1,26.3
11.9,0.0,64.0,55.0,0,23.6
12.8,0.0,83.0,49.0,0,25.9
14.2,0.0,76.0,34.0,0,26.6
10.2,0.0,39.0,24.0,0,22.9
6.1,0.0,54.0,46.0,0,21.8
6.1,0.0,83.0,39.0,0,24.3
9.9,0.0,71.0,41.0,0,24.5
12.6,0.0,81.0,57.0,0,22.4
12.5,0.0,78.0,59.0,0,23.8
12.5,0.0,83.0,52.0,0,24.7
14.1,0.0,80.0,58.0,0,24.3
13.0,0.0,87.0,47.0,0,26.2
11.2,0.2,87.0,40.0,0,26.8
11.1,0.0,78.0,31.0,0,29.3
11.3,0.2,69.0,38.0,0,27.6
13.9,2.193101092896175,71.0,60.0,0,23.5
15.7,2.0,82.0,51.38185511171293,1,22.522698145025295
7.1,0.0,52.0,33.0,0,22.3
4.2,0.0,96.0,54.0,0,17.6
4.5,0.0,68.0,32.0,0,24.0
5.7,0.0,52.0,34.0,0,23.8
6.5,0.0,66.0,51.38185511171293,0,22.522698145025295
11.13171880255634,2.193101092896175,76.89576988155669,51.38185511171293,0,22.522698145025295
11.13171880255634,2.193101092896175,76.89576988155669,51.38185511171293,0,22.522698145025295
11.13171880255634,2.193101092896175,76.89576988155669,64.0,0,21.9
11.4,0.0,100.0,56.0,0,23.9
8.2,0.4,92.0,41.0,0,16.7
3.4,2.193101092896175,76.89576988155669,39.0,0,19.4
4.4,2.193101092896175,76.89576988155669,51.38185511171293,0,22.522698145025295
4.0,0.0,61.0,38.0,0,23.5
5.7,2.193101092896175,76.89576988155669,32.0,0,24.0
7.0,0.0,83.0,35.0,0,24.3
3.7,0.0,83.0,21.0,0,23.9
6.1,0.0,35.0,25.0,0,18.4
2.0,0.0,50.0,35.0,0,19.7
4.0,0.0,69.0,35.0,0,19.4
5.7,0.0,52.0,34.0,0,20.8
4.2,2.193101092896175,76.89576988155669,39.0,0,21.4
8.8,0.0,99.0,67.0,0,17.0
10.6,0.0,77.0,64.0,0,17.8
9.1,2.193101092896175,70.0,56.0,0,19.1
3.9,0.4,93.0,55.0,0,19.4
7.6,0.0,87.0,67.0,0,16.6
8.8,0.2,71.0,50.0,0,17.1
5.8,0.0,71.0,63.0,0,16.2
5.4,0.0,100.0,60.0,0,18.0
11.2,3.6,100.0,81.0,1,16.2
10.3,2.193101092896175,76.89576988155669,100.0,0,14.0
11.4,42.0,80.0,86.0,1,15.3
9.8,1.0,99.0,52.0,0,19.3
11.9,2.193101092896175,99.0,86.0,0,15.9
8.3,6.2,82.0,50.0,1,18.9
10.7,7.6,97.0,94.0,1,14.9
10.7,5.0,76.0,51.0,1,18.4
7.5,0.0,92.0,60.0,0,17.6
10.7,12.4,87.0,92.0,1,15.6
13.4,36.0,89.0,94.0,1,15.1
11.5,5.2,69.0,48.0,1,19.0
7.0,0.0,63.0,53.0,0,16.4
6.9,0.0,59.0,58.0,0,15.7
4.8,0.0,99.0,57.0,0,16.0
2.3,0.0,99.0,44.0,0,13.7
7.2,0.0,51.0,35.0,0,15.0
-0.1,0.0,83.0,44.0,0,15.6
1.9,0.0,85.0,39.0,0,15.1
3.2,0.0,68.0,39.0,0,17.0
3.6,0.0,77.0,46.0,0,17.5
3.2,0.0,99.0,52.0,0,17.8
2.7,0.2,100.0,56.0,0,17.5
7.0,0.0,82.0,56.0,0,18.4
2.7,0.0,76.0,40.0,0,18.0
1.4,0.0,80.0,46.0,0,18.3
2.1,0.0,89.0,42.0,0,19.0
5.5,0.0,79.0,62.0,0,16.8
10.8,2.193101092896175,80.0,68.0,0,15.2
8.4,0.0,91.0,98.0,0,13.0
8.6,3.6,100.0,56.0,1,17.6
7.9,0.0,100.0,72.0,0,16.7
9.8,0.4,89.0,45.0,0,18.3
2.0,0.0,70.0,39.0,0,15.2
1.5,0.2,69.0,39.0,0,15.0
-1.2,0.0,82.0,39.0,0,14.0
-3.0,2.193101092896175,84.0,39.0,0,14.8
-1.0,0.2,83.0,44.0,0,15.5
2.2,0.0,95.0,72.0,0,12.0
3.7,1.6,68.0,39.0,1,14.5
4.3,0.0,65.0,44.0,0,17.2
4.9,0.0,80.0,67.0,0,13.7
9.0,1.6,100.0,57.0,1,15.5
8.0,1.0,71.0,56.0,0,16.2
5.6,0.0,70.0,64.0,0,15.0
6.9,1.6,91.0,65.0,1,16.0
4.6,0.0,100.0,66.0,0,15.9
8.9,2.193101092896175,100.0,98.0,0,14.5
4.7,0.6,100.0,46.0,0,16.9
8.4,0.0,99.0,87.0,0,15.4
11.6,0.6,53.0,38.0,0,15.9
6.4,0.0,51.0,42.0,0,15.7
2.3,0.0,62.0,48.0,0,15.2
1.3,0.0,83.0,45.0,0,16.6
-0.6,0.0,97.0,42.0,0,17.7
3.8,0.0,98.0,63.0,0,13.2
4.4,0.6,61.0,32.0,0,15.6
5.2,0.2,65.0,41.0,0,15.9
2.9,0.0,60.0,47.0,0,15.8
4.7,0.0,68.0,51.38185511171293,0,22.522698145025295
4.6,0.0,86.0,46.0,0,17.2
8.4,3.4,99.0,64.0,1,15.7
7.0,24.8,93.0,67.0,1,15.0
7.2,0.0,94.0,59.0,0,15.8
10.0,2.0,100.0,100.0,1,12.3
9.0,21.0,100.0,100.0,1,13.1
8.9,7.2,100.0,76.0,1,19.7
10.5,5.2,100.0,44.0,1,19.2
4.0,0.0,75.0,37.0,0,18.4
5.0,0.0,55.0,47.0,0,13.8
10.2,7.4,68.0,59.0,1,15.6
5.1,0.0,75.0,41.0,0,17.6
2.9,0.0,80.0,51.38185511171293,0,22.522698145025295
4.3,0.0,58.0,38.0,0,15.9
3.3,0.0,63.0,36.0,0,15.9
1.2,0.0,93.0,42.0,0,16.3
2.7,0.0,88.0,37.0,0,17.3
6.1,6.6,100.0,100.0,1,12.3
6.9,6.2,81.0,42.0,1,15.5
9.1,0.0,54.0,51.0,0,15.0
8.2,0.0,52.0,42.0,0,17.2
2.9,2.193101092896175,99.0,44.0,0,20.0
6.5,0.0,78.0,38.0,0,19.1
7.8,0.0,49.0,37.0,0,17.6
2.6,0.0,54.0,27.0,0,16.7
0.5,0.0,84.0,45.0,0,19.4
7.3,2.193101092896175,59.0,30.0,0,22.6
4.5,0.0,45.0,31.0,0,17.2
2.5,0.0,59.0,40.0,0,15.9
2.3,0.0,63.0,35.0,0,17.3
8.1,0.0,87.0,68.0,0,13.3
6.0,2.193101092896175,68.0,36.0,0,18.4
6.9,0.0,40.0,30.0,0,15.5
8.4,0.0,44.0,42.0,0,15.5
5.1,0.0,48.0,43.0,0,16.6
4.4,0.0,55.0,33.0,0,17.2
2.6,0.0,72.0,43.0,0,18.3
7.9,0.0,67.0,47.0,0,18.5
8.6,0.0,77.0,44.0,0,21.3
7.9,0.0,76.0,42.0,0,22.9
13.0,0.0,92.0,77.0,0,17.4
10.8,4.0,100.0,82.0,1,14.4
11.3,16.4,100.0,80.0,1,19.8
13.3,0.2,50.0,40.0,0,19.2
6.7,0.0,54.0,36.0,0,19.3
4.3,0.0,64.0,48.0,0,16.1
3.6,0.0,64.0,33.0,0,18.3
5.1,0.0,95.0,75.0,0,15.4
8.6,3.0,100.0,43.0,1,20.0
5.2,0.0,47.0,29.0,0,20.5
3.4,0.0,70.0,46.0,0,19.8
10.0,0.0,70.0,31.0,0,22.3
10.8,0.0,78.0,99.0,0,14.1
9.7,16.8,66.0,24.0,1,20.8
8.6,0.0,56.0,30.0,0,18.6
3.1,0.0,51.0,29.0,0,18.5
3.7,0.0,59.0,27.0,0,21.5
5.3,0.0,68.0,56.0,0,17.6
6.0,0.0,63.0,57.0,0,19.1
6.3,0.2,72.0,57.0,0,20.6
11.8,0.0,71.0,56.0,0,21.5
13.5,0.2,76.0,66.0,0,17.3
8.3,0.0,75.0,46.0,0,24.4
5.5,0.0,55.0,28.0,0,24.8
7.1,0.0,52.0,30.0,0,25.0
7.4,0.0,70.0,41.0,0,25.0
8.5,0.2,44.0,22.0,0,25.6
9.9,0.0,44.0,52.0,0,14.6
3.8,0.8,53.0,34.0,0,18.5
5.4,0.0,70.0,57.0,0,17.0
10.1,0.0,68.0,88.0,0,14.6
12.4,18.6,100.0,85.0,1,17.9
13.8,28.6,100.0,65.0,1,20.0
15.6,2.2,95.0,62.0,1,23.2
15.3,0.2,89.0,71.0,0,21.2
14.0,0.0,100.0,69.0,0,19.3
11.9,0.0,80.0,56.0,0,19.6
13.6,0.0,73.0,70.0,0,16.7
11.5,0.6,87.0,49.0,0,19.9
12.8,0.6,81.0,60.0,0,20.1
11.5,0.4,83.0,55.0,0,22.6
12.6,0.0,100.0,61.0,0,25.7
14.7,10.4,78.0,53.0,1,27.2
14.7,0.2,83.0,65.0,0,22.8
9.9,2.193101092896175,43.0,40.0,0,14.4
5.4,0.0,53.0,39.0,0,21.4
5.9,0.2,57.0,40.0,0,23.3
7.2,0.0,82.0,64.0,0,15.5
10.2,0.0,67.0,45.0,0,22.2
9.3,0.2,78.0,49.0,0,23.3
11.1,0.0,81.0,53.0,0,24.2
10.5,2.2,74.0,52.0,1,23.1
11.8,4.0,90.0,92.0,1,13.6
11.6,7.0,73.0,57.0,1,19.2
8.5,0.0,80.0,39.0,0,25.3
8.1,0.0,61.0,72.0,0,21.9
13.4,17.2,99.0,63.0,1,18.4
11.7,0.4,84.0,71.0,0,18.6
11.4,0.2,81.0,53.0,0,28.5
17.1,0.0,95.0,45.0,0,29.9
14.4,0.0,68.0,78.0,0,18.6
10.9,33.8,68.0,55.0,1,18.7
7.6,0.0,72.0,40.0,0,23.8
12.4,2.0,78.0,80.0,1,14.8
11.3,1.4,77.0,51.0,1,17.4
11.8,2.2,88.0,82.0,1,14.9
10.4,5.8,90.0,59.0,1,22.5
12.6,0.0,80.0,73.0,0,20.7
15.1,12.2,85.0,70.0,1,22.3
16.7,0.2,86.0,82.0,0,19.3
16.2,11.4,78.0,52.0,1,27.9
14.9,0.2,76.0,36.0,0,31.3
15.9,0.0,70.0,61.0,0,28.5
19.9,0.0,75.0,46.0,0,30.7
20.4,0.0,83.0,96.0,0,19.1
17.6,25.4,81.0,64.0,1,24.1
16.0,0.0,79.0,65.0,0,20.7
13.0,0.0,80.0,47.0,0,26.5
14.7,1.6,73.0,62.0,1,17.8
10.2,0.0,62.0,50.0,0,23.1
9.8,0.0,76.0,48.0,0,24.8
11.8,0.0,71.0,49.0,0,24.0
12.0,0.0,70.0,50.0,0,26.2
12.7,0.0,73.0,41.0,0,28.5
14.5,0.0,72.0,37.0,0,31.1
14.5,0.0,64.0,47.0,0,28.2
15.8,0.0,70.0,50.0,0,29.2
16.0,0.2,90.0,93.0,0,20.0
15.5,11.4,93.0,81.0,1,18.7
15.6,11.4,98.0,85.0,1,21.2
16.5,28.8,99.0,93.0,1,20.0
17.7,14.0,88.0,83.0,1,22.4
18.2,0.8,82.0,68.0,0,25.1
18.1,1.2,88.0,68.0,1,24.3
18.7,0.4,78.0,80.0,0,23.2
17.7,0.8,79.0,97.0,0,20.8
16.9,28.4,79.0,58.0,1,26.6
16.3,0.0,76.0,55.0,0,30.4
21.5,2.0,94.0,63.0,1,28.8
20.4,2.6,97.0,53.0,1,28.5
13.5,0.0,53.0,25.0,0,29.1
12.7,0.0,57.0,29.0,0,29.7
14.2,0.0,63.0,52.0,0,26.0
17.0,0.0,73.0,53.0,0,25.8
16.9,0.0,77.0,55.0,0,29.1
18.5,0.0,70.0,97.0,0,17.5
16.5,22.0,81.0,73.0,1,22.1
16.0,0.0,73.0,70.0,0,18.0
12.4,0.4,86.0,56.0,0,24.0
11.4,2.4,48.0,47.0,1,20.2
11.0,0.0,46.0,34.0,0,25.5
10.6,0.0,67.0,53.0,0,25.1
14.3,2.193101092896175,83.0,40.0,0,30.4
16.8,0.0,72.0,56.0,0,22.3
13.4,0.0,70.0,45.0,0,30.1
19.4,4.8,94.0,65.0,1,28.6
16.6,21.0,96.0,81.0,1,18.7
12.5,1.4,64.0,56.0,1,20.0
13.3,0.2,72.0,53.0,0,27.8
15.7,0.0,70.0,58.0,0,28.4
16.8,0.0,84.0,41.0,0,33.6
16.8,0.0,74.0,27.0,0,36.7
17.1,0.0,71.0,60.0,0,29.6
16.9,0.8,94.0,97.0,0,17.6
16.1,4.2,73.0,66.0,1,21.3
16.9,0.0,78.0,56.0,0,26.5
16.6,0.0,72.0,55.0,0,25.8
16.1,0.0,83.0,86.0,0,23.2
19.1,9.0,87.0,55.0,1,26.8
20.4,2.2,100.0,59.0,1,28.4
20.6,7.0,90.0,67.0,1,25.6
20.1,2.8,90.0,83.0,1,23.7
21.1,4.6,84.0,68.0,1,27.8
22.4,1.0,74.0,57.0,0,27.6
18.2,0.0,71.0,48.0,0,29.2
20.6,4.6,91.0,71.0,1,27.8
18.7,0.0,82.0,59.0,0,30.1
17.6,0.0,76.0,63.0,0,28.2
17.4,0.0,66.0,61.0,0,25.7
18.3,0.0,84.0,58.0,0,27.3
18.8,0.8,67.0,52.0,0,27.8
15.7,0.0,73.0,35.0,0,30.5
16.7,0.0,70.0,51.38185511171293,0,22.522698145025295
17.6,0.0,65.0,51.38185511171293,0,22.522698145025295
16.6,1.2,76.0,49.0,1,29.2
20.5,0.0,70.0,45.0,0,33.1
19.5,0.0,81.0,50.0,0,35.4
22.5,0.0,75.0,46.0,0,35.5
19.0,0.0,76.0,51.0,0,26.4
14.0,0.0,67.0,49.0,0,26.5
12.1,0.0,70.0,26.0,0,34.6
17.0,0.0,62.0,20.0,0,39.2
18.4,0.0,79.0,21.0,0,40.9
23.1,0.0,42.0,38.0,0,37.2
23.9,0.0,81.0,39.0,0,37.9
22.1,0.0,63.0,44.0,0,37.6
21.8,0.0,76.0,21.0,0,40.2
21.8,0.0,64.0,67.0,0,23.2
16.6,0.0,60.0,48.0,0,23.2
14.2,0.0,68.0,52.0,0,25.2
14.8,0.0,57.0,56.0,0,24.3
14.9,0.0,84.0,44.0,0,30.2
16.3,0.0,76.0,30.0,0,35.4
21.6,0.2,81.0,71.0,0,21.5
18.2,19.8,91.0,73.0,1,21.8
17.8,0.0,69.0,77.0,0,19.9
14.6,0.0,75.0,61.0,0,23.6
17.8,1.0,80.0,57.0,0,26.3
19.4,1.4,97.0,59.0,1,29.8
19.7,4.4,88.0,66.0,1,26.9
20.2,0.2,85.0,35.0,0,36.8
23.6,0.0,65.0,34.0,0,35.5
18.4,0.0,78.0,55.0,0,26.0
15.6,0.2,59.0,48.0,0,22.4
12.5,0.0,72.0,40.0,0,25.5
12.5,0.0,80.0,29.0,0,29.7
12.8,0.0,75.0,33.0,0,31.4
16.7,0.0,81.0,27.0,0,33.1
16.6,0.0,90.0,54.0,0,27.8
20.4,0.4,89.0,58.0,0,28.1
18.7,0.6,62.0,24.0,0,33.7
16.4,0.0,74.0,64.0,0,20.6
12.9,0.0,76.0,16.0,0,31.5
16.6,0.0,71.0,16.0,0,31.1
15.4,0.2,72.0,60.0,0,20.4
13.9,0.2,48.0,42.0,0,22.4
12.0,0.0,65.0,48.0,0,25.6
12.1,0.0,80.0,32.0,0,31.0
16.4,0.0,85.0,39.0,0,29.1
17.1,0.0,67.0,61.0,0,24.7
18.4,0.0,87.0,59.0,0,27.1
16.7,0.8,83.0,45.0,0,29.8
17.3,0.0,93.0,37.0,0,33.8
17.1,0.0,74.0,68.0,0,23.4
16.6,0.2,85.0,53.0,0,25.7
15.2,0.8,87.0,59.0,0,26.0
18.1,16.6,89.0,70.0,1,23.8
18.1,0.2,75.0,69.0,0,23.0
17.4,3.0,95.0,91.0,1,20.5
17.8,25.8,99.0,92.0,1,21.0
18.7,17.2,98.0,72.0,1,25.6
19.2,13.2,96.0,47.0,1,30.0
16.9,0.2,83.0,36.0,0,29.5
13.1,0.2,58.0,35.0,0,26.0
12.7,0.0,56.0,40.0,0,25.9
14.0,0.0,62.0,54.0,0,21.0
13.2,0.0,74.0,68.0,0,20.5
13.7,1.2,82.0,70.0,1,21.4
14.2,0.0,97.0,53.0,0,25.7
13.4,0.0,87.0,71.0,0,21.9
16.7,2.6,76.0,72.0,1,18.9
11.7,8.2,84.0,49.0,1,22.4
9.3,0.0,100.0,68.0,0,18.7
11.0,0.2,97.0,68.0,0,18.3
10.6,0.0,66.0,49.0,0,21.0
8.6,0.2,67.0,49.0,0,17.6
7.3,0.0,68.0,41.0,0,18.6
5.7,0.0,85.0,46.0,0,19.6
2.4,0.0,83.0,35.0,0,20.7
6.0,0.0,59.0,55.0,0,16.4
7.9,0.0,54.0,37.0,0,17.5
0.0,0.0,99.0,39.0,0,14.3
3.1,0.0,52.0,33.0,0,15.3
1.7,0.0,69.0,41.0,0,19.3
8.4,0.2,49.0,34.0,0,16.2
0.7,0.0,66.0,35.0,0,18.8
-0.1,0.0,81.0,30.0,0,20.2
2.2,0.0,77.0,43.0,0,19.4
2.9,0.0,86.0,45.0,0,20.2
5.1,0.0,100.0,55.0,0,20.6
5.0,0.0,100.0,42.0,0,22.4
5.7,0.0,80.0,42.0,0,23.4
5.9,0.0,100.0,50.0,0,21.7
10.8,3.0,92.0,41.0,1,20.5
6.5,0.0,56.0,67.0,0,15.6
9.5,1.2,58.0,52.0,1,15.5
9.4,0.0,54.0,43.0,0,19.2
3.2,0.0,80.0,47.0,0,16.6
2.9,0.0,79.0,58.0,0,17.4
7.3,0.0,93.0,72.0,0,15.9
10.6,4.4,99.0,96.0,1,13.4
12.4,34.8,96.0,79.0,1,17.9
12.3,32.8,86.0,75.0,1,17.0
12.0,3.2,89.0,58.0,1,18.6
6.8,0.0,92.0,49.0,0,20.3
6.2,0.0,98.0,69.0,0,17.1
5.0,0.0,78.0,45.0,0,17.1
2.9,0.0,63.0,46.0,0,15.5
0.8,0.0,98.0,45.0,0,13.7
3.2,0.0,53.0,39.0,0,11.8
3.8,0.4,55.0,45.0,0,15.0
6.7,0.0,54.0,64.0,0,13.6
6.6,0.0,68.0,66.0,0,14.4
9.8,0.8,84.0,64.0,0,15.3
9.4,0.0,79.0,94.0,0,13.4
10.7,8.8,86.0,90.0,1,13.5
10.8,7.8,80.0,77.0,1,15.2
11.0,7.2,82.0,57.0,1,16.5
3.1,0.0,99.0,47.0,0,15.8
6.0,0.0,56.0,47.0,0,16.2
1.9,0.0,87.0,43.0,0,18.1
1.8,0.0,88.0,45.0,0,17.7
6.6,0.0,71.0,60.0,0,12.2
2.9,0.0,64.0,42.0,0,14.6
2.4,0.0,75.0,42.0,0,18.3
0.8,0.0,90.0,48.0,0,17.1
2.3,0.0,100.0,57.0,0,17.9
-0.4,0.2,100.0,42.0,0,18.9
0.5,0.2,99.0,52.0,0,18.4
6.7,0.0,92.0,54.0,0,17.3
9.2,0.0,74.0,89.0,0,13.8
8.9,2.8,93.0,61.0,1,15.5
9.1,0.2,94.0,62.0,0,17.1
8.9,0.6,86.0,59.0,0,17.3
1.9,0.0,100.0,51.0,0,18.2
6.8,0.0,68.0,50.0,0,19.0
11.5,0.0,43.0,34.0,0,15.4
5.6,0.0,48.0,39.0,0,15.4
10.9,0.0,50.0,38.0,0,14.8
-1.4,0.0,81.0,36.0,0,16.5
1.9,0.0,66.0,40.0,0,15.5
-0.6,0.0,49.0,33.0,0,15.2
4.3,0.0,48.0,32.0,0,16.4
-1.7,0.0,84.0,38.0,0,17.4
4.7,0.0,86.0,67.0,0,9.2
3.0,0.0,73.0,35.0,0,13.8
1.1,0.0,71.0,63.0,0,13.8
7.6,0.8,100.0,67.0,0,14.1
8.1,0.2,98.0,66.0,0,15.2
3.0,0.0,100.0,46.0,0,18.5
0.7,0.4,99.0,82.0,0,9.1
2.3,7.4,77.0,61.0,1,16.3
10.4,1.0,86.0,91.0,0,11.2
10.1,28.4,86.0,93.0,1,10.7
7.7,7.4,72.0,74.0,1,13.0
3.7,0.0,85.0,53.0,0,12.9
3.7,0.2,89.0,51.0,0,16.8
0.6,0.0,97.0,42.0,0,16.6
3.6,0.0,71.0,56.0,0,15.2
1.1,0.2,100.0,49.0,0,17.9
0.5,0.0,100.0,34.0,0,19.0
0.5,0.2,100.0,37.0,0,18.6
0.4,0.0,100.0,43.0,0,18.6
3.7,0.0,100.0,42.0,0,21.5
1.7,0.0,100.0,33.0,0,22.3
7.2,0.0,100.0,41.0,0,24.0
4.8,0.0,100.0,37.0,0,25.1
4.2,2.193101092896175,89.0,31.0,0,23.9
3.8,0.0,84.0,51.0,0,21.3
9.0,1.0,100.0,98.0,0,12.8
2.7,5.0,100.0,45.0,1,15.5
2.5,0.0,100.0,47.0,0,14.6
0.3,0.0,100.0,36.0,0,16.5
0.2,0.0,100.0,50.0,0,16.2
5.8,2.4,86.0,52.0,1,17.4
1.5,0.2,100.0,45.0,0,17.7
7.8,0.0,100.0,67.0,0,16.4
4.2,0.2,100.0,61.0,0,16.6
6.0,0.0,100.0,63.0,0,18.0
5.9,0.0,100.0,100.0,0,12.6
8.2,12.8,100.0,38.0,1,16.8
2.9,0.6,100.0,91.0,0,14.9
9.9,20.4,72.0,55.0,1,17.0
8.4,1.0,69.0,57.0,0,16.1
7.8,0.2,85.0,60.0,0,15.6
9.1,0.0,87.0,67.0,0,17.0
7.8,0.2,100.0,52.0,0,18.9
2.8,0.0,100.0,49.0,0,21.2
3.3,0.2,97.0,55.0,0,20.8
8.0,0.2,100.0,72.0,0,18.0
5.4,0.0,100.0,55.0,0,20.3
5.0,0.2,78.0,33.0,0,22.1
8.9,0.0,83.0,64.0,0,17.4
7.4,0.0,92.0,46.0,0,20.6
10.8,0.0,88.0,64.0,0,18.5
9.5,0.0,62.0,54.0,0,16.1
4.6,0.0,95.0,45.0,0,19.9
4.2,0.0,100.0,45.0,0,22.4
9.3,0.0,100.0,41.0,0,23.6
6.3,0.6,95.0,30.0,0,25.6
9.4,1.8,56.0,27.0,1,20.6
8.6,0.0,73.0,64.0,0,16.8
10.8,7.2,100.0,73.0,1,14.0
5.7,2.0,49.0,40.0,1,15.0
5.5,0.2,51.0,40.0,0,17.0
6.1,0.0,48.0,33.0,0,18.5
1.2,0.0,81.0,25.0,0,22.4
3.6,0.0,48.0,20.0,0,24.8
10.0,0.0,76.0,53.0,0,20.7
4.6,0.0,84.0,35.0,0,25.3
7.8,0.0,51.0,32.0,0,27.4
6.1,0.2,100.0,55.0,0,21.8
13.4,0.0,71.0,50.0,0,25.5
8.8,0.0,38.0,31.0,0,21.3
5.6,0.0,43.0,25.0,0,23.3
5.6,0.0,50.0,33.0,0,23.5
4.7,0.0,72.0,16.0,0,29.7
12.8,0.2,88.0,72.0,0,16.4
11.2,22.2,100.0,100.0,1,11.7
9.6,22.6,68.0,55.0,1,17.2
6.4,0.2,76.0,44.0,0,20.1
7.5,0.2,90.0,100.0,0,15.0
14.2,10.8,100.0,41.0,1,17.3
10.1,0.2,50.0,39.0,0,17.4
5.1,0.0,65.0,54.0,0,15.8
9.5,4.6,100.0,62.0,1,16.2
7.7,10.8,75.0,49.0,1,17.3
6.9,0.2,73.0,56.0,0,18.0
7.3,0.0,83.0,47.0,0,18.3
10.0,0.0,84.0,70.0,0,16.3
12.3,1.6,100.0,73.0,1,20.6
14.7,5.4,100.0,99.0,1,17.1
9.8,3.8,100.0,40.0,1,20.2
6.7,0.0,100.0,39.0,0,21.3
8.9,0.0,52.0,31.0,0,21.3
4.9,0.0,68.0,53.0,0,19.8
12.6,0.0,77.0,56.0,0,20.4
12.9,0.0,95.0,99.0,0,16.2
14.4,0.0,100.0,52.0,0,25.1
13.2,0.0,49.0,28.0,0,25.6
5.5,0.0,64.0,44.0,0,20.4
11.4,0.0,58.0,44.0,0,21.1
6.8,0.0,81.0,33.0,0,24.4
6.8,0.0,86.0,23.0,0,27.6
10.2,0.0,67.0,28.0,0,29.6
10.5,0.0,83.0,35.0,0,28.6
12.9,0.0,78.0,31.0,0,29.3
12.9,0.0,73.0,24.0,0,32.4
17.7,0.8,100.0,100.0,0,15.7
11.5,12.0,92.0,73.0,1,15.4
10.9,1.4,84.0,76.0,1,16.7
12.5,0.0,83.0,61.0,0,23.4
13.7,0.0,92.0,68.0,0,26.5
15.4,1.8,100.0,27.0,1,26.8
9.8,0.2,55.0,51.0,0,21.1
13.7,0.0,65.0,51.38185511171293,0,22.522698145025295
10.4,2.193101092896175,85.0,46.0,0,23.6
13.4,4.4,100.0,80.0,1,15.7
12.9,5.6,64.0,50.0,1,21.9
12.8,0.2,68.0,42.0,0,27.1
12.9,0.0,79.0,45.0,0,28.7
18.3,0.0,64.0,64.0,0,24.4
17.4,2.193101092896175,100.0,43.0,0,31.6
17.1,9.0,100.0,53.0,1,31.6
19.9,0.0,78.0,33.0,0,27.6
14.4,0.0,73.0,43.0,0,24.8
15.7,0.0,79.0,41.0,0,28.6
14.6,0.0,79.0,60.0,0,25.7
14.9,0.0,100.0,19.0,0,35.3
14.2,0.0,63.0,43.0,0,28.8
12.8,0.0,69.0,72.0,0,19.5
14.7,11.0,100.0,100.0,1,17.0
16.0,5.2,82.0,62.0,1,25.7
17.9,0.0,91.0,37.0,0,34.0
18.4,0.0,73.0,35.0,0,29.4
11.4,0.8,76.0,63.0,0,21.9
17.1,4.2,100.0,92.0,1,17.5
13.6,31.0,100.0,100.0,1,15.8
13.7,14.0,84.0,88.0,1,15.9
13.4,7.8,100.0,90.0,1,18.1
14.7,43.2,100.0,56.0,1,28.2
15.7,3.2,49.0,43.0,1,27.8
13.2,0.0,66.0,34.0,0,30.3
15.4,0.0,82.0,54.0,0,30.1
19.8,0.0,90.0,45.0,0,28.9
13.4,2.0,59.0,48.0,1,20.0
11.6,0.2,56.0,51.0,0,19.0
9.3,0.0,57.0,38.0,0,23.1
10.3,0.0,70.0,82.0,0,15.3
8.7,6.4,59.0,64.0,1,15.9
11.3,0.2,75.0,61.0,0,17.7
9.1,0.0,65.0,53.0,0,20.5
14.6,15.8,99.0,100.0,1,16.8
13.5,11.2,74.0,60.0,1,23.6
15.2,0.0,85.0,66.0,0,23.6
14.5,0.0,73.0,90.0,0,20.6
15.9,15.2,100.0,82.0,1,18.9
15.7,3.4,70.0,53.0,1,21.7
11.7,3.0,65.0,54.0,1,21.2
14.3,0.0,64.0,55.0,0,23.2
10.7,0.0,69.0,63.0,0,19.4
14.7,0.0,66.0,51.0,0,22.9
12.2,0.0,84.0,52.0,0,23.5
16.2,1.8,96.0,75.0,1,23.2
16.8,32.8,76.0,63.0,1,22.8
17.0,0.0,81.0,63.0,0,22.7
16.4,0.6,98.0,78.0,0,21.4
17.3,5.8,96.0,66.0,1,25.0
17.3,0.2,89.0,58.0,0,28.1
16.0,0.2,89.0,53.0,0,28.9
17.1,0.0,78.0,63.0,0,26.7
18.6,0.8,70.0,56.0,0,22.7
16.3,0.0,55.0,48.0,0,24.0
14.1,0.0,65.0,55.0,0,23.9
13.2,0.0,70.0,53.0,0,24.1
12.0,0.0,78.0,63.0,0,23.5
11.7,0.2,75.0,38.0,0,28.9
13.6,0.0,71.0,40.0,0,29.7
15.5,0.0,76.0,42.0,0,31.3
17.9,0.0,73.0,33.0,0,33.0
18.0,0.0,64.0,57.0,0,26.3
17.8,1.8,76.0,63.0,1,19.8
11.4,0.0,74.0,48.0,0,27.4
17.0,0.0,89.0,66.0,0,28.9
19.1,6.4,58.0,33.0,1,29.9
14.6,0.2,44.0,32.0,0,28.6
16.7,0.0,40.0,28.0,0,26.1
8.9,0.0,46.0,39.0,0,23.7
9.5,0.0,59.0,39.0,0,27.4
17.0,0.8,79.0,68.0,0,21.2
16.9,13.0,86.0,65.0,1,23.3
16.8,10.6,89.0,82.0,1,22.4
15.7,2.2,80.0,41.0,1,26.9
17.3,0.2,70.0,50.0,0,28.8
17.8,0.0,87.0,60.0,0,27.5
18.4,0.0,66.0,58.0,0,26.7
19.3,0.0,88.0,76.0,0,22.7
17.3,4.2,78.0,57.0,1,23.6
15.7,1.4,75.0,57.0,1,23.0
15.3,1.0,79.0,72.0,0,22.4
18.9,6.8,100.0,100.0,1,20.7
19.5,61.4,92.0,71.0,1,26.5
19.2,8.0,95.0,81.0,1,22.6
18.0,2.193101092896175,75.0,68.0,0,25.6
17.2,0.0,80.0,56.0,0,26.7
20.9,1.6,83.0,52.0,1,32.7
21.4,0.0,54.0,63.0,0,26.4
15.8,4.0,97.0,100.0,1,18.1
15.9,8.8,100.0,100.0,1,17.1
15.6,20.4,100.0,100.0,1,19.6
16.9,14.4,96.0,61.0,1,26.9
15.4,0.0,100.0,52.0,0,30.0
17.3,0.0,83.0,64.0,0,23.9
17.4,0.0,90.0,82.0,0,21.0
17.7,0.6,83.0,68.0,0,22.5
17.1,1.0,84.0,95.0,0,20.7
16.6,48.2,100.0,69.0,1,24.4
16.8,7.0,91.0,96.0,1,17.9
13.2,6.6,91.0,88.0,1,20.0
16.4,0.2,76.0,75.0,0,23.1
16.2,5.2,84.0,64.0,1,23.2
15.0,0.2,89.0,57.0,0,24.0
14.2,0.0,83.0,45.0,0,27.7
14.8,0.0,86.0,65.0,0,22.8
16.4,7.2,76.0,57.0,1,27.5
17.5,0.0,79.0,51.0,0,29.4
17.5,48.6,92.0,59.0,1,27.6
17.5,14.6,86.0,55.0,1,26.2
14.7,0.0,79.0,50.0,0,25.5
14.0,0.0,90.0,45.0,0,29.0
15.7,0.0,86.0,40.0,0,30.7
14.4,0.0,100.0,49.0,0,28.3
19.2,0.0,85.0,74.0,0,25.5
20.4,0.0,82.0,56.0,0,31.1
21.7,0.0,84.0,53.0,0,29.6
19.7,6.2,97.0,96.0,1,20.6
18.3,38.4,100.0,72.0,1,26.9
16.8,10.0,95.0,96.0,1,17.9
15.8,18.2,96.0,91.0,1,18.8
16.8,1.8,86.0,63.0,1,27.8
17.0,7.8,67.0,55.0,1,25.4
16.9,0.0,78.0,67.0,0,21.5
13.7,0.2,69.0,82.0,0,17.6
14.0,67.8,89.0,89.0,1,17.2
11.7,5.4,88.0,50.0,1,26.0
12.9,0.0,88.0,55.0,0,25.2
14.7,0.0,74.0,54.0,0,26.3
15.9,0.0,88.0,67.0,0,25.3
13.9,0.0,92.0,51.0,0,26.5
14.6,0.0,96.0,59.0,0,26.9
18.4,0.0,89.0,60.0,0,27.4
19.3,0.0,92.0,63.0,0,28.3
18.6,39.2,98.0,81.0,1,21.0
14.6,2.0,70.0,62.0,1,22.3
14.9,0.4,82.0,69.0,0,21.8
15.6,1.8,86.0,60.0,1,23.5
17.6,0.0,89.0,68.0,0,24.9
16.6,0.0,82.0,78.0,0,18.5
14.2,3.6,87.0,41.0,1,24.3
8.1,0.0,57.0,38.0,0,23.4
10.5,0.0,82.0,61.0,0,20.5
13.2,0.0,89.0,59.0,0,24.1
15.2,0.0,92.0,50.0,0,25.8
16.9,0.0,98.0,66.0,0,22.6
13.8,1.2,100.0,50.0,1,27.0
12.9,0.2,100.0,53.0,0,24.7
11.9,0.0,100.0,45.0,0,26.9
11.7,0.0,73.0,54.0,0,25.8
14.4,6.0,80.0,51.0,1,26.2
12.5,0.2,100.0,39.0,0,28.3
14.6,0.0,85.0,56.0,0,26.0
15.4,0.0,75.0,53.0,0,25.9
14.4,0.0,75.0,49.0,0,25.4
13.4,0.0,84.0,62.0,0,22.8
16.8,0.0,74.0,68.0,0,23.2
8.4,0.0,49.0,35.0,0,23.1
7.4,0.6,52.0,40.0,0,17.5
8.2,0.2,57.0,51.0,0,18.6
11.6,0.0,68.0,54.0,0,20.7
7.2,0.2,84.0,47.0,0,25.0
10.0,0.0,76.0,53.0,0,24.2
12.6,0.0,74.0,38.0,0,25.0
11.7,0.0,76.0,42.0,0,23.4
14.1,0.0,81.0,69.0,0,20.2
16.0,31.8,99.0,100.0,1,18.0
16.9,82.4,93.0,58.0,1,24.8
14.1,0.6,100.0,54.0,0,26.3
15.3,0.0,98.0,65.0,0,23.6
12.7,1.2,100.0,92.0,1,19.3
14.9,1.6,99.0,100.0,1,18.0
13.1,4.2,100.0,57.0,1,17.8
5.8,0.4,60.0,44.0,0,18.0
10.0,0.0,63.0,47.0,0,20.5
9.1,0.0,83.0,53.0,0,21.3
10.4,0.0,97.0,59.0,0,22.5
9.3,0.0,65.0,62.0,0,16.6
8.4,0.0,82.0,63.0,0,17.9
7.6,0.0,92.0,49.0,0,20.6
7.1,0.0,93.0,62.0,0,21.2
10.1,1.0,89.0,47.0,0,21.3
8.1,0.0,57.0,41.0,0,19.8
7.5,0.0,70.0,52.0,0,19.9
3.9,0.0,80.0,36.0,0,19.5
5.7,0.0,96.0,55.0,0,16.8
4.5,0.0,87.0,41.0,0,22.4
4.8,0.0,81.0,38.0,0,24.8
7.3,0.0,85.0,44.0,0,25.6
9.3,0.0,99.0,38.0,0,26.3
8.5,0.0,71.0,37.0,0,17.9
8.1,0.0,51.0,47.0,0,15.7
2.8,0.0,67.0,47.0,0,15.3
4.0,0.0,69.0,46.0,0,18.5
5.9,0.0,80.0,42.0,0,19.4
4.1,0.2,100.0,48.0,0,19.1
4.2,0.0,100.0,44.0,0,20.4
2.4,0.2,100.0,34.0,0,20.7
6.0,0.0,78.0,68.0,0,16.7
6.1,0.0,100.0,56.0,0,19.3
2.1,0.2,99.0,39.0,0,20.1
1.0,0.0,100.0,39.0,0,20.5
1.5,0.0,100.0,99.0,0,10.0
8.4,11.4,100.0,43.0,1,16.1
3.1,0.0,50.0,50.0,0,14.9
3.7,0.0,82.0,47.0,0,17.2
6.1,0.0,78.0,49.0,0,17.1
8.4,0.0,79.0,66.0,0,17.0
6.6,0.0,91.0,52.0,0,18.1
7.7,0.0,73.0,51.0,0,19.7
9.0,0.0,100.0,70.0,0,17.1
11.7,0.6,100.0,97.0,0,14.3
12.7,16.0,100.0,91.0,1,15.0
9.3,0.2,100.0,56.0,0,17.2
5.6,0.0,82.0,94.0,0,9.4
9.3,13.2,80.0,73.0,1,13.2
6.1,0.2,72.0,45.0,0,16.1
1.3,0.2,91.0,45.0,0,15.7
1.8,0.0,93.0,48.0,0,15.9
4.8,0.2,87.0,69.0,0,14.9
10.0,11.6,97.0,99.0,1,12.5
10.3,30.8,91.0,83.0,1,15.5
9.3,4.6,85.0,79.0,1,14.5
8.5,0.8,100.0,65.0,0,17.6
6.7,0.0,100.0,61.0,0,19.6
5.8,0.2,99.0,99.0,0,11.6
4.9,6.8,79.0,49.0,1,16.5
2.8,0.0,83.0,48.0,0,17.2
2.2,0.0,85.0,47.0,0,17.9
1.4,0.0,99.0,52.0,0,15.1
0.3,0.0,99.0,59.0,0,16.8
4.3,0.0,50.0,59.0,0,14.2
2.2,0.0,80.0,37.0,0,15.5
0.4,0.0,84.0,44.0,0,16.3
-0.3,0.0,92.0,44.0,0,18.5
4.4,0.0,90.0,87.0,0,11.6
6.4,0.8,89.0,69.0,0,14.4
5.6,0.0,94.0,65.0,0,16.0
7.6,0.0,100.0,59.0,0,19.3
2.3,0.0,100.0,47.0,0,17.2
2.8,0.0,96.0,47.0,0,13.8
-0.2,0.0,85.0,45.0,0,14.2
1.0,0.0,78.0,42.0,0,15.0
4.6,0.0,61.0,46.0,0,14.3
5.5,0.0,63.0,57.0,0,14.8
8.1,1.2,75.0,54.0,1,13.7
4.3,0.0,75.0,58.0,0,15.0
5.9,0.0,97.0,55.0,0,17.2
2.1,0.0,100.0,59.0,0,17.2
3.3,0.0,100.0,83.0,0,13.4
6.7,8.0,83.0,45.0,1,19.3
6.3,0.2,95.0,97.0,0,13.4
7.3,2.0,100.0,71.0,1,20.7
4.5,0.0,87.0,41.0,0,18.0
2.4,0.0,70.0,45.0,0,16.1
2.8,0.0,78.0,45.0,0,18.8
1.4,0.0,100.0,45.0,0,19.5
2.0,0.0,100.0,44.0,0,18.4
3.8,0.0,70.0,51.0,0,14.9
1.9,0.0,75.0,38.0,0,16.4
5.7,0.0,72.0,48.0,0,16.1
6.4,0.0,76.0,91.0,0,12.5
8.5,3.6,90.0,69.0,1,14.7
8.9,2.0,88.0,71.0,1,14.6
4.5,0.2,100.0,57.0,0,17.5
5.3,0.0,100.0,57.0,0,18.1
2.3,0.6,100.0,45.0,0,15.6
2.6,0.0,73.0,46.0,0,16.4
2.6,0.0,74.0,42.0,0,15.9
4.4,0.0,61.0,37.0,0,15.2
2.4,0.0,65.0,46.0,0,13.4
3.2,0.0,72.0,40.0,0,15.2
2.9,0.0,67.0,37.0,0,16.5
1.8,0.0,87.0,36.0,0,17.7
-0.9,0.0,89.0,32.0,0,19.4
-0.6,0.0,92.0,31.0,0,19.6
6.3,0.0,42.0,31.0,0,16.6
-0.7,0.0,75.0,33.0,0,17.3
-1.1,0.0,74.0,31.0,0,20.9
4.7,0.0,76.0,28.0,0,17.5
5.4,0.0,46.0,34.0,0,16.3
7.2,0.0,51.0,47.0,0,16.0
9.5,0.0,55.0,50.0,0,14.0
5.7,0.0,64.0,42.0,0,18.1
0.5,0.0,84.0,43.0,0,17.6
0.9,0.0,83.0,24.0,0,23.2
4.9,0.0,56.0,38.0,0,19.1
1.1,0.0,62.0,44.0,0,13.7
6.2,0.0,48.0,42.0,0,17.3
5.7,0.0,57.0,36.0,0,19.3
0.8,0.0,67.0,37.0,0,17.9
4.1,0.0,72.0,29.0,0,20.6
4.0,0.0,75.0,33.0,0,24.3
7.8,0.0,51.0,34.0,0,25.4
9.6,3.0,50.0,31.0,1,18.4
4.1,0.0,50.0,35.0,0,18.6
2.8,0.2,52.0,36.0,0,17.7
0.6,0.0,64.0,36.0,0,18.6
1.0,2.193101092896175,81.0,33.0,0,20.0
2.0,2.193101092896175,88.0,41.0,0,21.1
5.2,0.0,60.0,27.0,0,19.1
6.5,0.0,45.0,33.0,0,15.2
-0.2,0.0,49.0,36.0,0,17.2
4.1,0.0,62.0,33.0,0,20.1
0.9,0.0,56.0,24.0,0,22.4
2.2,0.0,61.0,21.0,0,25.0
1.8,0.0,58.0,14.0,0,27.0
13.1,0.0,25.0,15.0,0,25.7
7.6,0.0,28.0,31.0,0,17.3
5.7,0.0,45.0,35.0,0,19.1
6.5,0.0,45.0,29.0,0,21.6
2.3,0.0,65.0,25.0,0,25.1
6.1,0.0,68.0,51.0,0,20.5
5.8,0.0,76.0,41.0,0,24.2
5.0,0.0,86.0,78.0,0,14.6
2.2,2.6,59.0,29.0,1,19.2
3.4,0.0,58.0,43.0,0,18.5
4.5,0.0,61.0,39.0,0,22.1
8.3,0.0,68.0,60.0,0,19.0
7.0,0.6,100.0,50.0,0,20.1
5.5,2.0,75.0,38.0,1,21.5
7.3,0.0,68.0,37.0,0,23.6
8.5,0.0,97.0,33.0,0,25.5
6.0,0.0,53.0,50.0,0,21.2
4.9,0.0,76.0,26.0,0,27.6
7.3,0.0,35.0,23.0,0,22.4
4.8,0.0,50.0,58.0,0,18.7
10.4,0.2,67.0,45.0,0,23.2
7.9,0.0,82.0,37.0,0,27.3
12.2,0.0,52.0,26.0,0,31.9
15.8,9.4,55.0,35.0,1,19.1
6.5,0.0,35.0,28.0,0,20.2
4.5,0.0,57.0,32.0,0,21.2
8.0,0.0,56.0,32.0,0,22.4
5.0,0.0,61.0,22.0,0,28.7
7.8,0.0,48.0,17.0,0,31.1
10.6,0.0,35.0,37.0,0,29.0
14.7,0.0,94.0,86.0,0,16.4
10.1,5.6,57.0,27.0,1,21.5
11.1,0.0,57.0,52.0,0,18.0
10.3,2.4,78.0,48.0,1,18.8
4.9,0.0,79.0,27.0,0,23.7
11.7,6.2,97.0,56.0,1,18.8
6.1,9.8,92.0,72.0,1,15.4
4.2,18.4,73.0,42.0,1,19.4
8.0,0.2,75.0,40.0,0,20.4
6.2,0.0,78.0,27.0,0,27.5
9.3,0.0,74.0,14.0,0,31.7
12.4,0.0,34.0,48.0,0,22.4
14.3,0.0,65.0,48.0,0,23.4
12.0,0.0,95.0,32.0,0,30.0
10.1,0.0,49.0,12.0,0,33.4
9.5,0.0,81.0,27.0,0,26.6
8.7,0.0,74.0,34.0,0,17.8
8.8,0.2,57.0,36.0,0,19.6
5.2,0.0,67.0,29.0,0,25.5
7.9,0.0,77.0,18.0,0,33.0
13.5,0.0,78.0,59.0,0,21.7
8.5,0.0,41.0,39.0,0,20.4
10.9,0.0,62.0,44.0,0,20.0
8.0,0.0,64.0,35.0,0,24.2
9.4,0.0,61.0,37.0,0,26.4
11.3,0.0,64.0,31.0,0,30.6
12.4,0.0,61.0,19.0,0,32.8
11.7,0.0,46.0,36.0,0,21.1
11.6,0.0,83.0,77.0,0,15.8
11.4,0.0,67.0,48.0,0,26.0
11.4,0.2,76.0,35.0,0,31.7
17.3,0.6,74.0,38.0,0,31.9
18.5,0.2,80.0,56.0,0,25.7
16.7,1.4,76.0,53.0,1,25.7
15.6,12.4,91.0,32.0,1,29.0
13.5,0.0,69.0,57.0,0,17.5
8.4,0.0,55.0,39.0,0,22.1
7.3,0.0,66.0,30.0,0,27.8
11.7,0.0,50.0,53.0,0,20.9
13.7,2.6,95.0,72.0,1,18.5
13.8,0.4,84.0,46.0,0,26.8
16.3,1.0,88.0,81.0,0,17.3
13.6,13.0,75.0,51.0,1,21.8
13.3,0.0,64.0,42.0,0,26.6
8.6,0.0,45.0,46.0,0,20.4
13.4,1.4,58.0,48.0,1,21.4
8.4,0.0,64.0,34.0,0,26.8
16.0,0.0,63.0,64.0,0,18.3
13.4,0.0,66.0,50.0,0,22.3
14.9,0.0,69.0,47.0,0,27.9
15.8,0.0,65.0,31.0,0,34.3
17.0,0.0,78.0,60.0,0,26.6
19.2,2.4,82.0,71.0,1,24.0
16.9,10.0,91.0,83.0,1,21.6
18.2,2.8,88.0,58.0,1,28.8
18.1,0.2,73.0,36.0,0,35.9
17.6,0.0,73.0,36.0,0,35.0
16.6,0.0,71.0,66.0,0,21.2
15.9,0.0,64.0,44.0,0,27.1
14.0,0.0,70.0,37.0,0,33.1
14.7,0.0,69.0,23.0,0,36.6
17.7,0.0,75.0,39.0,0,32.6
20.5,0.0,68.0,42.0,0,31.1
16.3,0.0,58.0,17.0,0,39.5
20.1,0.0,62.0,50.0,0,23.1
18.4,0.0,64.0,52.0,0,25.9
17.9,0.0,62.0,31.0,0,35.9
18.8,0.0,58.0,34.0,0,36.4
20.2,0.0,75.0,79.0,0,21.6
15.7,5.2,66.0,40.0,1,23.9
12.9,0.0,59.0,38.0,0,25.8
14.2,0.0,69.0,33.0,0,33.5
17.0,0.0,71.0,40.0,0,34.3
19.3,0.0,65.0,15.0,0,43.7
20.2,0.8,63.0,81.0,0,19.6
18.5,0.8,73.0,61.0,0,22.9
19.2,1.4,91.0,54.0,1,27.6
16.6,0.0,76.0,53.0,0,28.1
19.7,1.4,77.0,59.0,1,25.0
19.9,0.0,64.0,43.0,0,30.8
18.7,0.0,78.0,44.0,0,33.0
21.0,0.0,75.0,54.0,0,30.6
19.2,35.4,100.0,86.0,1,22.4
20.0,6.8,100.0,100.0,1,21.3
18.3,116.0,89.0,75.0,1,24.9
19.0,0.0,79.0,61.0,0,26.2
19.2,0.4,84.0,51.0,0,31.6
15.3,30.6,96.0,92.0,1,16.6
14.5,18.0,85.0,73.0,1,19.3
16.4,4.8,79.0,62.0,1,23.0
17.6,3.0,89.0,52.0,1,24.3
16.6,0.2,83.0,52.0,0,26.7
15.6,0.0,89.0,52.0,0,26.5
14.9,0.0,92.0,47.0,0,27.9
15.8,0.0,91.0,50.0,0,26.4
16.4,0.0,90.0,44.0,0,28.6
15.9,0.0,88.0,48.0,0,28.1
17.2,0.0,95.0,54.0,0,27.4
17.0,0.0,88.0,55.0,0,24.9
13.9,0.0,89.0,41.0,0,29.1
16.8,0.0,85.0,68.0,0,24.8
19.2,0.2,78.0,68.0,0,24.1
18.1,0.0,91.0,49.0,0,29.5
16.2,0.0,62.0,34.0,0,23.0
11.0,0.0,60.0,36.0,0,22.6
9.5,0.0,70.0,39.0,0,24.2
11.6,0.0,84.0,43.0,0,25.5
12.7,0.0,93.0,45.0,0,28.4
16.5,0.0,64.0,47.0,0,31.1
18.7,0.0,61.0,49.0,0,28.9
17.5,0.0,81.0,41.0,0,31.0
12.3,0.0,64.0,41.0,0,29.1
15.6,0.0,94.0,57.0,0,27.2
18.3,0.0,92.0,53.0,0,30.2
17.0,0.0,89.0,44.0,0,29.8
13.2,4.0,65.0,54.0,1,21.0
10.9,0.0,75.0,45.0,0,25.0
14.7,0.0,77.0,44.0,0,24.1
14.6,0.0,72.0,47.0,0,24.9
11.1,0.0,83.0,35.0,0,25.8
13.2,0.8,100.0,67.0,0,17.3
14.3,8.6,98.0,87.0,1,17.9
14.5,5.4,92.0,78.0,1,19.1
13.3,1.4,100.0,62.0,1,20.9
11.2,3.2,83.0,51.0,1,23.5
10.9,11.4,85.0,65.0,1,22.4
12.7,0.2,86.0,72.0,0,21.6
10.2,3.0,88.0,49.0,1,24.1
10.3,0.4,82.0,36.0,0,26.5
13.1,0.0,79.0,47.0,0,25.0
10.2,0.0,91.0,44.0,0,25.6
10.8,0.0,81.0,35.0,0,29.1
11.6,0.0,90.0,41.0,0,27.0
15.4,21.0,98.0,71.0,1,19.6
12.0,0.2,81.0,67.0,0,20.6
12.9,0.2,81.0,71.0,0,20.8
11.0,0.0,56.0,41.0,0,18.4
12.5,4.6,89.0,69.0,1,18.0
8.9,18.2,72.0,47.0,1,20.4
11.3,0.8,91.0,41.0,0,22.9
7.6,0.0,69.0,44.0,0,22.9
6.7,0.0,68.0,40.0,0,22.0
6.6,0.0,65.0,44.0,0,23.0
6.4,0.0,73.0,37.0,0,25.4
8.2,0.0,70.0,41.0,0,24.3
7.4,0.2,86.0,30.0,0,28.5
9.1,0.0,67.0,36.0,0,27.9
15.4,0.0,89.0,72.0,0,21.0
16.1,0.0,82.0,57.0,0,24.8
9.1,0.0,57.0,53.0,0,17.6
6.3,0.0,77.0,48.0,0,21.2
8.1,0.0,76.0,63.0,0,19.8
9.1,0.0,59.0,46.0,0,17.6
6.5,0.0,63.0,58.0,0,17.9
9.9,0.0,75.0,64.0,0,18.6
8.2,0.0,100.0,56.0,0,21.1
7.0,0.2,100.0,49.0,0,22.9
5.8,0.0,100.0,47.0,0,22.6
7.5,0.0,85.0,68.0,0,21.1
9.6,0.2,100.0,53.0,0,21.7
8.5,0.0,100.0,71.0,0,18.9
12.2,1.8,61.0,36.0,1,18.3
2.3,0.0,78.0,41.0,0,18.5
8.3,0.0,64.0,44.0,0,18.3
8.8,0.0,53.0,41.0,0,17.2
5.9,0.0,52.0,38.0,0,17.9
2.6,0.0,67.0,36.0,0,17.9
3.4,0.0,87.0,47.0,0,18.4
3.1,0.0,82.0,41.0,0,20.4
4.3,0.0,81.0,74.0,0,13.6
9.6,18.2,97.0,92.0,1,14.5
11.0,24.8,78.0,67.0,1,16.7
9.2,0.8,76.0,42.0,0,19.5
2.8,0.0,91.0,46.0,0,19.0
5.5,0.2,85.0,55.0,0,18.5
10.1,5.0,99.0,73.0,1,17.6
9.5,0.8,100.0,83.0,0,16.8
7.2,0.2,100.0,65.0,0,20.4
5.8,0.2,100.0,56.0,0,22.2
8.1,0.0,100.0,73.0,0,17.9
12.7,11.2,100.0,66.0,1,14.8
8.9,5.4,57.0,40.0,1,17.5
4.5,0.0,75.0,56.0,0,19.2
5.6,0.0,100.0,77.0,0,16.6
8.1,0.0,100.0,80.0,0,15.0
10.8,0.2,96.0,59.0,0,19.9
8.8,0.0,79.0,67.0,0,16.1
5.9,0.0,100.0,62.0,0,17.8
4.3,0.0,100.0,100.0,0,13.8
3.0,3.0,100.0,64.0,1,17.3
5.7,0.0,100.0,100.0,0,13.7
6.6,7.2,100.0,58.0,1,17.3
5.1,0.0,98.0,55.0,0,16.5
11.0,0.2,58.0,47.0,0,17.2
5.0,0.0,75.0,47.0,0,17.4
2.9,0.0,72.0,54.0,0,15.9
1.5,0.2,100.0,55.0,0,14.7
7.9,0.2,67.0,52.0,0,15.1
6.9,0.0,73.0,58.0,0,14.5
4.9,0.0,99.0,61.0,0,14.4
4.7,0.0,90.0,91.0,0,12.3
9.1,9.4,100.0,82.0,1,12.7
9.1,14.4,91.0,85.0,1,13.1
8.9,17.8,100.0,100.0,1,12.4
10.4,38.2,100.0,67.0,1,17.4
11.5,4.4,100.0,88.0,1,15.7
10.4,0.2,100.0,100.0,0,13.9
11.2,30.2,100.0,100.0,1,12.8
10.0,9.8,91.0,82.0,1,14.4
6.6,0.2,96.0,49.0,0,18.4
3.6,0.0,100.0,54.0,0,17.9
3.7,0.2,92.0,56.0,0,17.4
0.5,0.2,100.0,43.0,0,20.7
5.8,0.0,50.0,30.0,0,16.8
2.0,0.0,73.0,38.0,0,15.8
0.6,0.0,81.0,45.0,0,16.9
0.5,0.0,100.0,46.0,0,16.7
4.0,0.0,78.0,72.0,0,12.5
7.3,0.0,92.0,67.0,0,14.9
3.1,0.0,100.0,62.0,0,16.5
2.5,0.2,100.0,53.0,0,17.5
4.3,0.2,100.0,69.0,0,15.5
5.4,0.0,100.0,57.0,0,17.6
10.3,0.8,100.0,99.0,0,14.6
9.2,0.2,100.0,67.0,0,19.6
9.1,0.2,100.0,59.0,0,21.8
7.5,0.0,100.0,69.0,0,20.0
10.8,0.0,94.0,80.0,0,16.9
6.1,0.2,90.0,42.0,0,17.4
4.0,0.0,51.0,35.0,0,14.3
0.3,0.0,82.0,34.0,0,15.4
-0.4,0.0,79.0,47.0,0,15.0
7.6,0.0,57.0,45.0,0,16.1
2.5,0.0,93.0,43.0,0,17.4
0.3,0.0,100.0,37.0,0,19.3
1.9,0.0,66.0,50.0,0,17.3
2.6,0.0,100.0,59.0,0,17.4
3.2,0.0,100.0,47.0,0,21.2
5.3,0.2,100.0,56.0,0,19.4
9.5,0.2,79.0,67.0,0,15.1
3.8,0.2,93.0,44.0,0,17.7
2.7,0.0,100.0,37.0,0,18.8
3.5,0.0,74.0,34.0,0,17.6
6.4,0.0,62.0,40.0,0,17.3
4.4,0.0,68.0,39.0,0,18.5
5.3,0.0,49.0,38.0,0,20.1
7.6,2.193101092896175,67.0,41.0,0,17.2
7.0,6.8,74.0,65.0,1,13.5
3.7,0.0,71.0,47.0,0,16.9
3.5,0.0,62.0,36.0,0,22.1
3.3,0.0,69.0,31.0,0,20.6
3.8,0.0,80.0,52.0,0,17.6
3.0,0.0,34.0,29.0,0,20.1
2.6,0.0,87.0,25.0,0,22.3
8.2,0.0,44.0,30.0,0,18.1
0.1,0.0,90.0,29.0,0,19.5
6.2,0.0,56.0,36.0,0,22.0
5.9,0.0,54.0,28.0,0,21.4
9.1,0.0,42.0,35.0,0,16.5
5.3,0.0,47.0,32.0,0,13.9
5.5,0.0,51.0,39.0,0,15.5
-0.1,2.193101092896175,84.0,43.0,0,15.9
6.1,0.0,54.0,48.0,0,16.6
6.5,0.0,55.0,37.0,0,20.9
3.3,0.0,75.0,34.0,0,22.9
4.5,0.0,63.0,38.0,0,19.9
6.8,0.0,61.0,41.0,0,20.7
5.1,0.0,82.0,38.0,0,22.1
5.6,0.0,96.0,53.0,0,20.7
8.9,0.0,65.0,27.0,0,27.0
8.9,0.0,67.0,33.0,0,23.6
5.0,0.0,72.0,34.0,0,23.0
5.6,0.0,84.0,33.0,0,23.8
6.9,2.193101092896175,75.0,46.0,0,22.9
6.6,0.2,96.0,33.0,0,23.9
6.2,0.0,79.0,34.0,0,27.4
9.9,0.0,62.0,38.0,0,26.3
10.3,0.0,100.0,19.0,0,30.4
14.7,0.0,80.0,69.0,0,19.2
11.2,0.0,78.0,51.0,0,24.6
14.4,0.0,28.0,18.0,0,29.8
6.8,0.0,49.0,18.0,0,23.7
4.1,0.0,48.0,27.0,0,22.1
7.0,0.0,61.0,52.0,0,17.2
11.7,4.4,88.0,53.0,1,21.3
8.7,0.2,68.0,61.0,0,18.3
11.2,0.0,90.0,98.0,0,15.9
13.7,24.0,79.0,49.0,1,21.0
12.6,0.0,55.0,29.0,0,23.7
10.4,0.0,35.0,22.0,0,21.8
6.3,0.0,44.0,70.0,0,12.8
7.1,0.0,53.0,35.0,0,21.3
5.0,0.0,64.0,29.0,0,24.6
8.9,0.0,65.0,25.0,0,27.7
11.6,0.0,77.0,18.0,0,29.7
9.1,0.0,45.0,20.0,0,31.3
9.6,0.0,51.0,21.0,0,24.2
4.4,0.0,40.0,19.0,0,23.7
5.1,0.0,52.0,17.0,0,27.2
11.1,0.0,35.0,23.0,0,24.6
5.5,0.0,59.0,18.0,0,30.7
11.1,0.0,47.0,32.0,0,26.4
5.0,0.0,41.0,24.0,0,25.4
11.8,0.0,45.0,41.0,0,15.9
5.5,0.2,50.0,29.0,0,20.7
4.7,0.0,56.0,24.0,0,27.6
8.0,0.0,50.0,15.0,0,32.4
13.4,0.0,59.0,47.0,0,19.8
9.0,0.0,66.0,47.0,0,20.4
5.5,0.0,73.0,23.0,0,29.4
10.4,0.0,34.0,9.0,0,36.0
13.9,0.0,69.0,35.0,0,24.8
7.7,0.0,61.0,21.0,0,29.9
12.7,0.0,67.0,9.0,0,33.1
11.6,0.0,45.0,33.0,0,19.1
4.5,0.0,49.0,18.0,0,23.6
5.3,0.0,51.0,10.0,0,30.5
11.3,0.0,25.0,9.0,0,32.4
7.2,0.0,31.0,34.0,0,21.6
6.4,0.0,71.0,25.0,0,25.0
9.6,0.0,65.0,28.0,0,29.7
11.4,0.0,63.0,17.0,0,35.3
18.1,0.0,65.0,70.0,0,22.5
18.6,5.8,61.0,17.0,1,30.6
11.1,0.0,37.0,20.0,0,20.8
5.8,0.0,36.0,17.0,0,23.3
8.8,0.0,36.0,21.0,0,24.4
9.5,0.0,68.0,45.0,0,22.8
14.3,0.0,77.0,48.0,0,24.7
11.9,0.0,74.0,54.0,0,19.9
10.7,0.0,51.0,40.0,0,22.5
12.9,0.0,58.0,41.0,0,25.3
15.6,0.0,71.0,44.0,0,26.0
11.4,0.0,69.0,15.0,0,32.8
13.1,0.0,36.0,7.0,0,33.3
8.9,0.0,30.0,32.0,0,19.4
10.0,0.0,53.0,39.0,0,20.4
6.5,0.0,63.0,29.0,0,26.9
10.2,0.0,62.0,20.0,0,33.2
13.3,0.0,46.0,16.0,0,36.5
18.1,0.2,42.0,16.0,0,32.5
14.9,0.0,67.0,80.0,0,16.2
12.8,47.0,96.0,90.0,1,15.4
13.7,31.0,86.0,73.0,1,19.4
11.2,7.4,65.0,24.0,1,28.2
12.0,0.0,36.0,25.0,0,27.4
12.8,0.0,64.0,59.0,0,21.2
13.7,3.0,77.0,55.0,1,21.4
13.8,4.2,75.0,81.0,1,16.6
13.9,6.4,67.0,92.0,1,16.1
15.0,18.0,68.0,54.0,1,24.8
13.3,0.0,75.0,37.0,0,28.7
15.5,0.0,77.0,52.0,0,27.4
18.5,2.6,90.0,84.0,1,19.6
17.0,42.4,90.0,68.0,1,23.3
12.6,0.2,64.0,53.0,0,23.4
14.7,0.0,60.0,77.0,0,17.5
11.4,0.0,61.0,45.0,0,22.0
9.6,0.0,55.0,34.0,0,26.2
12.1,0.0,73.0,24.0,0,33.0
18.6,0.0,75.0,74.0,0,17.1
13.9,0.8,61.0,52.0,0,20.8
11.3,0.0,60.0,54.0,0,22.3
15.3,0.0,68.0,37.0,0,24.9
11.0,0.0,72.0,26.0,0,29.8
13.1,0.0,72.0,31.0,0,32.1
18.2,3.6,71.0,63.0,1,14.0
10.3,0.0,41.0,24.0,0,23.0
8.9,0.0,51.0,29.0,0,25.7
12.0,0.0,66.0,35.0,0,29.5
16.2,0.0,57.0,46.0,0,29.9
22.0,0.0,42.0,18.0,0,32.2
13.7,0.0,50.0,21.0,0,30.3
13.9,0.0,65.0,45.0,0,27.8
14.7,0.0,66.0,41.0,0,30.4
18.0,0.0,59.0,53.0,0,24.9
16.3,0.0,71.0,55.0,0,25.5
17.4,0.0,78.0,53.0,0,26.2
14.5,0.0,64.0,34.0,0,29.0
16.5,0.0,71.0,44.0,0,28.2
14.1,0.0,66.0,29.0,0,32.3
16.9,0.0,67.0,18.0,0,38.4
22.0,0.0,60.0,51.0,0,28.0
17.7,0.0,67.0,28.0,0,38.6
21.3,0.0,65.0,23.0,0,36.5
18.1,0.0,67.0,65.0,0,20.3
16.9,0.0,82.0,92.0,0,19.7
18.3,17.8,76.0,52.0,1,28.0
14.9,7.2,72.0,60.0,1,26.1
15.9,0.2,77.0,48.0,0,29.2
16.6,0.0,55.0,37.0,0,24.1
17.1,0.0,57.0,38.0,0,27.8
13.7,0.0,63.0,40.0,0,30.4
18.1,0.0,69.0,46.0,0,29.8
19.6,0.0,62.0,28.0,0,34.1
19.6,1.6,79.0,42.0,1,30.5
18.1,0.0,66.0,46.0,0,28.1
16.3,0.0,65.0,42.0,0,30.2
15.1,0.0,34.0,10.0,0,31.0
16.8,0.0,59.0,48.0,0,21.2
14.9,0.2,91.0,60.0,0,20.4
16.0,0.0,68.0,48.0,0,22.8
16.5,0.0,65.0,44.0,0,26.9
16.1,0.0,67.0,28.0,0,34.5
17.9,0.0,71.0,51.0,0,29.2
16.1,0.0,69.0,42.0,0,27.6
14.7,0.0,62.0,33.0,0,32.2
16.9,0.0,73.0,27.0,0,36.8
16.7,0.0,72.0,25.0,0,35.7
17.0,0.0,71.0,28.0,0,35.9
15.1,0.0,69.0,22.0,0,38.7
17.2,0.0,70.0,48.0,0,30.3
19.4,0.0,70.0,65.0,0,25.1
18.2,5.2,99.0,76.0,1,23.7
18.7,0.8,79.0,66.0,0,21.0
17.4,0.0,71.0,59.0,0,22.8
18.0,0.0,83.0,55.0,0,27.4
15.3,4.6,78.0,46.0,1,22.8
15.2,0.2,76.0,59.0,0,20.4
11.7,1.0,62.0,38.0,0,28.4
13.9,0.0,67.0,32.0,0,30.9
15.1,0.0,68.0,21.0,0,36.1
16.7,0.0,61.0,29.0,0,32.3
14.1,0.0,62.0,20.0,0,35.3
18.7,0.0,67.0,45.0,0,31.0
18.1,0.0,71.0,39.0,0,30.9
18.8,0.0,63.0,26.0,0,32.9
18.4,0.0,65.0,64.0,0,21.9
16.0,0.0,56.0,50.0,0,21.8
16.6,0.0,64.0,47.0,0,23.2
10.9,0.0,67.0,27.0,0,30.9
13.8,0.0,70.0,24.0,0,33.7
15.0,0.0,83.0,24.0,0,34.4
17.3,0.0,68.0,52.0,0,26.7
18.6,0.0,75.0,59.0,0,25.8
20.4,5.6,95.0,62.0,1,27.4
19.6,1.6,78.0,45.0,1,29.9
19.4,0.8,93.0,64.0,0,25.2
19.9,4.2,97.0,77.0,1,24.9
20.6,5.0,91.0,94.0,1,20.9
17.7,16.6,81.0,66.0,1,22.6
16.1,0.8,88.0,63.0,0,25.5
19.2,0.0,93.0,93.0,0,21.8
17.0,29.4,57.0,27.0,1,29.2
14.9,0.0,42.0,40.0,0,25.9
17.7,0.0,75.0,52.0,0,24.9
17.4,0.0,72.0,45.0,0,24.3
17.0,0.0,77.0,41.0,0,28.9
15.4,0.0,82.0,34.0,0,29.3
16.1,0.0,84.0,36.0,0,31.6
18.4,6.4,90.0,79.0,1,20.7
16.8,1.8,93.0,73.0,1,19.5
17.0,5.6,98.0,96.0,1,19.8
16.9,33.0,85.0,76.0,1,21.7
16.2,0.0,80.0,71.0,0,23.2
17.8,2.0,90.0,63.0,1,24.1
14.8,0.0,97.0,57.0,0,27.4
18.1,0.2,76.0,56.0,0,26.0
15.7,0.0,93.0,59.0,0,27.1
17.1,10.8,95.0,43.0,1,27.4
16.8,0.0,100.0,48.0,0,27.1
15.8,0.0,91.0,47.0,0,27.9
16.1,2.193101092896175,87.0,42.0,0,27.4
14.5,0.0,92.0,47.0,0,28.6
17.7,0.2,78.0,59.0,0,24.9
16.2,0.0,97.0,53.0,0,27.1
14.9,0.0,92.0,49.0,0,28.0
15.9,8.4,65.0,42.0,1,25.9
9.8,0.0,63.0,32.0,0,26.5
10.7,0.0,79.0,30.0,0,29.7
12.9,0.0,66.0,52.0,0,27.3
17.7,3.6,90.0,54.0,1,26.9
18.1,0.0,93.0,43.0,0,27.1
14.8,0.0,96.0,43.0,0,29.2
17.7,2.4,86.0,54.0,1,27.9
18.6,0.2,76.0,93.0,0,16.9
14.9,7.6,86.0,57.0,1,26.3
18.8,0.0,97.0,96.0,0,21.9
19.0,11.8,87.0,83.0,1,19.4
16.4,3.4,93.0,76.0,1,22.0
17.9,1.6,84.0,55.0,1,26.2
17.7,0.2,89.0,53.0,0,26.2
15.4,40.0,97.0,58.0,1,24.9
14.7,0.2,98.0,52.0,0,25.6
15.0,0.0,96.0,54.0,0,26.6
16.1,0.2,99.0,58.0,0,27.9
18.2,9.6,92.0,95.0,1,18.4
16.5,12.0,96.0,66.0,1,25.1
16.0,2.6,71.0,83.0,1,19.7
15.1,5.0,66.0,71.0,1,20.0
15.7,0.0,83.0,57.0,0,23.4
12.5,0.0,82.0,56.0,0,23.4
15.5,0.0,86.0,88.0,0,19.4
17.8,12.0,88.0,66.0,1,24.0
16.5,11.8,68.0,64.0,1,20.6
14.9,0.0,67.0,62.0,0,20.9
10.9,0.0,59.0,67.0,0,19.5
12.1,0.0,59.0,45.0,0,21.5
14.2,0.0,65.0,50.0,0,22.5
9.9,0.0,74.0,39.0,0,23.3
9.9,0.0,72.0,36.0,0,24.8
9.6,0.0,70.0,50.0,0,20.3
8.4,0.0,74.0,49.0,0,22.5
7.3,0.0,59.0,39.0,0,21.8
6.8,0.0,94.0,50.0,0,23.4
8.1,0.0,74.0,44.0,0,25.0
9.6,0.0,74.0,28.0,0,28.9
16.5,1.8,83.0,78.0,1,19.8
11.3,2.0,100.0,51.0,1,23.8
11.6,0.0,73.0,63.0,0,18.6
14.4,0.0,80.0,63.0,0,21.1
11.2,0.0,100.0,55.0,0,24.7
13.5,1.6,80.0,35.0,1,21.5
8.0,0.0,67.0,46.0,0,19.8
9.0,0.0,79.0,42.0,0,18.8
8.6,4.0,97.0,62.0,1,13.3
10.2,1.2,52.0,41.0,1,17.3
7.4,2.193101092896175,56.0,36.0,0,19.1
6.7,0.0,75.0,44.0,0,20.5
8.1,0.0,60.0,39.0,0,19.2
8.9,0.0,60.0,50.0,0,18.6
7.8,0.0,73.0,53.0,0,19.7
5.6,0.0,100.0,66.0,0,18.5
11.3,0.4,82.0,55.0,0,21.5
9.2,0.0,74.0,49.0,0,21.4
10.5,0.0,73.0,54.0,0,20.6
6.9,0.0,100.0,51.0,0,21.7
5.8,0.2,100.0,39.0,0,22.2
5.2,2.193101092896175,84.0,36.0,0,23.6
6.5,2.193101092896175,86.0,39.0,0,23.9
6.4,0.0,90.0,50.0,0,21.7
7.1,0.0,96.0,46.0,0,23.1
7.9,0.0,96.0,53.0,0,22.9
7.9,0.0,82.0,47.0,0,23.1
6.2,0.0,90.0,38.0,0,24.5
6.5,0.0,97.0,42.0,0,24.8
9.1,0.0,74.0,53.0,0,21.9
9.3,0.0,91.0,44.0,0,25.4
8.9,0.0,88.0,43.0,0,24.9
10.4,0.0,100.0,52.0,0,22.7
13.6,0.0,53.0,34.0,0,22.3
5.5,0.0,76.0,56.0,0,19.0
12.9,0.0,73.0,65.0,0,18.9
8.9,0.0,100.0,69.0,0,19.0
11.1,1.2,100.0,92.0,1,12.9
9.9,15.2,100.0,62.0,1,19.3
4.8,0.2,94.0,53.0,0,18.4
4.8,0.2,86.0,53.0,0,20.4
10.9,1.4,99.0,98.0,1,15.7
13.3,7.0,77.0,63.0,1,16.7
8.8,0.0,68.0,56.0,0,18.5
6.9,0.0,66.0,54.0,0,16.3
4.8,2.193101092896175,77.0,71.0,0,16.7
10.2,1.2,98.0,87.0,1,15.2
6.7,1.2,96.0,51.38185511171293,1,22.522698145025295
11.13171880255634,2.193101092896175,76.89576988155669,51.38185511171293,0,22.522698145025295
11.13171880255634,2.193101092896175,76.89576988155669,82.0,0,14.2
11.13171880255634,5.6,100.0,55.0,1,19.9
5.7,0.0,83.0,51.0,0,16.8
3.4,0.0,91.0,43.0,0,19.3
7.5,0.0,68.0,45.0,0,18.2
6.5,0.0,75.0,48.0,0,19.3
5.1,0.0,94.0,57.0,0,18.8
6.3,0.0,100.0,64.0,0,18.4
3.6,0.0,100.0,46.0,0,18.6
7.7,0.0,87.0,51.0,0,18.3
3.8,0.0,100.0,70.0,0,14.8
7.4,0.0,48.0,43.0,0,15.0
5.7,0.0,48.0,42.0,0,16.7
4.2,0.0,48.0,39.0,0,19.2
2.6,0.0,90.0,49.0,0,17.8
2.2,0.0,82.0,32.0,0,19.5
7.8,0.0,47.0,43.0,0,14.9
3.5,0.0,57.0,37.0,0,14.2
2.8,0.0,69.0,37.0,0,16.8
2.0,0.0,78.0,36.0,0,18.5
-0.5,0.0,100.0,39.0,0,18.1
-1.0,0.0,100.0,25.0,0,20.1
0.8,0.0,77.0,41.0,0,16.4
1.8,0.0,71.0,45.0,0,15.3
0.6,0.0,72.0,46.0,0,16.3
1.1,0.0,83.0,31.0,0,17.6
-1.5,0.0,100.0,23.0,0,20.4
3.3,0.0,59.0,38.0,0,15.4
4.0,0.0,66.0,38.0,0,16.3
-0.9,0.0,76.0,39.0,0,16.8
4.2,0.0,54.0,39.0,0,15.0
1.9,0.0,62.0,53.0,0,16.2
7.5,0.0,100.0,78.0,0,13.9
8.6,1.0,100.0,53.0,0,16.2
2.6,0.6,67.0,40.0,0,16.9
3.3,0.6,53.0,41.0,0,13.9
6.3,0.0,50.0,45.0,0,15.0
7.8,0.0,60.0,49.0,0,16.1
3.1,0.0,84.0,48.0,0,16.5
3.4,0.0,100.0,44.0,0,18.8
3.0,0.0,100.0,49.0,0,17.5
3.7,0.0,100.0,67.0,0,15.3
2.9,0.0,100.0,48.0,0,20.8
5.7,4.0,100.0,58.0,1,17.6
3.6,2.2,84.0,41.0,1,19.1
4.4,0.0,69.0,48.0,0,16.3
6.9,0.0,69.0,27.0,0,22.4
5.6,0.0,51.0,36.0,0,22.1
7.8,0.0,61.0,23.0,0,23.8
11.6,0.0,46.0,28.0,0,15.5
2.4,0.0,48.0,33.0,0,15.0
2.4,0.0,66.0,39.0,0,16.1
1.6,0.0,87.0,48.0,0,17.9
1.4,0.0,100.0,24.0,0,19.2
-0.4,0.0,77.0,36.0,0,20.3
1.6,0.0,56.0,33.0,0,19.2
2.3,0.0,83.0,54.0,0,17.8
2.4,0.0,100.0,37.0,0,20.6
4.5,0.0,79.0,28.0,0,21.2
1.6,0.0,54.0,38.0,0,13.6
4.7,0.0,64.0,66.0,0,12.3
5.1,2.2,65.0,38.0,1,15.9
0.9,0.0,69.0,41.0,0,17.9
3.8,0.0,85.0,42.0,0,18.4
5.4,0.0,100.0,65.0,0,16.7
10.6,27.0,100.0,100.0,1,13.7
10.7,44.2,99.0,71.0,1,15.1
11.5,18.4,75.0,75.0,1,13.4
8.6,1.2,65.0,55.0,1,15.5
5.5,0.0,80.0,61.0,0,16.5
9.9,0.0,75.0,53.0,0,18.6
8.0,0.2,88.0,83.0,0,14.7
7.5,5.0,100.0,52.0,1,19.7
6.9,0.0,89.0,62.0,0,18.2
8.9,7.4,100.0,94.0,1,14.4
11.5,28.4,95.0,73.0,1,15.4
9.9,1.6,85.0,69.0,1,16.1
7.8,0.2,72.0,61.0,0,16.8
9.9,0.0,68.0,68.0,0,16.5
9.7,0.0,71.0,45.0,0,20.6
6.7,0.0,84.0,44.0,0,22.8
12.4,0.0,57.0,52.0,0,15.0
8.3,2.4,52.0,44.0,1,15.5
7.2,0.0,54.0,45.0,0,15.7
8.7,0.0,63.0,68.0,0,15.1
8.4,1.4,73.0,59.0,1,15.9
10.3,1.2,81.0,85.0,1,14.9
7.4,2.0,92.0,54.0,1,19.3
5.7,0.0,100.0,48.0,0,23.4
11.1,8.0,73.0,38.0,1,21.3
6.8,0.0,66.0,38.0,0,23.6
10.9,0.0,77.0,61.0,0,15.7
11.7,0.0,77.0,63.0,0,19.0
9.1,0.0,100.0,40.0,0,23.9
9.8,0.0,71.0,43.0,0,21.6
11.8,0.0,88.0,48.0,0,21.7
9.1,0.4,42.0,33.0,0,19.6
6.2,0.0,36.0,27.0,0,18.6
3.2,0.0,60.0,30.0,0,19.0
3.6,0.0,50.0,48.0,0,18.6
7.8,0.0,66.0,42.0,0,20.3
9.5,0.0,65.0,36.0,0,21.1
5.6,0.0,73.0,34.0,0,22.7
7.4,0.0,76.0,34.0,0,25.4
13.7,0.4,77.0,84.0,0,18.2
8.9,5.0,69.0,50.0,1,20.4
10.7,0.0,59.0,48.0,0,20.6
6.7,0.0,71.0,33.0,0,25.5
8.6,0.0,50.0,20.0,0,31.1
10.1,0.0,56.0,17.0,0,32.9
13.7,0.0,26.0,21.0,0,20.0
4.8,0.0,54.0,28.0,0,23.7
7.7,0.0,53.0,58.0,0,21.0
12.6,0.0,72.0,42.0,0,25.0
8.2,0.0,86.0,19.0,0,32.6
15.7,0.0,73.0,41.0,0,28.6
16.6,0.0,76.0,24.0,0,27.5
11.6,2.193101092896175,74.0,51.0,0,21.1
13.1,0.0,65.0,42.0,0,22.6
8.7,0.0,77.0,34.0,0,25.3
9.5,0.0,70.0,18.0,0,29.6
8.8,0.0,65.0,18.0,0,30.9
11.0,0.0,68.0,78.0,0,20.6
9.9,13.2,51.0,66.0,1,14.7
10.1,34.6,70.0,54.0,1,15.8
4.8,1.0,71.0,34.0,0,21.6
8.1,0.0,72.0,55.0,0,19.2
8.4,0.0,60.0,39.0,0,20.9
7.8,0.0,71.0,34.0,0,27.0
12.6,0.0,67.0,69.0,0,17.0
12.7,1.4,86.0,58.0,1,16.9
12.8,0.0,57.0,46.0,0,23.2
10.6,0.0,77.0,37.0,0,30.5
15.6,0.0,75.0,42.0,0,29.2
13.4,0.2,82.0,51.0,0,29.7
17.7,0.0,78.0,27.0,0,34.6
17.4,0.0,77.0,32.0,0,28.7
9.5,0.0,37.0,21.0,0,26.9
11.0,0.0,46.0,45.0,0,25.1
11.3,0.0,74.0,24.0,0,30.5
10.5,2.193101092896175,55.0,14.0,0,35.1
18.1,0.0,41.0,43.0,0,31.1
10.5,5.0,31.0,17.0,1,23.2
6.8,0.0,56.0,51.0,0,21.4
13.5,0.0,70.0,44.0,0,25.8
13.4,0.0,85.0,83.0,0,20.1
12.1,22.6,69.0,56.0,1,22.2
12.2,0.2,71.0,52.0,0,24.1
10.4,0.0,80.0,29.0,0,28.3
12.4,0.0,73.0,46.0,0,27.9
17.0,0.0,73.0,65.0,0,22.0
15.2,0.0,65.0,74.0,0,18.4
14.5,0.0,72.0,49.0,0,24.1
15.6,0.0,74.0,48.0,0,26.4
14.0,0.0,77.0,19.0,0,39.0
17.6,0.0,62.0,56.0,0,22.1
16.5,2.4,89.0,31.0,1,27.5
11.5,0.2,45.0,28.0,0,27.6
12.9,0.0,48.0,44.0,0,26.6
15.8,0.0,73.0,49.0,0,26.2
16.0,0.0,70.0,24.0,0,34.5
19.4,0.0,46.0,12.0,0,38.5
17.0,0.0,58.0,37.0,0,30.7
16.1,0.0,66.0,27.0,0,40.6
19.8,0.0,79.0,45.0,0,31.4
21.8,3.0,40.0,44.0,1,25.8
17.3,0.4,66.0,53.0,0,25.8
16.5,0.2,86.0,78.0,0,18.2
13.1,0.4,58.0,39.0,0,25.1
12.9,0.2,62.0,33.0,0,30.4
14.3,0.0,67.0,40.0,0,30.0
16.8,6.4,79.0,47.0,1,28.8
17.9,5.4,74.0,40.0,1,33.0
19.0,0.2,72.0,36.0,0,34.7
19.4,7.4,93.0,48.0,1,31.1
18.6,3.2,85.0,43.0,1,30.5
18.5,3.4,82.0,52.0,1,26.9
17.7,44.0,84.0,53.0,1,28.5
17.7,3.0,89.0,54.0,1,26.4
19.7,0.8,78.0,71.0,0,22.8
18.8,0.4,71.0,65.0,0,25.1
19.9,10.4,97.0,92.0,1,18.2
14.0,13.8,61.0,53.0,1,20.5
14.3,0.0,47.0,52.0,0,21.8
14.5,0.0,61.0,35.0,0,26.3
13.8,0.0,66.0,41.0,0,28.9
14.9,0.0,72.0,47.0,0,28.8
16.3,0.0,63.0,55.0,0,21.7
15.8,0.0,84.0,56.0,0,26.4
16.5,0.0,61.0,47.0,0,23.6
15.6,0.0,57.0,36.0,0,25.8
13.4,0.0,66.0,43.0,0,29.7
16.5,0.0,79.0,51.0,0,29.2
19.5,4.0,87.0,86.0,1,21.4
20.0,3.6,76.0,65.0,1,24.3
19.1,0.0,82.0,54.0,0,30.9
17.9,22.0,62.0,26.0,1,29.9
17.1,0.0,62.0,44.0,0,21.6
17.1,0.0,74.0,59.0,0,22.9
14.3,0.0,76.0,42.0,0,31.5
17.3,0.0,45.0,17.0,0,32.6
18.2,0.0,62.0,49.0,0,27.5
17.4,0.0,70.0,40.0,0,33.1
21.3,0.0,76.0,65.0,0,27.1
21.3,0.0,67.0,44.0,0,33.3
19.3,0.0,73.0,49.0,0,28.9
19.8,14.2,85.0,62.0,1,26.7
18.2,0.0,79.0,56.0,0,28.5
19.2,0.0,75.0,37.0,0,31.8
16.9,0.0,67.0,30.0,0,33.1
20.2,2.193101092896175,69.0,37.0,0,33.3
20.8,0.0,83.0,58.0,0,29.9
19.9,30.4,97.0,96.0,1,20.6
18.8,13.8,86.0,68.0,1,23.9
19.0,0.4,77.0,60.0,0,27.7
21.2,0.8,70.0,41.0,0,31.1
21.1,0.0,53.0,54.0,0,28.4
19.2,0.0,72.0,32.0,0,30.1
14.3,0.0,51.0,20.0,0,34.1
16.4,0.0,73.0,38.0,0,31.3
18.7,0.0,74.0,68.0,0,19.6
16.9,1.8,98.0,64.0,1,23.9
18.3,1.4,79.0,70.0,1,24.6
18.7,1.2,77.0,43.0,1,30.0
19.5,0.2,75.0,38.0,0,32.7
20.2,18.6,87.0,54.0,1,31.3
19.4,8.6,86.0,35.0,1,34.7
19.2,0.0,74.0,76.0,0,19.3
16.4,9.6,99.0,98.0,1,18.5
16.0,38.8,97.0,68.0,1,20.3
13.9,5.2,56.0,42.0,1,22.8
11.9,0.0,58.0,33.0,0,26.0
12.5,0.0,67.0,42.0,0,26.5
15.7,0.0,73.0,57.0,0,24.7
15.2,0.8,69.0,54.0,0,24.7
14.9,0.2,62.0,45.0,0,24.4
12.8,0.0,78.0,53.0,0,24.2
17.3,0.6,84.0,68.0,0,21.4
15.5,0.0,80.0,59.0,0,23.2
15.2,0.0,78.0,50.0,0,28.1
15.1,0.0,79.0,28.0,0,35.7
18.0,0.0,66.0,60.0,0,25.5
20.1,0.0,79.0,60.0,0,28.5
19.2,0.0,77.0,49.0,0,29.6
17.6,0.0,82.0,50.0,0,29.6
18.9,7.6,87.0,68.0,1,23.6
17.4,0.6,88.0,54.0,0,27.4
17.4,6.6,100.0,52.0,1,26.2
17.5,0.2,81.0,49.0,0,29.1
16.6,0.0,81.0,44.0,0,29.0
17.1,0.0,72.0,47.0,0,29.4
17.4,0.0,84.0,65.0,0,25.4
17.3,0.2,96.0,57.0,0,27.5
20.2,4.4,96.0,90.0,1,22.6
18.8,8.8,100.0,74.0,1,25.1
18.2,0.8,100.0,65.0,0,26.7
20.1,0.4,93.0,64.0,0,24.8
19.5,0.0,76.0,79.0,0,21.1
18.6,2.2,92.0,65.0,1,26.1
16.9,0.4,78.0,52.0,0,27.4
16.6,0.2,100.0,45.0,0,29.4
16.8,0.0,92.0,32.0,0,35.7
16.3,8.4,68.0,64.0,1,22.2
13.7,0.2,79.0,45.0,0,29.1
19.0,0.0,78.0,51.0,0,29.3
14.6,0.0,51.0,27.0,0,27.0
10.7,0.0,37.0,24.0,0,29.7
16.2,0.0,69.0,38.0,0,28.0
17.7,0.0,89.0,56.0,0,27.9
17.8,0.0,77.0,28.0,0,32.8
16.6,0.0,72.0,61.0,0,26.8
17.8,0.0,83.0,49.0,0,29.8
17.4,28.6,87.0,61.0,1,27.1
17.9,0.0,76.0,88.0,0,17.0
14.2,0.0,81.0,45.0,0,24.9
14.2,0.0,73.0,52.0,0,22.5
13.2,0.0,60.0,47.0,0,22.7
10.1,0.0,85.0,55.0,0,22.0
15.2,0.0,92.0,51.0,0,29.0
15.0,0.0,76.0,32.0,0,31.4
15.1,0.0,90.0,70.0,0,24.6
15.8,1.8,73.0,58.0,1,20.8
15.6,1.4,100.0,65.0,1,23.1
15.8,0.2,100.0,52.0,0,27.7
17.1,0.0,96.0,97.0,0,20.9
11.8,10.8,76.0,53.0,1,23.1
13.4,0.0,83.0,26.0,0,26.8
8.2,0.0,53.0,23.0,0,25.7
8.0,0.0,68.0,31.0,0,24.1
11.9,0.0,90.0,41.0,0,25.9
14.6,0.2,97.0,55.0,0,23.3
15.8,4.2,88.0,87.0,1,20.1
15.5,3.6,100.0,59.0,1,24.9
14.7,0.0,100.0,50.0,0,27.9
16.1,3.0,77.0,96.0,1,16.6
16.1,21.4,100.0,97.0,1,16.6
14.9,9.0,73.0,45.0,1,25.0
11.9,0.0,84.0,87.0,0,18.3
11.2,3.2,74.0,46.0,1,19.1
12.1,3.4,51.0,47.0,1,20.6
12.7,0.0,52.0,40.0,0,21.6
12.1,0.0,66.0,64.0,0,19.9
14.6,1.6,95.0,56.0,1,22.3
11.5,0.0,86.0,64.0,0,20.9
12.4,0.2,66.0,50.0,0,22.0
11.5,0.0,74.0,48.0,0,22.8
10.4,0.0,87.0,43.0,0,26.1
13.3,7.0,88.0,44.0,1,29.7
18.5,2.6,97.0,93.0,1,20.7
17.3,3.4,100.0,64.0,1,24.3
15.4,6.8,61.0,66.0,1,18.9
10.9,7.2,90.0,99.0,1,13.2
12.8,83.6,92.0,85.0,1,13.3
12.3,50.2,97.0,94.0,1,16.6
12.8,26.2,83.0,72.0,1,20.6
12.3,0.2,100.0,55.0,0,23.4
10.1,0.0,100.0,83.0,0,18.2
10.3,18.0,76.0,56.0,1,18.8
9.1,0.2,65.0,43.0,0,19.0
7.2,0.0,70.0,44.0,0,20.0
8.9,0.0,76.0,82.0,0,16.1
13.3,2.6,87.0,72.0,1,17.9
13.1,1.0,96.0,76.0,0,19.1
14.3,7.4,95.0,93.0,1,19.2
17.4,27.2,86.0,78.0,1,21.9
15.2,0.2,77.0,70.0,0,21.4
12.9,0.2,100.0,37.0,0,25.6
10.4,0.0,49.0,41.0,0,18.8
4.7,0.0,75.0,42.0,0,17.7
6.6,0.0,66.0,39.0,0,19.9
5.4,0.0,70.0,45.0,0,19.6
4.3,0.0,55.0,47.0,0,18.9
10.4,0.0,52.0,49.0,0,19.5
6.3,0.0,76.0,45.0,0,19.8
8.9,0.0,53.0,43.0,0,14.4
5.0,1.0,58.0,43.0,0,16.4
8.1,0.0,65.0,59.0,0,18.1
11.3,0.0,71.0,60.0,0,18.1
6.3,0.0,91.0,64.0,0,18.9
8.0,0.0,100.0,74.0,0,17.8
11.4,0.4,100.0,85.0,0,17.3
10.3,3.8,100.0,63.0,1,21.4
10.3,0.8,76.0,63.0,0,18.2
11.0,1.6,91.0,69.0,1,14.8
9.9,8.8,65.0,52.0,1,17.1
5.9,0.0,82.0,38.0,0,18.7
5.5,0.0,100.0,58.0,0,17.1
4.3,0.2,81.0,61.0,0,16.4
6.0,0.0,82.0,50.0,0,18.8
6.2,0.0,100.0,61.0,0,19.6
11.6,0.0,100.0,83.0,0,18.5
7.4,0.0,100.0,84.0,0,13.7
8.3,0.0,100.0,95.0,0,12.0
6.1,0.0,50.0,33.0,0,13.8
4.7,0.0,54.0,43.0,0,14.8
3.3,0.0,74.0,58.0,0,15.0
1.4,0.0,100.0,52.0,0,16.1
3.6,2.0,100.0,58.0,1,14.6
5.7,0.0,75.0,55.0,0,18.9
2.6,0.0,100.0,60.0,0,19.9
5.8,0.0,100.0,45.0,0,21.3
9.7,0.0,49.0,44.0,0,20.3
6.3,0.0,80.0,65.0,0,14.3
10.0,0.0,78.0,56.0,0,16.8
10.3,0.0,89.0,64.0,0,16.9
7.0,0.0,100.0,57.0,0,17.8
4.2,0.0,100.0,53.0,0,19.1
7.0,0.0,99.0,79.0,0,17.0
11.4,1.8,100.0,100.0,1,14.5
12.4,15.0,100.0,100.0,1,14.9
5.9,3.6,100.0,83.0,1,15.0
9.2,38.0,86.0,61.0,1,14.4
6.2,0.2,74.0,57.0,0,14.6
5.8,0.0,80.0,67.0,0,15.0
3.1,0.0,100.0,63.0,0,16.4
2.4,0.0,100.0,61.0,0,17.4
6.7,0.0,100.0,64.0,0,17.8
8.5,0.0,97.0,91.0,0,14.6
7.2,1.0,82.0,56.0,0,16.6
2.2,0.0,100.0,52.0,0,17.9
3.4,0.2,98.0,60.0,0,16.6
5.2,0.0,100.0,62.0,0,17.3
3.4,0.2,100.0,65.0,0,16.8
6.9,0.8,86.0,50.0,0,14.7
2.6,0.0,87.0,52.0,0,15.1
3.8,0.0,65.0,44.0,0,14.5
-1.1,0.0,100.0,38.0,0,15.3
0.0,0.0,100.0,47.0,0,15.4
-1.3,0.0,100.0,41.0,0,15.4
2.9,0.0,75.0,71.0,0,13.2
2.8,0.0,100.0,62.0,0,14.9
1.6,0.0,100.0,58.0,0,15.5
2.3,0.0,100.0,92.0,0,11.4
0.5,1.6,100.0,61.0,1,17.7
5.1,12.6,75.0,54.0,1,11.7
4.8,1.0,100.0,52.0,0,15.3
2.8,0.0,66.0,43.0,0,15.2
-0.1,0.0,89.0,47.0,0,14.7
5.0,0.4,95.0,76.0,0,11.3
5.1,18.0,92.0,59.0,1,12.4
5.0,0.2,65.0,58.0,0,13.1
4.6,0.0,78.0,62.0,0,14.1
4.4,0.0,93.0,63.0,0,15.2
3.3,0.0,100.0,61.0,0,16.9
4.8,0.0,100.0,78.0,0,15.0
7.7,1.4,100.0,65.0,1,16.9
10.7,0.0,100.0,76.0,0,17.4
7.7,0.0,52.0,41.0,0,18.6
3.0,0.0,91.0,43.0,0,18.0
2.0,0.0,53.0,40.0,0,13.6
2.2,0.0,76.0,43.0,0,15.2
2.5,0.0,87.0,47.0,0,16.8
1.8,0.0,100.0,45.0,0,17.9
4.8,0.0,70.0,41.0,0,19.3
1.9,0.0,100.0,33.0,0,21.0
5.0,0.0,80.0,34.0,0,23.8
4.5,0.0,63.0,41.0,0,15.9
2.3,0.0,74.0,50.0,0,12.7
0.4,0.0,77.0,47.0,0,14.5
4.4,0.0,53.0,41.0,0,14.8
0.3,0.0,79.0,46.0,0,16.4
1.8,0.0,76.0,52.0,0,15.3
0.3,0.0,100.0,50.0,0,16.6
1.2,0.0,100.0,38.0,0,19.9
2.0,0.0,80.0,32.0,0,18.4
-0.2,0.0,80.0,53.0,0,13.3
7.1,0.4,56.0,33.0,0,17.9
0.9,0.0,77.0,41.0,0,19.1
3.9,0.0,74.0,62.0,0,16.4
6.6,0.0,86.0,51.0,0,19.6
2.9,0.0,77.0,35.0,0,18.6
6.7,0.0,49.0,41.0,0,15.5
5.3,0.0,75.0,49.0,0,17.0
3.7,0.0,96.0,44.0,0,18.9
3.4,0.0,100.0,39.0,0,21.4
8.3,0.0,64.0,32.0,0,27.5
13.1,2.8,100.0,87.0,1,16.1
13.0,3.8,100.0,100.0,1,15.6
12.0,31.6,74.0,63.0,1,16.9
11.5,7.8,98.0,72.0,1,18.0
9.5,0.2,100.0,52.0,0,20.4
6.7,0.0,58.0,55.0,0,17.8
4.3,0.0,81.0,41.0,0,18.6
3.0,0.0,64.0,51.0,0,16.4
5.5,0.0,69.0,43.0,0,18.7
2.7,0.0,69.0,37.0,0,19.8
2.5,0.0,75.0,44.0,0,18.0
6.8,2.4,84.0,41.0,1,18.6
12.8,0.0,67.0,56.0,0,17.4
6.9,0.0,81.0,62.0,0,17.8
11.4,0.6,92.0,73.0,0,16.0
7.0,0.4,100.0,42.0,0,21.1
5.2,0.0,51.0,44.0,0,17.5
5.8,0.0,61.0,41.0,0,19.2
5.6,2.193101092896175,69.0,49.0,0,19.1
8.1,0.0,64.0,46.0,0,22.1
5.6,0.0,74.0,42.0,0,25.5
8.8,0.0,77.0,30.0,0,25.4
8.6,0.0,82.0,40.0,0,25.8
7.2,0.0,66.0,30.0,0,27.8
5.5,0.0,55.0,34.0,0,21.1
8.4,0.0,58.0,61.0,0,17.7
10.5,1.4,64.0,51.0,1,19.1
11.0,3.8,100.0,63.0,1,17.4
8.1,0.2,70.0,70.0,0,17.9
9.5,0.2,100.0,38.0,0,23.8
10.7,0.0,44.0,43.0,0,18.1
7.1,0.0,52.0,36.0,0,15.4
6.5,0.0,54.0,51.0,0,14.8
10.2,0.0,63.0,79.0,0,14.3
9.5,1.8,85.0,53.0,1,18.0
7.8,0.0,59.0,48.0,0,18.9
7.7,0.0,53.0,38.0,0,22.7
5.7,0.0,67.0,33.0,0,24.4
10.2,0.0,70.0,63.0,0,19.4
13.2,0.0,72.0,25.0,0,30.1
12.1,0.0,59.0,45.0,0,24.8
8.8,0.0,70.0,22.0,0,32.3
9.5,0.0,79.0,25.0,0,30.9
8.6,0.0,64.0,18.0,0,35.4
12.0,0.0,50.0,14.0,0,36.9
10.9,0.0,74.0,66.0,0,17.4
12.5,0.0,66.0,60.0,0,19.0
14.8,0.0,57.0,44.0,0,25.0
11.2,0.0,76.0,38.0,0,27.4
10.2,0.0,93.0,40.0,0,25.9
13.7,10.0,78.0,41.0,1,29.5
16.4,5.4,82.0,95.0,1,17.7
13.9,3.6,83.0,59.0,1,24.5
11.3,0.0,100.0,39.0,0,28.7
12.8,0.0,98.0,22.0,0,33.3
14.9,0.0,75.0,47.0,0,28.9
17.4,0.4,75.0,56.0,0,21.9
17.5,0.0,82.0,47.0,0,28.0
15.4,0.0,76.0,33.0,0,31.6
14.6,5.4,85.0,73.0,1,23.6
16.8,1.0,86.0,79.0,0,19.2
12.7,19.0,67.0,54.0,1,19.8
8.5,0.0,76.0,38.0,0,24.4
11.7,0.0,78.0,46.0,0,26.4
12.4,0.2,80.0,62.0,0,21.9
13.9,13.2,71.0,58.0,1,16.9
10.2,0.0,72.0,48.0,0,21.7
10.2,0.0,55.0,37.0,0,24.3
9.3,0.0,68.0,46.0,0,24.0
11.7,0.0,68.0,46.0,0,24.2
11.8,1.6,87.0,37.0,1,31.0
17.3,19.4,77.0,37.0,1,30.3
17.7,0.2,94.0,82.0,0,18.9
16.1,1.0,99.0,100.0,0,17.7
15.6,27.8,100.0,95.0,1,20.3
16.5,9.2,100.0,56.0,1,24.5
14.1,0.4,85.0,87.0,0,19.8
14.7,1.6,65.0,65.0,1,19.2
10.7,0.0,70.0,39.0,0,24.3
10.9,0.2,72.0,34.0,0,29.4
16.9,0.0,77.0,69.0,0,22.6
16.1,1.0,96.0,80.0,0,19.7
14.7,2.8,80.0,78.0,1,23.1
11.13171880255634,2.193101092896175,76.89576988155669,51.38185511171293,0,22.522698145025295
11.13171880255634,2.193101092896175,76.89576988155669,51.38185511171293,0,22.522698145025295
11.13171880255634,2.193101092896175,76.89576988155669,51.38185511171293,0,22.522698145025295
11.13171880255634,2.193101092896175,76.89576988155669,44.0,0,27.0
12.9,2.193101092896175,73.0,29.0,0,34.6
14.3,0.0,71.0,40.0,0,34.6
18.5,0.0,80.0,20.0,0,39.0
16.6,0.0,70.0,70.0,0,19.8
15.8,0.0,75.0,71.0,0,19.9
13.1,0.0,72.0,59.0,0,26.1
15.2,0.0,73.0,41.0,0,27.9
12.7,0.0,64.0,23.0,0,33.7
14.8,0.0,45.0,21.0,0,34.6
12.4,0.0,63.0,58.0,0,23.4
17.3,0.0,76.0,71.0,0,21.0
18.1,0.0,94.0,59.0,0,26.6
14.7,0.0,68.0,35.0,0,31.5
14.5,0.0,65.0,24.0,0,35.6
18.0,0.0,80.0,63.0,0,19.5
13.1,0.0,67.0,49.0,0,23.1
10.4,0.0,62.0,47.0,0,23.8
10.4,0.0,68.0,31.0,0,29.7
13.1,0.0,71.0,28.0,0,31.5
14.6,0.0,73.0,50.0,0,27.3
17.7,0.0,73.0,66.0,0,24.9
20.5,0.0,87.0,36.0,0,34.7
19.3,0.0,75.0,57.0,0,28.9
19.2,0.0,71.0,17.0,0,33.9
15.8,0.0,61.0,52.0,0,23.5
16.7,0.0,71.0,47.0,0,25.9
14.3,0.0,65.0,13.0,0,34.7
14.0,0.0,81.0,41.0,0,31.6
19.3,0.0,94.0,77.0,0,18.4
13.3,0.0,68.0,41.0,0,29.7
14.8,0.0,67.0,22.0,0,36.3
16.4,0.0,55.0,17.0,0,38.2
14.2,0.0,63.0,17.0,0,40.1
22.5,0.0,47.0,93.0,0,21.7
15.6,0.0,98.0,100.0,0,17.9
15.0,0.0,75.0,60.0,0,23.0
14.9,0.0,64.0,44.0,0,24.5
14.5,0.0,66.0,56.0,0,24.0
15.7,0.0,76.0,83.0,0,24.1
15.6,0.0,73.0,45.0,0,23.1
14.9,0.0,64.0,51.0,0,23.1
13.1,0.0,60.0,39.0,0,25.6
10.9,0.0,65.0,37.0,0,27.9
13.2,0.0,63.0,42.0,0,30.1
14.3,0.0,67.0,36.0,0,30.1
14.8,0.0,73.0,48.0,0,26.5
16.3,0.0,69.0,62.0,0,23.1
17.8,0.0,89.0,92.0,0,19.3
16.5,0.0,100.0,100.0,0,18.4
16.5,0.0,100.0,100.0,0,18.2
15.6,0.0,69.0,54.0,0,24.7
11.13171880255634,0.0,55.0,45.0,0,28.0
18.0,0.0,74.0,54.0,0,27.2
15.7,0.0,73.0,45.0,0,31.3
17.4,0.0,77.0,36.0,0,36.1
19.7,5.0,65.0,53.0,1,29.2
16.9,0.0,74.0,55.0,0,31.3
19.6,0.0,73.0,42.0,0,33.7
12.4,29.8,97.0,60.0,1,20.6
13.2,0.6,84.0,74.0,0,19.9
13.8,0.2,64.0,51.0,0,24.4
14.5,0.2,73.0,42.0,0,27.3
15.6,0.0,82.0,33.0,0,34.0
16.8,0.0,65.0,21.0,0,38.4
20.6,0.0,64.0,39.0,0,37.1
21.2,17.6,100.0,89.0,1,25.2
20.4,9.6,69.0,66.0,1,25.3
18.7,2.8,100.0,71.0,1,23.6
19.4,0.0,89.0,79.0,0,22.6
18.7,1.4,99.0,58.0,1,28.3
18.9,0.0,90.0,83.0,0,22.7
20.1,0.0,85.0,58.0,0,30.1
17.9,16.8,95.0,80.0,1,24.7
17.4,33.0,83.0,69.0,1,28.5
16.5,38.4,100.0,40.0,1,28.4
17.1,0.2,88.0,62.0,0,23.0
13.5,0.8,80.0,48.0,0,27.3
15.2,0.0,83.0,45.0,0,31.3
17.8,2.8,85.0,57.0,1,24.1
16.3,0.0,73.0,55.0,0,24.3
16.4,0.0,76.0,64.0,0,25.2
15.9,2.6,81.0,63.0,1,25.6
15.4,0.0,84.0,50.0,0,28.9
17.0,0.0,80.0,58.0,0,27.0
15.3,0.0,87.0,48.0,0,29.4
16.6,0.0,81.0,52.0,0,29.5
18.6,0.0,83.0,48.0,0,30.2
16.9,0.0,85.0,43.0,0,31.1
17.8,0.0,88.0,34.0,0,36.5
20.8,0.0,77.0,55.0,0,30.3
15.1,0.0,56.0,58.0,0,26.3
16.7,0.0,68.0,49.0,0,24.8
13.0,0.0,74.0,48.0,0,27.9
18.0,0.0,84.0,43.0,0,32.6
21.7,0.0,79.0,63.0,0,27.1
18.9,6.4,90.0,64.0,1,28.6
17.5,0.0,95.0,51.0,0,30.0
16.3,0.0,87.0,33.0,0,31.7
16.1,0.0,92.0,24.0,0,35.2
17.1,0.0,84.0,25.0,0,39.1
20.3,0.0,75.0,65.0,0,26.7
19.0,0.0,75.0,53.0,0,27.7
16.4,0.0,86.0,43.0,0,29.5
16.8,0.0,82.0,65.0,0,27.3
17.0,0.0,100.0,50.0,0,28.9
15.4,0.0,94.0,38.0,0,32.4
18.4,0.0,87.0,38.0,0,32.7
17.4,0.0,87.0,49.0,0,30.0
15.3,0.0,98.0,32.0,0,31.7
15.3,0.0,93.0,49.0,0,31.7
17.2,0.0,94.0,43.0,0,31.6
17.8,0.0,80.0,41.0,0,30.2
19.4,0.0,85.0,46.0,0,33.6
19.3,0.0,87.0,56.0,0,31.3
21.4,0.2,94.0,64.0,0,27.8
18.9,0.0,83.0,38.0,0,33.5
19.0,0.0,81.0,44.0,0,30.1
19.4,0.0,96.0,59.0,0,28.6
20.2,5.0,80.0,59.0,1,26.8
17.8,1.2,93.0,52.0,1,26.7
17.9,4.8,94.0,60.0,1,26.9
16.2,0.0,100.0,65.0,0,27.6
11.7,0.8,51.0,31.0,0,23.8
15.3,0.0,62.0,55.0,0,21.9
14.8,1.4,81.0,67.0,1,19.7
13.2,1.4,68.0,47.0,1,24.9
12.1,0.0,79.0,37.0,0,26.9
12.8,0.0,94.0,30.0,0,29.2
13.9,0.0,88.0,55.0,0,23.8
14.4,0.0,83.0,45.0,0,28.5
15.1,0.0,98.0,60.0,0,25.7
17.5,1.4,93.0,68.0,1,25.2
18.9,0.0,86.0,98.0,0,20.3
16.0,15.2,100.0,43.0,1,24.9
11.4,0.2,74.0,40.0,0,25.6
14.5,0.0,91.0,42.0,0,28.0
12.8,0.0,100.0,25.0,0,30.0
14.8,0.0,71.0,62.0,0,24.8
17.5,0.2,87.0,68.0,0,24.6
15.3,0.0,100.0,43.0,0,30.7
14.1,0.0,78.0,27.0,0,35.5
18.0,0.2,67.0,58.0,0,19.8
16.3,0.0,75.0,80.0,0,19.9
12.8,0.4,74.0,50.0,0,25.5
10.9,0.0,79.0,33.0,0,28.3
10.5,0.0,58.0,40.0,0,25.6
16.0,2.6,82.0,64.0,1,21.4
13.0,0.2,75.0,65.0,0,21.4
12.4,0.0,98.0,71.0,0,21.9
13.0,0.0,85.0,35.0,0,27.8
11.5,0.0,100.0,41.0,0,28.0
16.2,0.2,80.0,73.0,0,20.4
13.0,0.0,74.0,69.0,0,20.9
14.4,1.4,88.0,63.0,1,23.8
12.7,0.2,100.0,50.0,0,25.8
13.8,0.0,100.0,42.0,0,28.5
11.6,0.2,78.0,78.0,0,18.3
13.9,1.6,67.0,59.0,1,19.7
14.0,1.8,87.0,52.0,1,21.6
9.8,0.2,85.0,46.0,0,23.4
9.1,0.0,86.0,49.0,0,24.6
8.8,0.2,100.0,45.0,0,25.4
10.8,0.0,100.0,44.0,0,26.8
9.8,0.0,100.0,54.0,0,24.0
15.9,1.0,100.0,66.0,0,24.1
11.9,0.8,100.0,35.0,0,28.8
6.5,0.2,66.0,44.0,0,21.9
4.8,0.0,63.0,25.0,0,25.7
7.1,0.0,66.0,37.0,0,25.1
7.0,0.0,69.0,39.0,0,23.6
6.9,0.0,69.0,32.0,0,25.9
5.8,0.0,100.0,48.0,0,24.6
12.7,0.0,100.0,82.0,0,19.7
16.4,6.8,100.0,86.0,1,20.9
14.1,0.2,51.0,46.0,0,22.2
5.9,0.0,60.0,36.0,0,19.3
11.2,0.0,50.0,44.0,0,22.4
8.9,0.0,68.0,37.0,0,25.0
4.3,0.0,91.0,25.0,0,25.9
5.9,0.0,83.0,42.0,0,23.0
6.5,0.0,73.0,47.0,0,22.9
8.6,0.0,79.0,26.0,0,26.8
4.8,0.0,78.0,37.0,0,20.0
4.9,0.0,67.0,33.0,0,21.9
5.9,0.0,69.0,37.0,0,23.4
8.9,0.0,82.0,58.0,0,20.7
8.9,0.0,100.0,49.0,0,24.0
7.5,0.0,75.0,23.0,0,22.1
3.0,0.0,72.0,26.0,0,20.5
2.9,0.0,78.0,31.0,0,19.7
9.3,0.4,82.0,52.0,0,19.4
9.6,0.0,40.0,34.0,0,16.9
2.5,0.0,95.0,74.0,0,15.3
3.1,3.4,68.0,29.0,1,19.1
0.9,0.0,70.0,32.0,0,17.7
3.5,0.0,82.0,85.0,0,15.0
10.4,1.6,99.0,71.0,1,16.1
8.4,0.2,93.0,52.0,0,19.8
7.9,0.0,82.0,72.0,0,17.5
13.2,9.8,100.0,86.0,1,18.1
14.5,100.2,100.0,100.0,1,17.1
13.4,109.2,59.0,51.0,1,16.9
8.0,0.0,72.0,48.0,0,16.9
5.9,0.0,78.0,51.0,0,17.9
11.8,0.0,66.0,40.0,0,21.0
7.3,0.0,76.0,49.0,0,18.8
6.3,0.0,64.0,43.0,0,18.5
3.4,0.0,70.0,32.0,0,16.0
2.9,0.0,87.0,52.0,0,18.4
3.4,0.0,100.0,46.0,0,21.0
5.8,0.0,82.0,48.0,0,19.0
2.9,0.0,100.0,49.0,0,20.3
5.5,0.0,99.0,76.0,0,17.5
8.6,5.0,100.0,85.0,1,17.0
11.8,0.4,97.0,100.0,0,15.4
11.8,23.6,100.0,59.0,1,16.4
11.0,0.0,54.0,47.0,0,15.5
10.2,0.0,53.0,42.0,0,18.1
5.8,0.0,78.0,49.0,0,15.8
8.8,0.0,59.0,44.0,0,12.7
3.3,0.0,51.0,36.0,0,13.3
-0.2,0.0,82.0,47.0,0,13.8
5.9,0.4,93.0,62.0,0,11.5
7.0,0.0,60.0,45.0,0,15.4
0.0,0.0,88.0,39.0,0,18.0
-1.4,0.0,100.0,65.0,0,11.1
2.9,0.0,59.0,42.0,0,15.8
1.9,0.0,85.0,46.0,0,16.6
-0.1,0.0,100.0,42.0,0,16.9
-1.9,0.0,100.0,53.0,0,13.7
3.6,4.2,100.0,83.0,1,14.9
6.9,0.2,56.0,56.0,0,15.2
12.4,0.4,94.0,75.0,0,15.9
11.2,1.4,97.0,96.0,1,14.0
7.8,1.6,88.0,74.0,1,14.9
8.5,0.4,100.0,64.0,0,17.6
9.6,0.0,96.0,54.0,0,19.2
8.4,0.0,48.0,32.0,0,18.0
7.0,0.0,44.0,35.0,0,12.9
0.3,0.0,76.0,32.0,0,16.1
-0.5,0.0,80.0,40.0,0,17.0
1.1,0.0,100.0,59.0,0,17.6
7.2,0.8,100.0,65.0,0,18.5
4.2,0.2,100.0,48.0,0,23.7
8.2,0.0,100.0,57.0,0,24.1
13.0,19.0,100.0,100.0,1,15.9
11.7,13.2,98.0,76.0,1,18.6
8.0,0.0,100.0,51.0,0,24.8
13.1,3.2,45.0,36.0,1,16.1
2.6,0.0,78.0,42.0,0,13.6
1.0,0.0,55.0,41.0,0,16.1
7.7,0.0,63.0,34.0,0,18.3
6.5,0.0,56.0,43.0,0,17.1
2.3,0.0,68.0,45.0,0,18.9
1.2,0.0,81.0,40.0,0,18.2
2.4,0.0,79.0,52.0,0,18.3
6.1,0.0,100.0,42.0,0,19.9
7.0,0.0,81.0,77.0,0,14.9
7.8,0.2,100.0,100.0,0,9.5
8.7,16.6,83.0,66.0,1,14.0
9.8,0.0,85.0,67.0,0,14.0
7.8,3.2,82.0,70.0,1,14.5
6.0,0.0,88.0,66.0,0,15.5
7.7,0.0,97.0,61.0,0,16.6
3.6,1.4,97.0,46.0,1,17.7
2.2,0.0,100.0,55.0,0,17.0
7.0,0.0,71.0,35.0,0,24.6
5.0,0.0,56.0,35.0,0,18.6
1.0,0.0,62.0,41.0,0,16.7
4.6,0.0,56.0,37.0,0,19.1
2.3,0.0,77.0,48.0,0,18.7
3.2,0.0,94.0,50.0,0,20.0
3.8,0.0,100.0,43.0,0,22.3
3.1,0.0,94.0,35.0,0,23.6
4.9,0.0,75.0,36.0,0,22.4
3.4,0.0,89.0,38.0,0,21.2
6.8,0.4,60.0,41.0,0,15.8
0.8,0.0,72.0,40.0,0,19.1
4.5,0.0,75.0,90.0,0,9.8
3.6,5.6,81.0,61.0,1,15.7
10.0,0.0,95.0,100.0,0,11.7
7.8,31.2,86.0,49.0,1,15.3
2.9,0.0,63.0,50.0,0,15.1
3.1,0.0,68.0,43.0,0,18.1
2.2,0.0,70.0,46.0,0,16.2
2.5,0.0,84.0,47.0,0,18.4
6.6,0.0,90.0,57.0,0,20.1
10.4,0.0,90.0,52.0,0,21.4
5.8,0.0,89.0,42.0,0,21.8
12.6,10.0,100.0,100.0,1,14.6
12.6,21.4,63.0,57.0,1,18.0
5.4,0.0,64.0,45.0,0,19.2
4.1,0.0,69.0,46.0,0,20.3
5.2,0.0,89.0,46.0,0,22.8
9.5,0.0,82.0,62.0,0,21.1
12.9,0.0,100.0,51.0,0,21.6
9.0,0.0,100.0,46.0,0,22.4
12.2,3.8,73.0,46.0,1,20.5
6.7,0.0,61.0,44.0,0,19.8
7.8,0.0,70.0,55.0,0,20.0
12.4,0.0,75.0,70.0,0,19.4
13.9,2.2,100.0,70.0,1,22.2
10.3,0.0,42.0,52.0,0,18.3
9.1,0.0,66.0,44.0,0,20.4
4.6,0.0,73.0,51.0,0,20.9
9.6,0.0,89.0,100.0,0,12.7
9.3,12.0,70.0,41.0,1,19.7
3.4,0.0,58.0,45.0,0,18.3
10.8,0.0,73.0,86.0,0,15.6
7.7,1.2,69.0,56.0,1,17.9
12.4,0.0,59.0,52.0,0,21.5
7.4,0.0,69.0,50.0,0,23.6
12.3,0.0,82.0,51.0,0,20.8
6.8,0.0,60.0,41.0,0,20.6
2.9,0.0,60.0,31.0,0,19.8
4.0,0.0,59.0,37.0,0,20.3
6.1,3.2,99.0,56.0,1,20.7
7.6,1.0,52.0,48.0,0,16.6
9.7,0.0,53.0,47.0,0,19.1
4.3,0.0,74.0,33.0,0,25.3
13.2,0.0,61.0,34.0,0,21.0
8.7,0.0,47.0,37.0,0,22.0
8.8,1.0,48.0,25.0,0,21.7
8.2,0.0,44.0,26.0,0,26.6
9.5,0.0,65.0,24.0,0,29.4
12.7,0.0,66.0,63.0,0,18.4
11.4,0.0,56.0,45.0,0,21.4
9.8,0.0,76.0,34.0,0,31.2
10.5,0.0,43.0,29.0,0,19.2
3.6,0.0,60.0,39.0,0,21.1
10.7,0.0,58.0,45.0,0,18.9
5.1,0.0,63.0,31.0,0,21.7
5.2,0.0,71.0,24.0,0,26.7
6.4,0.0,55.0,26.0,0,30.0
17.1,0.0,62.0,83.0,0,15.5
4.7,1.4,66.0,31.0,1,24.2
11.2,0.0,50.0,24.0,0,21.6
10.9,0.0,68.0,53.0,0,21.0
8.6,0.0,81.0,28.0,0,28.4
15.6,8.8,100.0,55.0,1,18.6
8.6,1.0,50.0,44.0,0,18.1
5.4,0.0,66.0,33.0,0,22.9
5.1,0.0,77.0,29.0,0,25.6
8.0,0.0,59.0,23.0,0,28.1
9.6,0.0,68.0,67.0,0,19.6
12.1,1.4,98.0,71.0,1,17.8
13.5,0.0,84.0,61.0,0,23.0
15.6,0.0,79.0,51.0,0,27.4
13.7,0.6,36.0,23.0,0,21.8
6.3,0.0,41.0,24.0,0,23.8
6.4,0.0,47.0,24.0,0,26.6
8.4,0.0,55.0,29.0,0,28.1
9.3,0.0,63.0,18.0,0,30.4
13.9,0.0,19.0,20.0,0,24.4
9.1,0.0,32.0,27.0,0,25.7
8.1,0.0,49.0,21.0,0,33.5
13.1,0.0,61.0,45.0,0,29.3
16.3,1.6,84.0,79.0,1,19.4
13.3,1.6,89.0,31.0,1,29.2
15.2,0.0,74.0,55.0,0,25.6
17.0,5.4,89.0,34.0,1,34.6
12.5,0.0,40.0,22.0,0,27.0
15.4,0.0,47.0,50.0,0,21.2
12.9,1.0,74.0,44.0,0,22.3
9.4,0.0,58.0,53.0,0,24.5
15.5,0.0,61.0,38.0,0,27.4
11.7,0.0,66.0,23.0,0,36.2
15.2,0.0,65.0,58.0,0,24.7
17.3,0.0,82.0,46.0,0,29.0
15.5,0.0,67.0,39.0,0,31.6
14.5,0.0,56.0,22.0,0,34.2
17.3,0.0,67.0,61.0,0,25.4
11.8,0.0,40.0,25.0,0,26.1
8.8,0.0,41.0,31.0,0,26.4
13.0,0.0,65.0,31.0,0,29.1
18.1,0.0,77.0,57.0,0,24.9
18.1,0.0,69.0,48.0,0,29.5
17.6,0.2,66.0,58.0,0,25.6
16.4,0.0,70.0,60.0,0,26.0
11.13171880255634,2.193101092896175,76.89576988155669,51.38185511171293,0,22.522698145025295
11.13171880255634,2.193101092896175,76.89576988155669,51.38185511171293,0,22.522698145025295
11.13171880255634,2.193101092896175,76.89576988155669,51.38185511171293,0,22.522698145025295
11.13171880255634,2.193101092896175,76.89576988155669,51.38185511171293,0,22.522698145025295
11.13171880255634,2.193101092896175,76.89576988155669,51.38185511171293,0,22.522698145025295
11.13171880255634,2.193101092896175,76.89576988155669,51.38185511171293,0,22.522698145025295
11.13171880255634,2.193101092896175,76.89576988155669,51.38185511171293,0,22.522698145025295
11.13171880255634,2.193101092896175,76.89576988155669,51.38185511171293,0,22.522698145025295
11.13171880255634,2.193101092896175,76.89576988155669,51.38185511171293,0,22.522698145025295
11.13171880255634,2.193101092896175,76.89576988155669,51.38185511171293,0,22.522698145025295
11.13171880255634,2.193101092896175,76.89576988155669,51.38185511171293,0,22.522698145025295
11.13171880255634,2.193101092896175,76.89576988155669,51.38185511171293,0,22.522698145025295
11.13171880255634,2.193101092896175,76.89576988155669,51.38185511171293,0,22.522698145025295
11.13171880255634,2.193101092896175,76.89576988155669,51.38185511171293,0,22.522698145025295
11.13171880255634,2.193101092896175,76.89576988155669,51.38185511171293,0,22.522698145025295
11.13171880255634,2.193101092896175,76.89576988155669,95.0,0,18.9
11.13171880255634,2.193101092896175,67.0,30.0,0,32.6
17.2,0.0,67.0,61.0,0,18.9
14.8,0.0,70.0,48.0,0,24.2
11.9,0.0,67.0,26.0,0,36.2
15.1,0.0,73.0,51.0,0,26.9
17.4,0.4,87.0,53.0,0,25.9
18.5,0.0,64.0,55.0,0,26.1
15.4,0.0,74.0,52.0,0,28.5
14.8,4.0,77.0,49.0,1,30.6
17.1,0.0,72.0,81.0,0,25.0
18.3,5.6,71.0,51.0,1,31.5
18.0,0.0,74.0,40.0,0,33.9
21.5,0.0,73.0,23.0,0,39.5
22.6,0.0,51.0,46.0,0,32.6
23.1,0.2,70.0,55.0,0,31.6
21.6,0.0,80.0,65.0,0,27.6
19.9,0.0,77.0,58.0,0,24.7
15.1,0.2,63.0,48.0,0,27.3
17.6,0.6,58.0,46.0,0,26.5
17.6,2.193101092896175,86.0,98.0,0,21.0
17.9,9.6,90.0,87.0,1,22.3
16.3,1.2,68.0,51.0,1,27.9
15.0,0.0,73.0,32.0,0,35.1
18.0,0.0,61.0,40.0,0,33.8
21.0,2.4,81.0,36.0,1,35.2
20.9,0.0,60.0,24.0,0,39.8
20.4,0.0,79.0,52.0,0,29.2
20.6,0.0,69.0,27.0,0,41.0
25.1,0.0,55.0,20.0,0,37.8
19.8,0.0,70.0,59.0,0,26.3
17.8,0.0,65.0,34.0,0,33.5
16.7,0.0,70.0,26.0,0,39.6
23.0,0.0,30.0,48.0,0,30.9
17.2,0.2,73.0,78.0,0,21.1
17.9,0.4,72.0,81.0,0,26.4
19.9,7.2,55.0,43.0,1,27.6
18.0,0.0,61.0,47.0,0,28.2
17.2,0.0,76.0,36.0,0,36.6
22.5,0.0,37.0,45.0,0,34.0
18.6,1.8,76.0,69.0,1,22.7
18.6,0.0,82.0,69.0,0,25.1
19.5,0.0,78.0,60.0,0,26.6
16.2,0.0,75.0,29.0,0,37.6
20.0,0.0,72.0,59.0,0,30.2
19.8,0.0,79.0,22.0,0,41.1
23.0,0.0,54.0,55.0,0,29.5
20.1,0.0,83.0,77.0,0,23.8
20.5,0.6,52.0,51.0,0,26.9
19.2,0.2,94.0,76.0,0,24.8
20.2,0.0,82.0,58.0,0,33.2
21.9,0.0,82.0,29.0,0,37.9
21.5,0.0,60.0,45.0,0,35.4
21.6,0.0,92.0,100.0,0,21.9
20.0,22.0,91.0,99.0,1,23.5
20.6,17.0,88.0,52.0,1,34.2
20.7,0.0,84.0,23.0,0,43.5
21.5,0.0,90.0,30.0,0,43.3
22.6,0.0,86.0,76.0,0,27.9
12.5,0.0,44.0,28.0,0,29.5
18.6,0.0,67.0,60.0,0,23.7
17.1,0.0,69.0,48.0,0,28.0
16.3,0.0,87.0,29.0,0,36.8
17.9,0.0,80.0,59.0,0,23.7
19.5,5.2,91.0,56.0,1,30.1
17.4,4.8,80.0,41.0,1,27.3
14.5,0.0,44.0,23.0,0,26.9
11.9,0.0,59.0,45.0,0,28.6
14.7,0.0,85.0,53.0,0,31.1
15.8,0.0,90.0,52.0,0,34.5
17.2,0.0,84.0,63.0,0,27.7
19.1,2.4,83.0,74.0,1,21.0
17.2,32.6,93.0,68.0,1,23.0
16.5,2.0,91.0,63.0,1,26.3
17.6,6.2,95.0,80.0,1,24.8
19.0,13.4,100.0,91.0,1,21.3
18.7,16.2,100.0,88.0,1,23.4
19.5,0.4,100.0,100.0,0,20.4
18.9,21.6,100.0,100.0,1,21.8
18.8,2.0,100.0,100.0,1,23.4
16.8,2.2,74.0,55.0,1,25.4
15.6,0.2,78.0,57.0,0,24.7
15.1,1.2,100.0,70.0,1,22.4
16.0,0.4,94.0,61.0,0,22.4
15.4,0.0,86.0,51.0,0,24.6
13.3,0.0,100.0,53.0,0,26.3
13.1,0.0,100.0,54.0,0,30.9
17.2,0.0,100.0,56.0,0,27.8
19.1,18.2,100.0,100.0,1,20.5
18.5,54.0,100.0,100.0,1,24.2
20.3,17.0,100.0,100.0,1,23.8
19.7,36.6,100.0,98.0,1,20.6
18.2,12.2,100.0,100.0,1,22.1
19.9,16.0,76.89576988155669,51.38185511171293,1,25.9
21.1,1.2,76.89576988155669,100.0,1,27.9
22.3,0.0,100.0,100.0,0,26.2
20.7,16.2,76.89576988155669,100.0,1,29.8
19.6,8.8,100.0,100.0,1,20.5
17.5,7.4,100.0,100.0,1,23.3
17.2,0.2,100.0,100.0,0,22.7
15.8,0.2,100.0,91.0,0,28.1
16.7,0.0,100.0,51.38185511171293,0,28.3
18.7,0.0,76.89576988155669,51.38185511171293,0,23.3
20.0,0.0,76.89576988155669,51.38185511171293,0,30.9
21.3,0.2,76.89576988155669,51.38185511171293,0,18.3
12.5,39.6,76.89576988155669,51.38185511171293,1,22.4
10.8,0.0,76.89576988155669,51.38185511171293,0,24.0
14.4,0.4,76.89576988155669,51.38185511171293,0,21.4
12.7,3.6,76.89576988155669,51.38185511171293,1,17.3
12.0,11.6,76.89576988155669,51.38185511171293,1,18.2
11.9,2.2,76.89576988155669,51.38185511171293,1,20.6
9.9,0.0,76.89576988155669,41.0,0,22.7
11.8,0.0,68.0,43.0,0,23.4
10.0,0.0,71.0,42.0,0,24.0
10.6,0.0,78.0,46.0,0,25.4
9.0,7.4,56.0,57.0,1,16.1
8.4,0.0,54.0,50.0,0,22.6
13.1,0.0,66.0,71.0,0,19.7
13.4,0.0,64.0,55.0,0,21.1
10.1,0.0,75.0,35.0,0,24.1
9.5,0.0,77.0,44.0,0,23.5
10.2,0.0,86.0,41.0,0,23.3
10.8,0.0,72.0,45.0,0,23.8
12.3,0.0,81.0,52.0,0,24.5
12.0,0.0,86.0,61.0,0,22.8
12.4,0.0,82.0,57.0,0,23.1
9.9,0.0,86.0,58.0,0,22.4
14.5,0.0,95.0,63.0,0,22.6
11.3,0.0,81.0,43.0,0,25.9
12.0,0.2,81.0,50.0,0,24.6
14.9,0.2,99.0,60.0,0,22.8
11.2,0.0,60.0,82.0,0,12.4
7.6,2.0,50.0,49.0,1,17.3
7.4,0.0,56.0,40.0,0,19.9
5.3,0.0,72.0,42.0,0,21.4
8.5,0.0,70.0,52.0,0,20.9
7.2,0.0,90.0,48.0,0,24.1
9.1,0.0,62.0,44.0,0,20.6
10.8,0.0,58.0,59.0,0,16.6
10.2,1.0,73.0,61.0,0,17.0
8.3,0.0,80.0,47.0,0,21.6
6.5,0.0,92.0,52.0,0,23.3
8.0,0.0,54.0,27.0,0,19.8
4.2,0.0,64.0,42.0,0,18.8
6.3,0.0,65.0,43.0,0,20.2
6.8,0.0,76.0,45.0,0,20.0
7.2,0.0,80.0,45.0,0,20.4
8.5,0.0,80.0,62.0,0,18.6
10.6,0.0,90.0,63.0,0,19.9
10.3,0.0,97.0,71.0,0,18.6
10.5,1.2,75.0,45.0,1,19.9
5.4,0.0,79.0,43.0,0,20.4
4.5,0.0,97.0,54.0,0,19.9
8.7,0.0,98.0,67.0,0,19.7
13.1,0.0,86.0,97.0,0,17.4
14.9,9.0,99.0,57.0,1,21.6
9.3,0.0,91.0,46.0,0,21.8
9.5,0.0,100.0,55.0,0,21.0
10.4,0.0,99.0,57.0,0,22.3
8.8,3.2,98.0,40.0,1,20.7
5.8,0.0,75.0,45.0,0,19.6
5.1,0.0,76.0,58.0,0,18.2
8.0,0.0,92.0,58.0,0,20.0
5.2,0.0,100.0,42.0,0,22.0
6.9,0.2,49.0,35.0,0,16.2
-0.1,0.6,84.0,44.0,0,17.4
6.5,0.4,81.0,42.0,0,14.5
5.8,0.0,55.0,44.0,0,16.6
5.7,0.0,61.0,48.0,0,16.9
8.5,0.0,64.0,61.0,0,16.9
7.2,0.0,88.0,43.0,0,19.1
4.9,0.0,98.0,50.0,0,17.5
1.7,0.0,82.0,45.0,0,16.0
8.3,17.4,96.0,90.0,1,13.3
10.8,12.8,92.0,68.0,1,17.4
9.3,0.0,81.0,64.0,0,17.8
12.2,23.6,99.0,83.0,1,15.3
9.5,0.4,99.0,80.0,0,16.4
5.5,0.2,100.0,53.0,0,19.9
7.5,0.2,86.0,65.0,0,16.9
9.1,0.0,79.0,65.0,0,18.3
5.7,0.2,100.0,62.0,0,18.8
10.1,0.0,98.0,68.0,0,16.2
11.7,0.0,84.0,72.0,0,16.8
9.6,0.0,81.0,56.0,0,16.7
8.2,0.0,81.0,56.0,0,18.9
10.2,0.0,82.0,57.0,0,19.0
4.1,0.2,99.0,61.0,0,16.4
6.8,0.0,92.0,55.0,0,17.9
3.8,0.2,100.0,64.0,0,16.0
2.7,0.0,96.0,40.0,0,18.5
0.8,0.2,99.0,40.0,0,17.8
