MinTemp,Rainfall,Humidity9am,Humidity3pm,RainToday,Temp3pm,MaxTemp
15.2,0.0,35.0,23.0,0,31.3,32.6
15.0,0.0,64.0,38.0,0,30.1,31.7
15.9,0.0,63.0,16.0,0,31.4,33.4
17.2,0.0,71.0,55.0,0,22.7,24.8
17.8,0.0,97.0,48.0,0,29.6,32.2
18.1,0.2,75.0,26.0,0,35.7,36.2
19.3,0.0,99.0,89.0,0,21.7,27.8
17.2,12.0,84.0,99.0,1,19.6,26.9
15.9,4.8,89.0,21.0,1,32.2,33.0
19.5,0.0,60.0,49.0989898989899,0,23.354090758529313,24.764366290643665
12.577449352374625,2.175303643724696,100.0,84.0,0,18.6,18.7
15.5,6.8,100.0,49.0989898989899,1,16.7,21.1
15.8,42.2,100.0,35.0,1,32.0,32.7
19.1,0.0,42.0,37.0,0,23.3,25.5
15.1,0.0,42.0,34.0,0,25.8,27.3
12.9,0.0,70.0,32.0,0,29.2,30.5
14.8,0.0,69.0,30.0,0,30.4,31.6
18.6,0.0,60.0,26.0,0,32.1,33.5
15.8,0.0,44.0,27.0,0,28.0,28.5
14.2,0.0,52.0,55.0,0,20.6,24.1
10.7,0.0,66.0,40.0,0,24.1,25.8
13.3,0.0,72.0,33.0,0,29.0,30.1
16.3,0.0,82.0,47.0,0,29.4,29.4
18.3,0.0,86.0,99.0,0,19.1,19.9
17.6,0.6,99.0,56.0,0,26.4,27.8
19.0,0.0,81.0,35.0,0,32.7,34.7
18.9,0.0,93.0,48.0,0,30.2,33.0
17.2,1.8,79.0,34.0,1,33.2,34.9
18.9,0.0,79.0,68.0,0,24.3,29.3
17.5,1.4,99.0,21.0,1,31.6,32.9
17.8,0.2,31.0,13.0,0,32.6,33.2
14.8,0.0,65.0,17.0,0,34.4,35.4
16.9,0.0,65.0,50.0,0,23.5,28.5
14.1,0.0,60.0,51.0,0,22.6,23.2
18.1,0.0,74.0,43.0,0,29.6,31.7
17.5,0.0,71.0,20.0,0,39.0,39.3
16.5,0.0,71.0,9.0,0,40.0,41.6
18.7,0.0,76.0,22.0,0,39.5,40.2
20.4,2.175303643724696,82.0,99.0,0,19.3,22.6
15.3,1.4,71.0,45.0,1,21.3,21.8
14.3,0.0,58.0,39.0,0,25.4,26.8
14.3,0.0,61.0,37.0,0,29.8,30.9
17.4,8.4,100.0,55.0,1,27.3,29.9
19.9,0.0,89.0,39.0,0,31.1,32.9
18.1,0.0,70.0,19.0,0,39.6,40.0
20.3,0.0,49.0,17.0,0,42.2,43.3
17.1,1.0,55.0,30.0,0,32.4,37.2
16.6,0.2,62.0,42.0,0,21.7,23.2
12.9,0.0,56.0,30.0,0,28.3,29.3
13.8,0.0,65.0,23.0,0,32.5,33.6
17.1,0.0,59.0,18.0,0,39.2,39.5
22.8,0.0,64.0,25.0,0,37.5,39.8
21.7,2.2,67.0,41.0,1,32.2,33.5
22.2,0.2,61.0,35.0,0,36.6,36.8
23.1,0.0,61.0,14.0,0,40.4,42.1
19.7,0.0,59.0,38.0,0,28.1,29.4
20.7,0.0,64.0,53.0,0,29.6,31.4
19.7,5.6,98.0,66.0,1,27.0,29.5
18.6,0.2,94.0,38.0,0,33.5,35.8
18.6,0.0,72.0,21.0,0,34.6,36.0
19.8,0.0,70.0,29.0,0,34.2,35.4
18.9,0.0,68.0,28.0,0,37.5,38.6
20.5,0.0,70.0,46.0,0,31.2,33.0
21.2,0.0,71.0,36.0,0,34.1,35.4
21.8,0.2,68.0,34.0,0,32.6,34.8
22.3,0.0,70.0,41.0,0,32.3,33.4
21.0,0.0,74.0,27.0,0,38.5,39.5
22.8,0.0,68.0,21.0,0,40.0,41.4
22.3,0.0,54.0,17.0,0,40.7,42.3
19.8,0.0,49.0,19.0,0,40.6,42.5
22.2,0.0,80.0,70.0,0,23.0,23.6
17.4,3.2,93.0,96.0,1,19.3,20.2
16.2,6.6,80.0,68.0,1,20.9,22.0
15.9,1.6,76.0,60.0,1,20.9,21.3
15.6,0.8,86.0,72.0,0,19.1,19.8
15.1,28.0,94.0,97.0,1,17.5,18.2
15.8,32.8,89.0,90.0,1,20.5,20.8
16.5,34.6,94.0,63.0,1,22.9,23.7
17.2,3.8,93.0,62.0,1,21.4,22.4
17.7,10.8,80.0,60.0,1,25.0,27.5
18.6,0.0,77.0,71.0,0,25.5,29.0
19.7,0.4,78.0,44.0,0,31.1,32.6
21.1,0.0,97.0,86.0,0,22.0,27.2
18.7,10.0,81.0,59.0,1,25.4,26.8
19.4,0.0,79.0,52.0,0,30.3,32.6
17.4,3.2,95.0,44.0,1,32.4,33.0
20.3,0.2,83.0,47.0,0,29.4,30.5
18.7,0.0,73.0,46.0,0,25.4,26.2
16.2,0.0,65.0,44.0,0,26.1,26.7
15.1,0.0,77.0,40.0,0,32.0,32.8
18.7,0.0,76.0,44.0,0,28.6,29.3
19.8,0.0,78.0,48.0,0,27.4,28.5
18.5,0.0,83.0,48.0,0,27.5,29.0
20.8,0.0,86.0,50.0,0,24.9,26.1
11.8,0.0,45.0,27.0,0,25.6,26.8
10.9,0.0,69.0,35.0,0,25.4,26.6
14.2,0.0,71.0,41.0,0,28.2,30.0
18.8,0.0,77.0,67.0,0,23.4,25.1
16.6,8.8,98.0,68.0,1,24.3,25.5
17.5,1.0,89.0,56.0,0,24.4,26.1
15.7,0.0,74.0,73.0,0,22.0,23.2
16.9,2.8,97.0,58.0,1,27.0,27.2
18.0,0.0,91.0,69.0,0,25.0,26.7
16.6,2.0,86.0,66.0,1,27.7,27.9
16.9,10.4,94.0,44.0,1,29.8,31.8
12.1,0.2,49.0,33.0,0,26.5,27.5
11.5,0.0,62.0,32.0,0,25.8,26.4
16.5,0.0,65.0,45.0,0,26.4,27.2
14.3,0.0,80.0,49.0,0,29.5,31.2
16.9,0.0,83.0,43.0,0,29.3,30.4
16.5,0.0,87.0,58.0,0,27.4,28.1
14.8,0.0,85.0,38.0,0,27.3,28.9
15.9,0.0,89.0,37.0,0,30.3,30.7
17.5,0.0,85.0,33.0,0,33.3,33.9
17.1,0.0,86.0,42.0,0,32.8,34.2
18.9,18.2,88.0,59.0,1,28.9,30.5
19.1,0.2,77.0,62.0,0,23.6,24.4
14.4,0.0,85.0,46.0,0,24.8,25.9
12.8,0.0,79.0,39.0,0,26.5,27.2
17.0,0.0,77.0,50.0,0,25.7,26.5
18.6,2.4,95.0,93.0,1,19.1,21.2
17.9,36.8,98.0,89.0,1,21.4,22.9
19.0,27.8,98.0,87.0,1,21.9,23.6
18.6,2.4,98.0,66.0,1,26.6,27.1
18.2,1.4,96.0,66.0,1,19.2,20.3
16.8,0.0,66.0,60.0,0,23.6,23.9
13.5,0.0,72.0,59.0,0,20.1,22.2
15.4,0.0,69.0,56.0,0,21.9,22.8
12.1,0.0,68.0,45.0,0,23.0,23.7
12.8,0.0,74.0,50.0,0,23.6,24.1
11.9,0.0,97.0,57.0,0,24.1,24.8
15.5,0.0,93.0,63.0,0,22.9,23.4
17.4,1.2,86.0,75.0,1,23.4,23.9
18.6,0.2,84.0,84.0,0,20.7,22.9
16.1,6.2,82.0,58.0,1,26.2,26.8
13.1,0.0,76.0,26.0,0,28.6,29.1
11.7,0.2,54.0,39.0,0,24.3,24.5
9.9,0.0,74.0,37.0,0,23.5,23.9
13.3,0.0,62.0,47.0,0,22.9,24.1
15.2,0.0,63.0,98.0,0,16.6,19.9
15.1,7.8,86.0,87.0,1,16.4,19.2
14.4,1.6,74.0,86.0,1,17.4,20.8
14.6,3.2,85.0,62.0,1,19.9,22.3
14.1,0.2,64.0,57.0,0,20.3,21.5
10.5,0.2,98.0,72.0,0,20.9,22.2
12.3,0.6,51.0,43.0,0,21.7,23.1
14.6,0.0,47.0,36.0,0,18.6,19.7
7.1,0.0,46.0,35.0,0,17.4,18.4
7.1,0.0,66.0,36.0,0,18.9,22.3
6.9,0.0,69.0,55.0,0,17.5,18.1
9.9,0.0,60.0,69.0,0,16.1,19.3
7.2,0.0,81.0,43.0,0,21.2,21.7
7.4,0.2,74.0,38.0,0,21.6,22.4
10.6,0.0,68.0,45.0,0,22.1,22.4
9.1,0.0,98.0,45.0,0,23.2,23.6
12.1,0.0,72.0,50.0,0,20.9,21.3
11.4,0.0,98.0,46.0,0,22.7,23.0
8.9,0.2,98.0,41.0,0,22.0,23.4
10.1,0.0,62.0,47.0,0,21.9,21.9
8.1,0.0,82.0,38.0,0,22.5,22.9
10.6,0.0,66.0,77.0,0,16.7,18.2
8.5,0.4,88.0,45.0,0,19.5,20.7
6.3,0.0,97.0,39.0,0,20.5,21.1
7.6,0.2,88.0,35.0,0,21.1,21.9
4.7,0.0,64.0,35.0,0,19.9,21.5
6.9,0.0,64.0,38.0,0,20.7,22.0
14.1,0.0,55.0,44.0,0,21.5,22.0
5.7,0.0,77.0,40.0,0,19.8,20.9
7.2,0.0,92.0,55.0,0,19.2,21.0
10.9,0.0,95.0,58.0,0,20.1,21.4
13.8,11.8,98.0,82.0,1,17.3,19.6
13.9,8.2,91.0,66.0,1,18.1,19.2
13.8,14.4,77.0,98.0,1,15.9,18.4
13.8,30.0,97.0,72.0,1,19.2,20.9
14.1,5.0,92.0,60.0,1,20.3,21.4
11.3,0.2,97.0,73.0,0,18.6,19.3
10.4,0.4,84.0,68.0,0,19.7,20.8
12.1,0.4,97.0,97.0,0,16.0,16.2
11.0,2.6,82.0,70.0,1,17.3,19.7
12.0,0.0,77.0,64.0,0,16.4,17.4
11.3,0.2,65.0,73.0,0,15.1,18.4
11.7,9.2,95.0,78.0,1,15.6,18.0
11.6,0.4,95.0,71.0,0,16.2,16.8
11.0,0.6,97.0,69.0,0,18.0,18.9
13.4,7.6,97.0,79.0,1,17.7,18.1
10.2,0.2,93.0,85.0,0,16.3,16.9
11.6,0.0,91.0,73.0,0,17.8,19.8
5.3,0.2,89.0,44.0,0,17.8,19.2
8.6,1.2,93.0,49.0,1,17.6,19.7
7.2,0.0,82.0,44.0,0,17.1,19.2
8.4,0.0,48.0,46.0,0,14.4,16.4
8.5,0.0,42.0,38.0,0,12.8,14.3
1.7,0.0,67.0,31.0,0,16.0,16.4
2.1,0.2,80.0,46.0,0,15.5,16.6
4.3,0.0,92.0,70.0,0,13.9,14.6
5.5,0.0,92.0,77.0,0,14.2,16.1
3.9,0.2,91.0,38.0,0,17.6,20.4
4.9,0.2,64.0,71.0,0,15.0,17.6
10.8,0.2,66.0,78.0,0,14.1,15.9
8.8,0.2,77.0,71.0,0,15.1,17.2
7.3,2.2,97.0,50.0,1,17.0,17.9
9.2,1.4,98.0,92.0,1,15.6,17.3
10.4,1.2,97.0,96.0,1,15.8,16.2
12.0,11.4,98.0,74.0,1,18.6,19.9
7.0,0.2,98.0,62.0,0,18.8,18.9
5.4,0.4,98.0,63.0,0,17.1,17.3
5.0,0.2,98.0,50.0,0,15.3,16.8
5.9,0.0,84.0,54.0,0,17.4,17.9
6.3,0.2,98.0,66.0,0,15.0,15.1
8.2,0.2,97.0,79.0,0,16.0,18.5
4.8,0.2,94.0,44.0,0,20.3,20.9
8.8,0.0,97.0,68.0,0,17.8,19.6
9.2,0.0,74.0,32.0,0,19.6,21.1
11.0,0.0,45.0,36.0,0,16.8,18.4
9.8,0.0,46.0,42.0,0,14.6,16.7
3.3,0.0,71.0,43.0,0,16.4,17.2
4.2,0.0,74.0,37.0,0,17.0,17.6
1.5,0.2,97.0,62.0,0,12.4,13.1
5.2,0.0,65.0,60.0,0,13.9,15.4
6.6,2.0,97.0,61.0,1,15.8,16.0
6.5,0.4,98.0,69.0,0,15.5,16.6
8.5,1.8,98.0,67.0,1,14.9,17.8
6.4,0.6,98.0,71.0,0,15.9,16.5
7.8,0.2,98.0,64.0,0,18.5,18.9
7.5,0.0,65.0,43.0,0,16.5,18.2
7.5,0.0,69.0,38.0,0,16.3,17.9
2.6,0.0,92.0,61.0,0,14.0,15.2
4.9,0.2,98.0,46.0,0,16.3,16.7
8.2,2.8,61.0,54.0,1,16.3,17.1
3.7,0.0,97.0,50.0,0,17.3,18.6
2.1,0.2,90.0,35.0,0,20.7,20.8
3.2,0.0,79.0,32.0,0,20.8,21.4
2.9,0.0,81.0,26.0,0,23.2,23.9
6.5,0.0,65.0,29.0,0,23.4,26.7
8.6,1.4,51.0,44.0,1,16.4,18.8
6.4,0.0,56.0,44.0,0,17.0,17.6
1.5,0.2,93.0,39.0,0,17.6,18.1
5.0,0.0,97.0,89.0,0,10.8,11.2
4.2,5.0,97.0,38.0,1,18.7,19.4
2.4,0.0,82.0,39.0,0,17.7,19.4
2.6,0.2,89.0,50.0,0,17.9,19.8
3.2,0.0,83.0,40.0,0,19.4,19.7
3.2,0.2,81.0,39.0,0,19.8,20.8
3.3,0.0,83.0,39.0,0,19.6,19.9
2.5,0.0,82.0,38.0,0,19.6,20.0
3.2,0.2,69.0,32.0,0,19.9,20.8
6.3,0.0,82.0,34.0,0,19.0,19.3
2.6,0.0,81.0,40.0,0,18.9,19.5
3.8,0.0,97.0,38.0,0,20.2,20.5
4.1,0.0,77.0,28.0,0,22.3,24.1
3.5,0.0,46.0,35.0,0,17.5,17.9
1.5,0.0,97.0,36.0,0,17.3,17.8
2.6,0.2,97.0,50.0,0,16.8,17.8
5.9,0.0,97.0,69.0,0,17.3,18.6
5.0,5.2,84.0,43.0,1,18.8,20.8
3.9,0.2,77.0,38.0,0,21.0,21.4
4.9,0.0,75.0,32.0,0,21.5,22.0
3.2,0.0,77.0,35.0,0,21.5,21.9
3.7,0.0,84.0,29.0,0,26.5,26.9
9.0,0.2,43.0,25.0,0,21.2,22.9
4.1,0.0,55.0,29.0,0,18.9,19.8
3.5,0.0,73.0,34.0,0,20.8,21.2
6.4,0.0,92.0,31.0,0,23.1,23.4
5.0,0.0,77.0,25.0,0,26.6,27.3
10.7,0.2,65.0,39.0,0,20.4,20.9
7.5,0.0,73.0,39.0,0,25.5,26.4
12.577449352374625,2.175303643724696,75.82262996941895,49.0989898989899,0,23.354090758529313,24.5
10.9,1.4,29.0,29.0,1,18.6,20.2
10.7,0.0,26.0,25.0,0,20.4,21.9
6.5,0.0,47.0,15.0,0,25.5,25.9
4.0,0.0,48.0,14.0,0,25.6,26.1
11.0,0.4,75.0,39.0,0,25.8,26.8
13.0,0.0,34.0,25.0,0,18.3,19.8
4.2,0.0,50.0,31.0,0,20.2,22.3
5.6,0.0,53.0,29.0,0,21.9,23.4
5.3,0.0,64.0,34.0,0,22.0,23.2
8.3,0.0,68.0,97.0,0,14.8,18.4
11.0,4.0,87.0,34.0,1,24.9,25.9
11.0,0.0,40.0,29.0,0,21.9,22.9
6.2,0.0,65.0,34.0,0,22.3,22.8
9.8,0.2,81.0,47.0,0,21.6,22.3
6.4,0.2,57.0,35.0,0,19.9,22.4
6.8,0.0,44.0,36.0,0,19.4,21.3
4.7,0.0,60.0,25.0,0,22.8,23.7
4.2,0.0,56.0,22.0,0,24.4,24.5
6.0,0.0,46.0,18.0,0,30.9,31.4
6.7,0.0,39.0,11.0,0,31.4,32.6
10.5,0.0,58.0,61.0,0,18.0,23.5
14.1,0.0,76.0,43.0,0,25.0,26.2
12.3,0.0,64.0,58.0,0,22.7,23.9
12.8,0.0,88.0,25.0,0,31.0,33.1
14.5,0.2,41.0,44.0,0,22.8,27.1
10.2,0.0,54.0,32.0,0,26.6,27.2
10.4,0.0,57.0,34.0,0,27.1,29.5
11.8,0.0,67.0,52.0,0,22.2,23.1
13.2,0.2,59.0,33.0,0,30.3,30.9
15.0,9.0,50.0,38.0,1,19.8,21.0
9.2,0.0,32.0,30.0,0,22.0,24.1
7.1,0.0,46.0,21.0,0,27.3,27.9
13.6,0.0,30.0,24.0,0,18.8,20.3
9.4,0.0,32.0,30.0,0,15.9,17.8
9.2,0.0,35.0,29.0,0,21.7,22.8
6.1,0.0,41.0,25.0,0,24.1,24.6
7.0,0.0,50.0,16.0,0,28.1,29.2
8.5,0.0,33.0,9.0,0,32.5,33.6
12.5,0.0,58.0,65.0,0,19.1,25.1
13.4,6.0,82.0,91.0,1,14.0,16.1
10.7,11.8,98.0,84.0,1,15.3,16.7
11.5,3.6,97.0,57.0,1,19.7,21.4
9.4,6.2,61.0,38.0,1,21.6,23.1
8.8,0.0,54.0,31.0,0,18.8,20.8
10.9,0.0,46.0,32.0,0,20.1,20.9
9.2,0.0,55.0,96.0,0,12.3,19.2
9.8,0.2,58.0,52.0,0,17.8,19.5
10.5,1.2,92.0,60.0,1,17.8,19.1
7.6,0.6,72.0,71.0,0,18.6,22.5
13.8,0.2,36.0,24.0,0,24.2,24.6
14.0,0.0,38.0,35.0,0,19.0,22.3
11.7,0.4,41.0,30.0,0,22.2,24.6
7.4,0.0,37.0,26.0,0,21.0,22.2
7.3,0.0,49.0,24.0,0,23.6,24.5
11.8,0.0,65.0,29.0,0,24.2,24.8
9.0,0.2,65.0,29.0,0,26.1,26.6
11.6,0.0,63.0,18.0,0,31.7,33.2
10.5,0.0,44.0,9.0,0,35.8,36.4
17.0,0.0,63.0,40.0,0,24.9,26.4
15.5,0.0,56.0,32.0,0,30.6,34.9
15.9,0.0,56.0,34.0,0,26.9,28.2
15.3,0.0,66.0,76.0,0,18.3,21.2
11.7,19.0,14.0,55.0,1,16.7,17.4
12.5,1.2,83.0,66.0,1,17.3,19.1
13.1,0.4,73.0,50.0,0,25.7,27.1
16.3,1.0,82.0,48.0,0,24.9,26.0
15.3,0.0,75.0,40.0,0,29.1,30.7
17.5,0.0,69.0,44.0,0,27.1,29.4
13.6,0.0,65.0,32.0,0,30.8,32.2
17.0,0.0,63.0,54.0,0,29.7,33.0
18.5,0.0,67.0,16.0,0,38.1,39.4
18.5,0.0,83.0,68.0,0,21.5,23.6
16.4,0.6,69.0,49.0989898989899,0,23.354090758529313,25.5
15.3,1.2,73.0,65.0,1,20.8,22.3
16.2,2.2,80.0,44.0,1,25.1,26.2
15.3,1.0,85.0,98.0,0,19.1,23.1
16.9,2.0,74.0,33.0,1,28.8,30.1
12.9,0.2,63.0,31.0,0,30.2,31.5
13.1,0.0,57.0,34.0,0,29.5,31.5
14.0,0.0,59.0,18.0,0,37.9,38.8
18.7,1.6,71.0,56.0,1,22.6,22.7
11.6,0.0,61.0,23.0,0,32.6,33.4
15.2,0.2,45.0,49.0989898989899,0,23.354090758529313,30.9
18.5,0.0,62.0,27.0,0,37.1,38.8
19.1,0.0,58.0,44.0,0,24.2,27.1
17.2,0.0,53.0,32.0,0,30.5,32.4
15.8,0.0,57.0,24.0,0,37.2,39.1
19.7,0.0,52.0,17.0,0,39.7,42.2
23.1,0.0,39.0,26.0,0,35.6,36.7
19.4,0.0,55.0,14.0,0,40.6,42.1
19.1,0.0,66.0,97.0,0,17.4,24.764366290643665
12.577449352374625,2.175303643724696,81.0,71.0,0,20.9,23.0
17.2,0.4,74.0,33.0,0,31.3,32.9
18.7,0.0,73.0,39.0,0,32.8,35.3
20.1,4.2,49.0,26.0,1,33.6,34.8
17.1,0.0,50.0,15.0,0,37.4,39.9
19.0,0.0,25.0,19.0,0,30.5,31.7
14.5,2.175303643724696,75.82262996941895,42.0,0,20.5,23.9
14.0,0.0,58.0,39.0,0,22.4,24.3
12.6,0.0,51.0,26.0,0,29.1,31.5
14.3,0.0,58.0,46.0,0,26.7,29.1
17.3,0.0,63.0,34.0,0,29.4,30.7
17.4,0.0,74.0,39.0,0,30.2,31.4
18.6,0.0,66.0,12.0,0,39.0,39.7
18.5,0.0,70.0,28.0,0,36.5,39.6
17.8,0.0,60.0,45.0,0,26.2,27.9
19.5,0.0,70.0,31.0,0,31.1,32.9
18.9,0.0,27.0,10.0,0,30.3,30.9
14.4,2.175303643724696,75.82262996941895,19.0,0,31.7,33.1
17.8,0.0,62.0,37.0,0,30.2,32.6
18.0,0.6,90.0,72.0,0,21.3,22.0
17.5,0.6,77.0,55.0,0,26.3,28.1
21.0,0.0,70.0,32.0,0,35.6,37.3
19.5,0.0,66.0,20.0,0,37.9,42.3
19.7,8.4,98.0,98.0,1,17.2,21.0
16.6,5.8,74.0,21.0,1,32.0,32.8
17.4,0.0,74.0,61.0,0,22.6,23.6
18.3,0.0,60.0,57.0,0,27.6,30.7
17.9,0.2,72.0,49.0989898989899,0,23.354090758529313,36.6
18.1,0.0,54.0,23.0,0,35.6,37.5
19.8,0.0,48.0,11.0,0,37.0,38.1
21.4,0.0,61.0,71.0,0,25.1,29.5
17.1,12.8,90.0,49.0989898989899,1,23.354090758529313,20.7
17.7,2.2,88.0,82.0,1,22.9,23.2
19.5,2.175303643724696,75.82262996941895,74.0,0,24.6,26.6
19.0,0.8,65.0,46.0,0,28.0,29.2
18.1,2.175303643724696,75.82262996941895,48.0,0,26.0,27.9
19.1,0.0,83.0,66.0,0,26.4,28.1
21.1,0.0,88.0,63.0,0,27.3,28.6
22.2,2.175303643724696,75.82262996941895,69.0,0,27.4,30.5
18.1,15.2,98.0,98.0,1,18.9,20.1
17.0,4.6,98.0,69.0,1,23.2,24.2
16.7,0.0,74.0,38.0,0,32.9,34.2
20.5,8.4,79.0,55.0,1,29.7,30.6
19.4,0.0,83.0,61.0,0,24.4,24.6
18.2,3.0,98.0,54.0,1,28.4,29.9
18.4,0.0,71.0,27.0,0,36.6,37.7
21.4,0.0,57.0,40.0,0,33.0,35.9
20.7,0.0,75.0,51.0,0,29.7,31.4
22.2,2.175303643724696,75.82262996941895,39.0,0,37.5,40.2
23.4,0.0,69.0,57.0,0,30.1,33.9
18.6,9.0,99.0,74.0,1,22.4,23.2
18.8,0.2,87.0,65.0,0,26.6,28.0
20.9,0.2,74.0,61.0,0,27.5,29.2
16.9,0.2,75.0,63.0,0,27.0,31.3
13.5,0.2,35.0,21.0,0,24.1,25.7
12.2,0.0,47.0,19.0,0,28.6,29.8
12.9,0.0,46.0,17.0,0,35.1,36.7
17.4,0.0,67.0,22.0,0,37.5,40.0
19.6,0.0,64.0,18.0,0,41.0,41.5
19.2,0.0,50.0,14.0,0,42.0,42.9
18.3,0.0,86.0,68.0,0,23.1,25.3
18.7,2.175303643724696,75.82262996941895,48.0,0,30.7,32.4
22.0,2.175303643724696,80.0,36.0,0,37.1,41.3
23.0,0.0,73.0,60.0,0,27.2,30.5
20.2,2.2,78.0,64.0,1,27.7,30.3
16.9,2.175303643724696,75.82262996941895,47.0,0,32.1,33.6
20.9,0.2,71.0,49.0989898989899,0,23.354090758529313,30.4
20.6,0.2,85.0,55.0,0,28.4,28.6
19.0,9.8,98.0,50.0,1,28.9,31.8
19.9,0.2,59.0,53.0,0,26.8,30.0
20.3,19.8,100.0,61.0,1,27.8,29.4
21.8,17.2,75.82262996941895,95.0,1,24.5,28.7
22.1,17.8,93.0,76.0,1,28.3,30.1
20.0,92.2,99.0,89.0,1,23.2,23.9
19.5,44.8,75.82262996941895,94.0,1,24.5,25.4
21.0,15.4,100.0,98.0,1,25.0,27.1
19.8,2.8,85.0,48.0,1,30.4,31.9
19.0,0.0,89.0,49.0,0,31.9,33.7
20.2,0.0,76.0,44.0,0,32.1,33.5
21.1,0.0,79.0,33.0,0,36.1,37.1
21.6,20.2,98.0,80.0,1,25.0,25.2
21.7,25.4,75.82262996941895,91.0,1,26.2,27.2
20.0,9.0,99.0,45.0,1,32.9,33.7
19.9,0.2,57.0,55.0,0,25.8,28.4
17.5,0.0,66.0,46.0,0,27.7,28.4
17.0,0.0,65.0,47.0,0,26.1,26.9
15.9,0.0,85.0,57.0,0,25.7,27.0
16.5,2.175303643724696,75.82262996941895,42.0,0,30.2,31.3
17.6,0.0,83.0,33.0,0,34.6,35.1
19.7,0.0,77.0,28.0,0,35.7,36.3
23.7,0.0,57.0,60.0,0,25.4,31.7
18.6,0.0,68.0,57.0,0,24.3,25.4
15.9,2.175303643724696,75.82262996941895,42.0,0,26.7,27.4
14.9,0.0,75.0,55.0,0,25.2,27.3
16.6,0.0,80.0,38.0,0,31.9,32.4
18.9,2.175303643724696,75.82262996941895,54.0,0,29.2,30.4
17.8,9.8,68.0,91.0,1,17.4,20.0
15.4,2.8,69.0,54.0,1,21.0,22.8
15.9,0.0,68.0,52.0,0,23.5,25.6
16.3,0.0,85.0,65.0,0,24.4,26.8
18.0,0.2,83.0,91.0,0,22.0,24.1
19.8,10.6,75.82262996941895,56.0,1,30.3,30.8
21.2,0.0,91.0,66.0,0,27.6,27.9
20.7,0.0,95.0,51.0,0,29.6,31.6
16.9,0.0,50.0,38.0,0,29.4,30.3
14.9,0.0,72.0,70.0,0,19.8,20.8
16.8,0.0,59.0,42.0,0,23.2,23.4
15.7,0.0,65.0,50.0,0,23.5,25.3
16.3,2.175303643724696,75.82262996941895,60.0,0,21.6,23.7
16.0,1.4,73.0,44.0,1,26.1,26.8
15.9,0.2,85.0,47.0,0,26.4,27.3
15.2,0.0,87.0,36.0,0,28.1,28.8
11.9,0.0,75.0,30.0,0,28.1,29.2
13.5,0.0,94.0,33.0,0,29.2,30.3
14.3,0.0,98.0,32.0,0,32.5,33.0
16.0,0.0,76.0,28.0,0,33.8,34.3
17.8,0.0,77.0,26.0,0,34.1,36.0
19.8,0.0,68.0,47.0,0,26.2,27.6
16.5,0.0,79.0,36.0,0,29.3,30.8
17.4,0.0,75.0,54.0,0,28.0,28.6
18.4,0.0,79.0,47.0,0,28.8,29.6
17.0,0.0,88.0,30.0,0,34.2,35.0
20.4,0.0,67.0,47.0,0,29.9,30.8
18.6,0.0,87.0,57.0,0,29.0,31.6
19.7,0.0,77.0,74.0,0,23.8,26.4
19.3,5.0,99.0,98.0,1,21.0,21.1
17.2,2.175303643724696,90.0,62.0,0,22.7,23.3
15.8,0.0,64.0,39.0,0,26.5,27.1
14.9,0.0,83.0,44.0,0,25.0,25.4
13.8,0.0,78.0,52.0,0,24.7,25.5
15.3,0.0,64.0,61.0,0,20.5,22.3
13.5,0.0,75.0,63.0,0,21.0,22.5
14.9,0.0,74.0,64.0,0,22.3,23.1
17.4,10.2,100.0,75.0,1,23.5,24.7
17.8,4.6,87.0,39.0,1,26.7,28.2
13.3,2.175303643724696,67.0,42.0,0,25.2,25.6
14.7,0.0,89.0,50.0,0,26.4,27.1
15.5,0.0,76.0,36.0,0,26.2,27.6
10.4,0.0,38.0,26.0,0,24.3,24.6
8.3,0.0,60.0,38.0,0,23.2,23.2
9.0,0.0,78.0,40.0,0,25.0,25.5
11.6,0.0,79.0,43.0,0,24.9,25.4
14.7,0.0,73.0,58.0,0,22.2,23.9
14.3,0.0,69.0,51.0,0,25.5,26.5
14.2,0.0,83.0,47.0,0,26.3,26.7
16.1,0.0,73.0,48.0,0,27.7,28.2
15.3,0.0,99.0,44.0,0,26.6,27.3
13.8,0.0,94.0,39.0,0,27.2,27.7
13.2,0.0,79.0,38.0,0,29.1,29.2
12.7,0.2,73.0,37.0,0,29.1,30.9
15.1,2.175303643724696,75.82262996941895,36.0,0,29.1,31.3
16.1,2.175303643724696,75.82262996941895,49.0989898989899,0,23.354090758529313,23.0
9.7,0.0,47.0,49.0989898989899,0,23.354090758529313,22.7
7.1,0.0,97.0,61.0,0,18.1,18.2
7.6,0.2,76.0,31.0,0,24.3,25.3
8.5,0.0,65.0,36.0,0,25.0,25.3
8.6,0.2,82.0,62.0,0,19.5,20.8
12.2,0.0,85.0,58.0,0,22.4,22.8
9.4,0.0,99.0,43.0,0,25.6,25.9
12.3,0.2,86.0,49.0989898989899,0,23.354090758529313,24.9
13.6,0.0,99.0,70.0,0,22.4,24.4
10.6,0.4,96.0,35.0,0,18.9,19.4
4.9,1.2,67.0,36.0,1,20.9,21.4
6.1,0.0,78.0,39.0,0,22.2,22.6
5.6,0.0,79.0,42.0,0,23.5,23.8
8.2,0.0,83.0,49.0989898989899,0,23.354090758529313,24.6
8.8,0.0,98.0,43.0,0,24.5,24.8
7.1,0.0,82.0,22.0,0,25.4,26.9
6.8,0.0,40.0,26.0,0,19.0,19.0
3.5,0.0,65.0,34.0,0,21.0,21.7
5.5,0.0,75.0,38.0,0,20.0,20.4
7.1,0.0,65.0,34.0,0,21.0,21.9
6.3,0.0,83.0,45.0,0,19.8,21.5
9.2,0.0,98.0,78.0,0,15.7,15.9
11.3,0.4,98.0,57.0,0,18.5,18.7
9.9,0.4,68.0,57.0,0,19.3,22.3
6.8,0.0,100.0,53.0,0,19.0,20.2
9.1,0.0,93.0,62.0,0,18.2,21.8
10.2,0.6,66.0,47.0,0,18.3,19.8
6.4,0.2,73.0,58.0,0,17.4,19.1
8.2,0.0,98.0,62.0,0,18.1,18.9
11.6,2.2,100.0,87.0,1,16.2,17.0
13.0,2.175303643724696,75.82262996941895,99.0,0,14.4,15.5
13.3,34.8,76.0,98.0,1,15.2,24.764366290643665
11.6,2.175303643724696,75.82262996941895,54.0,0,20.0,20.4
11.7,3.2,100.0,93.0,1,16.6,16.7
9.9,0.6,81.0,53.0,0,18.5,20.0
11.5,5.8,94.0,97.0,1,15.2,19.0
11.3,1.6,70.0,60.0,1,18.3,19.6
8.7,0.2,100.0,46.0,0,19.5,20.0
11.6,1.4,92.0,98.0,1,15.5,19.7
14.0,33.0,88.0,98.0,1,14.8,17.2
13.3,8.4,62.0,44.0,1,19.9,20.3
6.4,0.0,66.0,51.0,0,16.8,18.5
7.9,0.2,57.0,56.0,0,15.9,17.9
6.4,0.0,99.0,53.0,0,18.2,18.3
4.6,0.2,99.0,45.0,0,14.1,16.8
7.9,0.0,45.0,31.0,0,16.3,16.6
1.8,0.0,97.0,45.0,0,16.6,17.2
3.0,0.2,97.0,38.0,0,15.8,16.6
2.7,0.0,97.0,35.0,0,17.5,17.6
3.0,0.2,99.0,47.0,0,17.6,17.9
4.7,0.0,99.0,54.0,0,18.1,18.4
5.2,0.2,100.0,67.0,0,16.9,18.5
7.9,0.0,84.0,54.0,0,19.0,19.1
4.4,0.6,80.0,40.0,0,17.6,17.9
2.8,0.0,97.0,44.0,0,18.6,19.9
3.7,0.2,98.0,45.0,0,19.3,19.8
5.7,0.0,99.0,62.0,0,17.0,18.3
9.4,0.0,88.0,89.0,0,15.5,16.0
10.0,1.0,88.0,88.0,0,14.1,15.1
9.1,3.2,100.0,58.0,1,17.7,17.8
9.6,0.0,100.0,76.0,0,16.8,17.8
10.9,0.0,89.0,37.0,0,18.9,20.2
2.4,0.2,94.0,44.0,0,15.0,16.0
1.9,0.2,99.0,40.0,0,15.5,15.8
-0.3,0.2,99.0,43.0,0,13.2,13.9
-1.1,0.2,99.0,41.0,0,16.0,16.0
1.4,0.0,98.0,43.0,0,15.7,16.6
4.1,0.0,97.0,80.0,0,10.6,11.3
4.2,0.6,61.0,38.0,0,15.5,16.0
3.0,0.0,76.0,41.0,0,17.7,18.4
4.2,0.0,99.0,70.0,0,14.0,14.3
8.1,2.6,100.0,56.0,1,15.7,18.1
9.6,0.0,63.0,58.0,0,16.2,17.7
6.9,0.0,66.0,69.0,0,14.4,17.0
9.1,0.4,84.0,64.0,0,16.4,18.4
6.4,0.2,100.0,62.0,0,17.3,17.5
9.1,0.0,100.0,98.0,0,14.8,16.3
7.1,0.6,75.82262996941895,64.0,0,16.4,16.9
10.2,0.0,99.0,84.0,0,16.4,17.3
12.1,0.0,46.0,38.0,0,16.8,17.9
9.0,0.6,49.0,37.0,0,16.4,17.2
3.0,0.0,52.0,43.0,0,15.8,16.8
2.5,0.2,98.0,45.0,0,17.1,17.6
2.0,0.0,100.0,43.0,0,18.2,18.7
4.9,0.2,95.0,51.0,0,16.0,18.1
5.7,2.8,71.0,36.0,1,16.3,16.8
3.8,0.0,97.0,60.0,0,13.9,15.6
2.5,0.0,56.0,50.0,0,16.4,17.2
3.3,0.0,86.0,51.0,0,17.1,18.8
6.9,0.2,98.0,51.0,0,17.6,19.2
8.5,8.4,98.0,61.0,1,15.8,18.1
8.2,14.4,97.0,66.0,1,15.4,17.0
9.4,0.0,96.0,61.0,0,16.2,17.1
11.0,2.2,99.0,100.0,1,12.3,12.4
9.6,23.4,75.82262996941895,100.0,1,13.1,24.764366290643665
12.577449352374625,2.175303643724696,75.82262996941895,81.0,0,19.1,24.764366290643665
12.577449352374625,2.175303643724696,75.82262996941895,40.0,0,19.9,20.7
4.9,0.0,88.0,35.0,0,19.2,20.6
6.9,0.2,47.0,41.0,0,15.2,15.7
10.9,6.0,64.0,51.0,1,17.3,18.2
6.1,0.0,80.0,35.0,0,18.4,18.8
3.7,0.0,83.0,34.0,0,16.4,17.6
2.3,0.6,97.0,34.0,0,16.5,17.1
4.3,0.2,51.0,33.0,0,15.6,16.3
3.3,0.0,99.0,43.0,0,16.8,17.4
3.2,0.0,99.0,42.0,0,18.0,18.7
6.6,5.4,98.0,99.0,1,12.2,12.3
7.5,4.2,99.0,47.0,1,16.0,17.4
10.5,0.2,49.0,44.0,0,16.0,17.5
5.6,0.0,48.0,39.0,0,18.4,19.2
4.7,0.0,98.0,40.0,0,20.4,21.1
7.0,0.0,87.0,40.0,0,18.9,21.2
11.0,1.0,44.0,34.0,0,18.1,18.7
3.0,0.0,50.0,27.0,0,17.4,18.2
2.2,0.0,78.0,39.0,0,20.0,20.8
7.8,4.6,58.0,31.0,1,23.2,24.7
8.1,0.2,41.0,29.0,0,17.4,18.7
3.7,0.0,67.0,42.0,0,15.6,17.2
2.6,0.0,79.0,35.0,0,16.9,18.4
9.0,0.0,96.0,65.0,0,14.2,15.7
5.0,0.2,77.0,33.0,0,18.7,19.9
11.0,0.2,33.0,30.0,0,16.6,17.7
7.8,0.0,43.0,39.0,0,16.7,17.5
9.0,0.0,46.0,42.0,0,16.6,19.1
3.8,0.0,58.0,33.0,0,17.7,18.5
4.1,0.0,79.0,41.0,0,19.5,19.6
10.0,0.0,65.0,44.0,0,19.0,20.3
8.9,0.0,76.0,34.0,0,23.0,23.5
9.6,0.0,85.0,37.0,0,24.4,26.7
12.3,0.0,94.0,74.0,0,18.3,19.0
11.2,2.6,97.0,83.0,1,14.9,15.0
12.1,11.8,100.0,84.0,1,20.1,21.0
12.577449352374625,2.175303643724696,52.0,41.0,0,19.5,20.5
8.2,0.0,51.0,37.0,0,18.6,21.3
5.4,0.0,61.0,38.0,0,16.6,18.8
5.2,0.0,64.0,34.0,0,18.2,18.9
6.5,0.0,86.0,83.0,0,15.5,17.0
9.0,1.0,100.0,41.0,0,21.6,24.5
5.7,0.2,52.0,26.0,0,21.6,22.3
5.5,0.0,73.0,43.0,0,20.6,21.5
10.5,0.0,79.0,32.0,0,22.4,24.3
11.8,0.0,76.0,98.0,0,14.9,18.9
10.3,10.6,75.82262996941895,25.0,1,22.0,23.2
7.5,0.2,49.0,31.0,0,20.3,21.1
3.5,0.0,51.0,31.0,0,19.5,20.2
12.577449352374625,2.175303643724696,67.0,31.0,0,23.2,24.0
7.3,0.0,66.0,54.0,0,18.2,19.3
7.7,0.0,68.0,50.0,0,21.9,22.0
8.1,0.0,82.0,49.0,0,22.6,25.7
12.9,0.0,69.0,52.0,0,23.3,23.4
14.2,2.175303643724696,80.0,65.0,0,18.2,20.4
10.6,0.0,75.0,39.0,0,26.2,26.8
7.5,0.0,67.0,25.0,0,24.6,26.9
9.0,2.175303643724696,52.0,29.0,0,25.6,25.8
9.7,0.0,73.0,28.0,0,27.1,29.8
10.6,0.0,36.0,19.0,0,25.6,27.0
10.9,0.0,36.0,47.0,0,16.0,20.6
5.6,0.0,47.0,29.0,0,19.9,20.4
6.1,0.0,73.0,50.0,0,18.2,19.1
10.4,0.0,75.0,80.0,0,17.2,18.5
13.4,31.6,100.0,74.0,1,19.2,24.764366290643665
12.577449352374625,2.175303643724696,75.82262996941895,95.0,0,17.7,24.764366290643665
12.577449352374625,2.175303643724696,75.82262996941895,57.0,0,24.4,24.764366290643665
12.577449352374625,2.175303643724696,98.0,69.0,0,22.5,23.2
14.1,0.0,99.0,69.0,0,20.5,24.0
12.9,0.0,76.0,41.0,0,21.9,22.7
14.5,0.0,77.0,79.0,0,16.1,24.764366290643665
12.577449352374625,2.175303643724696,75.82262996941895,50.0,0,20.9,22.0
13.5,2.175303643724696,90.0,58.0,0,21.1,22.4
12.9,0.6,76.0,55.0,0,24.2,24.8
14.1,0.0,97.0,53.0,0,25.5,27.1
12.577449352374625,2.175303643724696,75.82262996941895,39.0,0,27.8,29.3
16.4,2.175303643724696,92.0,67.0,0,23.0,25.6
10.7,0.2,37.0,36.0,0,15.2,16.0
5.6,0.2,55.0,37.0,0,23.0,24.3
7.9,0.0,56.0,35.0,0,23.5,25.4
7.8,0.0,86.0,69.0,0,15.8,17.0
12.0,0.2,65.0,39.0,0,23.5,24.5
10.4,0.0,73.0,41.0,0,24.4,25.9
11.8,0.0,76.0,73.0,0,20.6,27.2
12.0,0.6,71.0,57.0,0,23.1,30.8
12.4,18.6,97.0,98.0,1,13.6,17.3
12.5,5.6,71.0,55.0,1,19.8,22.0
10.5,0.0,78.0,33.0,0,26.3,27.2
10.6,0.0,58.0,72.0,0,19.6,27.2
14.7,3.0,97.0,60.0,1,19.1,19.4
12.0,0.4,82.0,67.0,0,19.9,21.6
12.7,0.0,87.0,45.0,0,30.6,31.8
18.0,0.0,97.0,34.0,0,31.1,31.5
15.8,0.0,57.0,88.0,0,17.9,21.5
12.8,37.2,59.0,52.0,1,19.5,20.2
9.9,0.2,78.0,37.0,0,25.2,25.6
13.4,0.0,77.0,69.0,0,17.4,19.3
11.7,17.4,77.0,47.0,1,18.2,18.8
12.2,3.4,91.0,74.0,1,17.4,18.1
11.9,1.6,99.0,56.0,1,22.3,24.7
13.7,0.0,79.0,63.0,0,24.6,30.3
16.7,12.2,92.0,63.0,1,24.4,25.8
17.6,0.2,90.0,51.0,0,28.1,29.5
17.2,21.4,78.0,49.0,1,26.9,29.6
16.0,0.2,73.0,32.0,0,32.6,33.2
17.9,0.0,72.0,50.0,0,31.9,33.3
20.5,0.0,74.0,39.0,0,32.1,34.0
21.2,0.6,96.0,98.0,0,19.3,21.2
18.3,27.0,86.0,47.0,1,26.9,27.4
16.8,0.0,86.0,73.0,0,20.5,22.5
15.0,0.0,79.0,49.0,0,25.8,26.9
15.2,0.0,75.0,65.0,0,17.7,18.9
12.8,0.0,53.0,40.0,0,24.6,25.7
11.8,0.0,72.0,37.0,0,26.5,27.6
13.4,0.0,63.0,45.0,0,25.0,27.0
13.3,0.0,64.0,36.0,0,28.0,28.7
14.1,0.0,72.0,32.0,0,29.6,30.6
16.2,0.0,72.0,31.0,0,32.4,33.1
16.1,0.0,61.0,32.0,0,31.2,31.9
17.2,0.0,70.0,38.0,0,30.3,32.2
18.1,0.0,96.0,98.0,0,20.7,22.4
16.3,10.6,98.0,96.0,1,18.9,19.5
16.3,10.8,98.0,91.0,1,21.1,21.4
17.2,25.2,100.0,98.0,1,20.3,21.2
18.2,4.2,97.0,71.0,1,25.3,25.8
19.3,0.4,90.0,65.0,0,26.6,27.4
19.2,4.6,98.0,90.0,1,23.1,24.7
19.0,1.8,78.0,97.0,1,22.8,26.5
19.4,1.0,82.0,81.0,0,23.0,26.8
18.4,0.2,89.0,54.0,0,27.2,28.9
17.1,0.0,72.0,44.0,0,32.3,33.3
23.0,0.6,98.0,61.0,0,29.5,32.1
21.7,1.8,98.0,48.0,1,30.1,31.5
14.9,0.0,60.0,28.0,0,30.4,32.0
16.9,0.0,41.0,29.0,0,31.5,31.6
15.6,0.0,61.0,37.0,0,28.5,29.1
18.9,0.0,68.0,49.0,0,26.8,28.0
19.1,0.0,84.0,44.0,0,30.7,31.9
20.4,0.0,65.0,99.0,0,17.8,24.764366290643665
12.577449352374625,2.175303643724696,75.82262996941895,49.0989898989899,0,23.354090758529313,24.764366290643665
12.577449352374625,2.175303643724696,75.82262996941895,49.0989898989899,0,23.354090758529313,24.764366290643665
12.577449352374625,2.175303643724696,75.82262996941895,39.0,0,26.8,24.764366290643665
12.1,2.175303643724696,75.82262996941895,37.0,0,20.7,22.6
12.9,0.0,41.0,32.0,0,26.4,27.6
13.5,0.0,63.0,55.0,0,24.4,26.9
15.5,0.0,79.0,35.0,0,30.7,31.9
17.9,0.0,75.0,55.0,0,23.2,23.5
12.577449352374625,2.175303643724696,75.82262996941895,45.0,0,31.0,24.764366290643665
20.3,2.175303643724696,88.0,63.0,0,28.4,30.7
12.577449352374625,2.175303643724696,75.82262996941895,49.0989898989899,0,23.354090758529313,24.764366290643665
12.577449352374625,2.175303643724696,75.82262996941895,52.0,0,20.5,24.764366290643665
14.9,2.175303643724696,75.82262996941895,48.0,0,28.8,30.8
17.3,0.0,72.0,51.0,0,30.9,31.6
17.9,0.0,84.0,34.0,0,34.1,35.9
19.0,0.0,78.0,19.0,0,38.3,39.1
19.3,0.0,74.0,53.0,0,31.6,24.764366290643665
12.577449352374625,2.175303643724696,75.82262996941895,49.0989898989899,0,23.354090758529313,24.764366290643665
12.577449352374625,2.175303643724696,75.82262996941895,69.0,0,21.3,24.764366290643665
12.577449352374625,2.175303643724696,72.0,49.0989898989899,0,23.354090758529313,24.764366290643665
12.577449352374625,2.175303643724696,75.82262996941895,49.0989898989899,0,23.354090758529313,24.764366290643665
12.577449352374625,2.175303643724696,75.82262996941895,81.0,0,24.6,27.2
12.577449352374625,2.175303643724696,88.0,46.0,0,29.0,30.1
20.9,3.0,100.0,54.0,1,29.3,29.7
21.1,4.4,79.0,65.0,1,26.5,28.4
20.6,2.0,97.0,98.0,1,22.4,24.9
21.9,3.4,85.0,67.0,1,28.9,30.4
22.9,0.2,70.0,69.0,0,26.4,27.6
18.3,0.0,71.0,46.0,0,30.0,31.1
20.9,3.0,97.0,73.0,1,28.1,29.6
20.3,0.2,82.0,64.0,0,28.9,30.5
19.1,0.0,81.0,56.0,0,30.0,34.5
19.6,0.0,70.0,54.0,0,27.3,28.9
18.9,2.6,91.0,72.0,1,27.0,27.8
19.7,5.8,75.0,57.0,1,26.8,28.4
17.1,3.0,74.0,41.0,1,30.8,32.4
17.8,0.0,76.0,34.0,0,31.3,32.4
18.8,0.0,68.0,31.0,0,32.5,33.7
18.9,0.0,73.0,46.0,0,30.0,34.3
21.7,0.0,70.0,45.0,0,34.0,37.2
21.2,0.0,80.0,49.0,0,35.4,39.9
24.0,0.0,84.0,48.0,0,35.1,37.4
21.4,0.0,78.0,56.0,0,25.5,27.7
16.2,0.0,72.0,45.0,0,27.6,29.6
14.6,0.0,69.0,25.0,0,35.7,36.9
19.1,0.0,63.0,18.0,0,39.7,41.5
19.8,0.6,65.0,15.0,0,41.1,41.8
24.8,0.0,42.0,30.0,0,40.4,41.3
25.7,0.0,78.0,36.0,0,38.5,39.4
23.5,0.0,72.0,33.0,0,40.3,41.1
23.5,0.0,77.0,22.0,0,39.7,40.7
25.1,0.0,67.0,68.0,0,24.7,33.1
16.8,0.0,59.0,47.0,0,24.0,24.8
16.5,0.2,66.0,49.0,0,25.5,27.6
19.0,0.0,55.0,45.0,0,26.1,28.2
17.4,0.0,79.0,39.0,0,29.9,31.6
18.5,0.0,75.0,29.0,0,37.3,38.5
22.8,0.0,89.0,96.0,0,20.8,24.2
18.4,16.8,96.0,80.0,1,22.1,23.6
17.9,0.2,71.0,77.0,0,20.7,22.5
17.2,0.0,74.0,91.0,0,21.7,23.1
18.5,1.6,80.0,59.0,1,26.7,27.5
19.7,0.6,97.0,69.0,0,27.7,31.5
21.0,0.2,90.0,68.0,0,27.5,27.9
21.3,0.0,84.0,38.0,0,36.7,37.9
24.8,0.2,55.0,39.0,0,35.1,36.1
19.5,0.0,76.0,46.0,0,27.6,29.8
16.0,0.6,64.0,49.0,0,22.6,24.8
15.5,0.2,67.0,43.0,0,25.9,27.0
14.5,0.0,70.0,30.0,0,29.5,30.8
14.8,0.0,79.0,33.0,0,29.2,31.5
17.8,0.0,79.0,29.0,0,33.0,34.2
18.4,0.0,90.0,75.0,0,26.4,28.3
20.8,0.6,86.0,53.0,0,29.3,32.1
20.4,4.6,54.0,47.0,1,30.7,32.2
17.3,0.0,83.0,70.0,0,20.3,20.8
14.6,0.0,97.0,19.0,0,30.6,31.3
17.5,0.2,72.0,37.0,0,30.4,32.3
16.5,0.0,73.0,50.0,0,21.8,23.3
14.7,0.0,60.0,38.0,0,23.6,25.4
13.8,0.0,70.0,45.0,0,25.3,26.4
13.8,0.0,75.0,35.0,0,30.1,31.7
18.4,0.0,84.0,43.0,0,28.4,31.0
18.5,0.0,73.0,47.0,0,28.6,29.5
19.6,0.0,95.0,55.0,0,28.0,30.6
18.6,46.4,98.0,57.0,1,28.7,29.8
18.5,0.2,95.0,46.0,0,32.3,33.4
18.5,0.0,83.0,79.0,0,23.2,26.3
17.1,0.6,89.0,56.0,0,25.7,27.5
18.2,0.4,85.0,60.0,0,26.6,30.5
19.3,1.0,98.0,66.0,0,26.1,26.8
20.1,0.2,77.0,65.0,0,23.7,26.0
18.8,0.0,92.0,98.0,0,21.1,24.0
18.4,22.0,100.0,93.0,1,22.2,23.4
19.0,15.6,75.82262996941895,72.0,1,26.0,26.3
19.8,12.8,75.82262996941895,58.0,1,30.8,31.8
17.0,0.2,84.0,38.0,0,29.3,30.3
14.4,0.0,67.0,40.0,0,24.6,25.6
14.5,0.0,62.0,43.0,0,24.9,27.0
15.3,0.0,62.0,54.0,0,21.5,23.2
15.7,0.0,73.0,95.0,0,18.3,21.0
14.4,2.0,94.0,65.0,1,22.0,24.5
15.4,0.0,86.0,49.0,0,27.0,27.9
15.6,2.175303643724696,97.0,83.0,0,21.5,28.6
18.0,15.0,81.0,73.0,1,19.7,20.8
12.8,2.4,77.0,48.0,1,22.9,23.0
9.9,0.0,99.0,85.0,0,18.1,18.3
12.0,0.2,99.0,70.0,0,19.3,19.9
12.7,0.2,61.0,44.0,0,21.5,22.1
9.1,0.0,63.0,45.0,0,19.0,19.9
9.4,0.2,62.0,40.0,0,19.2,20.0
6.8,0.0,80.0,47.0,0,20.3,20.7
5.5,0.2,98.0,39.0,0,20.4,20.9
7.7,0.0,59.0,57.0,0,16.3,19.3
10.1,0.2,51.0,34.0,0,17.8,18.6
3.2,0.0,98.0,39.0,0,14.8,15.8
2.6,0.0,61.0,34.0,0,15.8,16.7
3.8,0.0,83.0,40.0,0,19.1,20.9
9.4,0.2,45.0,35.0,0,16.1,17.0
2.6,0.0,69.0,34.0,0,19.3,19.4
2.7,0.0,89.0,35.0,0,18.8,19.1
3.5,0.2,85.0,43.0,0,18.9,19.3
5.2,0.0,99.0,45.0,0,20.0,20.3
7.3,0.2,98.0,59.0,0,20.6,21.4
7.6,0.0,100.0,52.0,0,21.8,22.0
8.2,0.2,99.0,50.0,0,22.5,23.2
7.8,0.0,100.0,55.0,0,22.0,22.6
10.4,2.0,90.0,40.0,1,22.0,22.6
9.4,0.0,59.0,54.0,0,17.7,20.1
11.1,3.6,57.0,51.0,1,16.2,17.2
10.9,0.0,55.0,44.0,0,19.8,19.9
5.0,0.0,97.0,47.0,0,17.5,18.1
4.0,0.2,98.0,58.0,0,17.8,20.0
8.2,0.0,98.0,72.0,0,16.0,17.9
10.9,3.4,98.0,98.0,1,13.6,16.3
13.1,27.4,98.0,98.0,1,16.6,17.6
13.6,23.0,87.0,86.0,1,16.9,18.6
12.8,2.2,87.0,57.0,1,19.4,20.2
7.8,0.2,98.0,56.0,0,19.7,20.5
7.3,0.2,98.0,54.0,0,19.1,20.1
5.8,0.0,86.0,49.0,0,17.0,18.1
5.0,0.0,61.0,54.0,0,16.2,18.0
2.7,0.0,96.0,43.0,0,13.9,14.8
4.8,0.0,44.0,36.0,0,12.4,13.9
3.4,0.0,64.0,43.0,0,16.1,17.7
8.7,0.0,49.0,52.0,0,15.5,17.0
7.5,0.0,62.0,80.0,0,14.3,16.2
11.0,0.6,80.0,66.0,0,15.5,15.6
11.8,0.4,81.0,98.0,0,12.8,14.4
12.0,4.4,86.0,98.0,1,13.0,16.0
11.1,6.0,85.0,85.0,1,14.9,16.3
11.8,4.2,85.0,63.0,1,16.8,17.7
5.1,0.2,99.0,50.0,0,15.1,17.3
5.0,0.2,70.0,47.0,0,16.4,18.0
3.3,0.0,97.0,49.0,0,18.0,18.4
3.5,0.0,97.0,44.0,0,18.4,19.1
6.0,0.2,68.0,52.0,0,14.6,21.3
6.9,0.0,49.0,39.0,0,15.1,15.9
6.6,0.0,76.0,39.0,0,19.2,20.3
2.8,0.2,97.0,46.0,0,17.8,18.1
3.0,0.0,98.0,55.0,0,17.9,18.5
3.2,0.4,99.0,50.0,0,18.8,19.7
2.1,0.0,94.0,46.0,0,19.5,19.9
7.4,0.2,87.0,57.0,0,17.3,18.2
11.7,0.0,78.0,98.0,0,13.0,17.7
10.0,3.2,99.0,65.0,1,15.8,17.5
10.1,0.4,94.0,60.0,0,17.2,18.3
9.3,0.0,99.0,61.0,0,17.9,18.3
4.7,0.4,100.0,47.0,0,19.0,20.0
6.0,0.0,72.0,49.0,0,19.6,21.2
11.5,0.0,45.0,37.0,0,15.8,16.6
8.9,0.0,42.0,38.0,0,15.4,17.3
12.1,0.0,51.0,36.0,0,15.9,17.0
0.6,0.0,92.0,40.0,0,16.9,18.1
-0.3,0.0,97.0,36.0,0,16.7,17.7
0.5,0.2,45.0,35.0,0,15.8,16.4
5.6,0.0,66.0,31.0,0,17.4,18.3
0.4,0.0,91.0,40.0,0,17.7,18.6
5.3,0.0,94.0,77.0,0,9.8,11.5
2.4,0.0,89.0,36.0,0,14.1,15.9
4.1,0.0,78.0,62.0,0,14.0,15.6
6.5,1.6,99.0,73.0,1,14.5,14.6
9.2,0.2,97.0,70.0,0,15.4,16.4
5.8,0.2,100.0,48.0,0,18.6,18.8
2.9,0.2,97.0,75.0,0,10.8,15.4
6.8,2.8,72.0,59.0,1,17.1,17.8
11.9,0.4,78.0,88.0,0,12.4,13.9
10.9,17.4,80.0,97.0,1,11.6,14.4
9.8,2.2,67.0,58.0,1,15.7,16.1
3.0,0.0,98.0,47.0,0,14.0,14.4
4.8,0.2,95.0,47.0,0,18.3,20.0
2.9,0.2,97.0,38.0,0,18.0,18.2
3.3,0.0,72.0,65.0,0,14.7,17.5
3.6,0.2,99.0,54.0,0,18.5,19.5
2.7,0.4,99.0,39.0,0,18.5,19.0
2.1,0.0,99.0,42.0,0,19.7,20.0
2.3,0.2,98.0,50.0,0,18.4,19.1
5.4,0.0,98.0,43.0,0,21.7,22.4
4.0,0.4,97.0,35.0,0,22.7,23.5
8.0,0.0,98.0,44.0,0,24.0,24.3
5.8,0.0,97.0,35.0,0,25.6,25.9
6.1,0.0,89.0,30.0,0,24.6,24.9
5.8,0.0,74.0,51.0,0,22.0,22.1
10.2,0.4,99.0,66.0,0,16.4,19.9
4.2,0.8,98.0,44.0,0,16.3,18.2
5.0,0.0,96.0,44.0,0,15.2,16.3
1.6,0.0,88.0,35.0,0,16.1,18.3
1.9,0.0,97.0,49.0,0,16.9,18.2
7.2,0.2,71.0,50.0,0,17.5,18.9
3.7,0.4,97.0,45.0,0,18.0,18.9
8.7,0.0,94.0,52.0,0,18.6,18.9
4.8,0.0,99.0,47.0,0,18.8,19.4
7.5,0.0,86.0,50.0,0,18.5,20.2
6.7,0.0,99.0,99.0,0,12.3,12.7
8.4,11.2,91.0,36.0,1,17.1,17.8
4.0,0.2,98.0,86.0,0,15.3,15.8
8.5,12.8,72.0,52.0,1,16.2,19.5
9.9,1.6,71.0,62.0,1,16.0,17.8
9.7,0.0,74.0,55.0,0,16.3,17.7
10.7,0.0,82.0,64.0,0,17.6,18.1
7.7,0.0,98.0,54.0,0,19.5,19.9
4.9,0.0,98.0,49.0,0,22.6,23.4
5.4,0.2,72.0,47.0,0,22.3,22.5
10.2,0.0,98.0,66.0,0,18.0,18.9
7.5,0.0,88.0,52.0,0,21.1,21.3
7.0,0.2,65.0,32.0,0,22.9,23.8
9.3,0.0,74.0,62.0,0,17.8,19.9
8.7,0.0,78.0,48.0,0,21.1,21.8
12.0,0.0,80.0,60.0,0,19.5,22.5
11.3,0.0,52.0,52.0,0,16.6,18.4
5.8,0.0,78.0,41.0,0,20.8,21.2
6.0,0.0,86.0,40.0,0,23.9,24.3
10.4,0.0,80.0,37.0,0,24.8,25.5
8.7,0.0,74.0,28.0,0,26.4,27.4
10.8,1.2,44.0,30.0,1,20.8,21.3
12.1,0.2,63.0,67.0,0,16.9,18.9
10.8,13.4,96.0,67.0,1,14.4,16.3
7.0,1.0,46.0,36.0,0,17.0,18.6
5.7,0.2,50.0,38.0,0,17.2,20.0
8.6,0.0,45.0,34.0,0,19.9,20.2
3.4,0.0,75.0,22.0,0,23.3,23.9
4.8,0.0,54.0,22.0,0,25.7,26.4
11.3,2.175303643724696,70.0,38.0,0,23.6,24.6
7.1,0.0,71.0,15.0,0,28.7,30.5
8.8,0.0,51.0,39.0,0,25.8,30.0
9.0,0.0,45.0,46.0,0,23.8,32.4
13.9,0.0,64.0,46.0,0,26.7,27.4
12.5,0.0,35.0,33.0,0,21.0,27.4
7.3,0.0,37.0,26.0,0,24.3,24.6
7.2,0.0,58.0,32.0,0,25.3,25.5
8.0,0.0,64.0,15.0,0,30.5,31.7
13.3,0.2,95.0,68.0,0,17.9,18.4
11.5,17.6,98.0,98.0,1,11.8,14.8
11.4,25.8,71.0,53.0,1,17.6,19.3
8.1,0.0,89.0,43.0,0,20.9,21.3
9.2,2.175303643724696,91.0,98.0,0,14.9,16.2
13.2,8.8,98.0,44.0,1,18.6,21.9
12.7,0.0,49.0,34.0,0,18.3,20.4
7.0,0.0,66.0,52.0,0,16.3,18.8
10.8,0.8,90.0,88.0,0,15.0,16.6
10.4,13.6,70.0,46.0,1,18.8,19.4
8.8,0.6,66.0,52.0,0,18.4,19.0
9.2,0.0,84.0,44.0,0,19.3,20.2
11.5,0.0,85.0,87.0,0,15.3,18.4
13.4,1.0,92.0,71.0,0,20.2,22.1
14.6,7.2,99.0,98.0,1,16.4,21.6
11.6,9.6,100.0,38.0,1,22.3,23.7
8.4,0.0,93.0,26.0,0,23.7,24.3
8.4,0.0,53.0,31.0,0,21.6,22.9
8.2,0.0,64.0,34.0,0,21.5,22.7
13.7,0.0,76.0,53.0,0,21.3,21.4
14.2,0.0,93.0,97.0,0,16.2,17.6
14.2,0.8,98.0,49.0,0,26.2,27.2
12.7,1.0,48.0,22.0,0,28.0,28.4
8.3,0.0,63.0,41.0,0,20.6,21.7
10.9,0.0,60.0,37.0,0,22.1,23.3
8.4,0.0,68.0,20.0,0,25.3,25.9
9.4,0.0,69.0,23.0,0,28.7,29.5
12.4,0.0,61.0,21.0,0,30.8,31.6
12.7,0.0,85.0,34.0,0,29.7,30.4
15.1,0.0,64.0,31.0,0,30.1,30.7
14.9,0.0,75.0,25.0,0,33.8,34.5
18.9,0.4,98.0,98.0,0,16.1,19.9
12.3,8.2,87.0,74.0,1,15.4,15.9
12.3,1.6,88.0,78.0,1,17.0,17.8
13.7,0.2,81.0,58.0,0,23.9,25.4
14.8,0.0,82.0,63.0,0,27.4,28.7
17.2,0.0,96.0,25.0,0,28.4,28.7
10.4,1.4,57.0,41.0,1,23.8,24.3
14.3,0.0,65.0,49.0,0,22.0,23.7
12.7,0.0,70.0,39.0,0,25.0,27.1
14.1,3.6,98.0,83.0,1,16.1,18.1
13.9,3.8,69.0,48.0,1,23.1,24.3
13.1,0.2,65.0,39.0,0,28.7,29.4
15.4,0.0,80.0,36.0,0,30.8,33.7
19.0,0.0,56.0,40.0,0,30.9,33.2
18.6,1.6,98.0,31.0,1,35.3,37.4
17.9,3.8,98.0,37.0,1,34.1,35.5
21.5,0.2,67.0,34.0,0,29.3,30.0
16.5,0.0,67.0,37.0,0,26.0,26.9
17.5,0.0,72.0,38.0,0,28.9,29.9
17.2,0.0,76.0,47.0,0,27.5,28.3
16.6,0.0,97.0,23.0,0,36.3,38.7
16.2,0.0,60.0,38.0,0,30.1,30.9
15.2,0.0,75.0,73.0,0,19.6,23.8
15.6,12.4,99.0,99.0,1,17.5,20.3
16.0,6.0,86.0,62.0,1,26.3,27.9
19.1,0.2,98.0,34.0,0,34.3,35.6
19.8,0.0,71.0,36.0,0,29.9,35.7
14.1,0.0,65.0,61.0,0,22.7,24.2
17.4,7.4,98.0,98.0,1,19.1,20.7
14.1,32.8,99.0,99.0,1,16.1,16.5
14.2,16.8,98.0,98.0,1,16.0,17.1
14.1,11.2,99.0,99.0,1,18.1,19.9
15.4,51.6,100.0,52.0,1,29.0,31.0
15.5,2.2,49.0,37.0,1,28.0,30.0
14.7,0.0,70.0,37.0,0,31.4,32.3
16.5,0.0,77.0,48.0,0,32.0,33.3
20.8,0.0,97.0,47.0,0,30.0,30.4
14.3,1.6,63.0,46.0,1,20.3,22.1
13.1,0.8,68.0,56.0,0,18.7,20.4
10.2,0.2,50.0,38.0,0,24.9,25.7
11.7,0.0,69.0,92.0,0,15.6,23.4
10.8,6.4,54.0,58.0,1,17.7,19.6
12.5,0.2,67.0,60.0,0,17.7,19.7
11.6,0.0,59.0,54.0,0,20.8,21.3
15.1,14.4,99.0,98.0,1,18.4,20.2
15.4,6.6,88.0,52.0,1,25.3,26.0
16.4,1.6,97.0,54.0,1,26.2,26.4
15.6,0.2,73.0,98.0,0,20.1,27.8
16.4,13.6,99.0,94.0,1,19.1,20.1
16.3,1.8,75.0,51.0,1,23.7,24.6
13.2,2.0,65.0,50.0,1,21.7,23.8
15.3,0.0,64.0,47.0,0,23.6,24.3
11.9,0.0,67.0,60.0,0,21.4,22.4
14.8,0.0,74.0,47.0,0,23.6,25.3
13.5,0.0,85.0,48.0,0,24.3,25.1
17.3,0.8,98.0,76.0,0,24.8,24.9
16.7,28.4,80.0,61.0,1,23.5,25.0
17.5,0.0,80.0,63.0,0,22.8,25.4
17.5,0.6,98.0,84.0,0,22.3,23.3
17.7,6.8,99.0,67.0,1,26.9,27.8
18.2,0.2,83.0,49.0,0,29.8,30.3
16.7,0.0,74.0,48.0,0,30.9,31.3
18.6,0.0,79.0,52.0,0,28.4,29.9
18.6,1.8,70.0,56.0,1,24.1,24.5
17.2,0.2,64.0,44.0,0,25.6,26.7
16.3,0.0,64.0,47.0,0,25.4,26.6
15.2,0.0,66.0,50.0,0,24.7,26.0
13.3,0.0,82.0,59.0,0,25.0,27.4
13.2,0.0,72.0,34.0,0,30.5,32.3
15.1,0.0,71.0,36.0,0,30.9,33.1
16.6,0.0,68.0,30.0,0,33.9,35.2
19.5,0.0,70.0,30.0,0,34.0,37.3
19.2,0.0,63.0,52.0,0,27.9,29.3
18.4,2.2,83.0,62.0,1,21.0,22.5
13.1,0.0,65.0,42.0,0,29.2,31.2
18.2,0.2,87.0,57.0,0,30.9,32.3
20.2,17.2,75.0,34.0,1,31.7,32.0
16.3,0.0,37.0,28.0,0,30.2,31.5
17.1,0.0,37.0,29.0,0,26.6,28.3
10.6,0.0,46.0,31.0,0,25.1,25.6
11.8,0.0,57.0,35.0,0,29.7,30.7
17.6,0.6,92.0,65.0,0,22.8,23.2
17.4,27.0,86.0,98.0,1,20.3,24.8
17.1,23.2,99.0,70.0,1,24.8,26.9
16.5,1.8,81.0,42.0,1,28.1,30.2
17.8,0.0,69.0,44.0,0,31.7,32.6
18.9,0.0,93.0,56.0,0,28.3,29.6
19.7,0.0,69.0,51.0,0,28.8,30.2
20.0,0.2,98.0,66.0,0,26.3,27.1
18.7,0.8,94.0,53.0,0,25.0,27.4
17.8,2.4,70.0,59.0,1,23.2,24.7
16.4,1.2,91.0,69.0,1,25.4,25.6
19.7,5.2,99.0,99.0,1,21.2,23.3
20.1,34.2,99.0,75.0,1,25.9,26.7
20.0,4.4,98.0,94.0,1,22.4,22.8
18.9,15.2,90.0,71.0,1,24.9,26.6
19.0,0.6,97.0,59.0,0,27.7,28.5
21.3,1.6,89.0,57.0,1,31.4,33.1
22.7,0.0,69.0,63.0,0,27.4,29.0
16.2,11.4,99.0,99.0,1,17.4,18.8
16.3,9.4,99.0,98.0,1,17.4,18.3
15.8,22.4,99.0,98.0,1,20.1,20.5
17.4,9.4,98.0,53.0,1,28.0,29.0
17.9,0.0,95.0,47.0,0,30.9,32.0
19.2,0.0,81.0,67.0,0,24.0,28.0
18.0,1.0,99.0,98.0,0,20.5,21.0
18.4,1.8,87.0,90.0,1,21.0,23.5
17.5,0.8,88.0,90.0,0,23.1,24.3
18.4,115.4,99.0,81.0,1,23.2,26.4
18.5,0.2,98.0,91.0,0,19.6,24.6
14.2,4.6,96.0,95.0,1,19.3,27.8
16.7,6.8,81.0,66.0,1,23.9,27.1
15.7,18.6,96.0,62.0,1,24.9,26.1
16.8,0.6,98.0,49.0,0,27.1,27.5
15.9,0.0,83.0,45.0,0,28.5,29.4
15.8,0.0,85.0,67.0,0,25.6,30.2
17.9,10.6,79.0,58.0,1,27.0,29.1
19.1,0.2,74.0,52.0,0,29.7,30.9
18.2,20.0,93.0,59.0,1,27.5,28.4
18.1,27.8,95.0,54.0,1,26.1,26.9
16.0,0.0,71.0,48.0,0,25.9,27.0
16.0,0.0,88.0,44.0,0,29.6,30.5
17.1,0.0,78.0,33.0,0,31.1,31.7
15.9,0.0,81.0,49.0,0,28.7,30.0
20.6,0.0,87.0,75.0,0,25.9,27.1
21.1,0.0,94.0,56.0,0,30.8,32.1
22.6,0.0,90.0,53.0,0,31.1,32.5
20.5,5.2,99.0,99.0,1,20.9,21.6
19.1,27.8,100.0,70.0,1,29.7,30.0
17.1,18.8,99.0,98.0,1,18.4,18.9
16.6,11.8,98.0,98.0,1,19.9,20.6
17.3,2.8,98.0,61.0,1,29.8,30.9
18.4,8.4,76.0,42.0,1,27.2,27.5
17.9,0.0,76.0,57.0,0,24.0,24.9
15.3,0.0,62.0,65.0,0,19.2,22.7
14.6,43.8,90.0,82.0,1,20.9,23.0
12.9,0.2,94.0,43.0,0,28.6,28.8
14.2,0.0,92.0,43.0,0,27.4,28.0
16.0,0.0,73.0,49.0,0,26.7,27.2
17.9,0.0,88.0,64.0,0,25.9,27.4
14.8,0.0,81.0,47.0,0,27.5,27.9
15.6,0.0,92.0,55.0,0,27.0,28.3
18.8,0.0,95.0,63.0,0,27.1,28.6
19.9,2.175303643724696,94.0,66.0,0,28.1,31.1
19.3,23.6,99.0,86.0,1,21.0,21.5
15.9,2.6,67.0,63.0,1,22.6,23.4
16.7,1.0,98.0,64.0,0,23.1,23.6
17.4,2.4,81.0,59.0,1,24.2,25.7
18.2,0.0,95.0,67.0,0,26.1,27.8
17.4,0.0,79.0,75.0,0,19.6,20.0
15.5,0.4,92.0,32.0,0,24.9,25.4
10.2,0.0,50.0,34.0,0,25.0,25.4
11.6,0.0,84.0,58.0,0,22.0,23.1
14.6,1.0,96.0,50.0,0,25.0,26.1
16.4,0.0,93.0,50.0,0,26.5,26.9
17.8,0.0,98.0,63.0,0,23.3,24.0
14.9,0.0,98.0,45.0,0,27.3,28.1
14.9,2.4,91.0,56.0,1,25.6,26.1
14.4,2.2,98.0,48.0,1,26.7,27.5
13.8,0.0,84.0,42.0,0,28.7,29.1
14.2,3.0,84.0,51.0,1,26.9,27.4
14.1,0.0,98.0,39.0,0,29.0,29.5
15.2,0.0,86.0,54.0,0,27.0,28.6
17.3,0.0,80.0,52.0,0,25.9,27.9
16.7,0.0,71.0,48.0,0,26.3,26.9
15.1,0.0,79.0,58.0,0,24.9,29.2
18.2,0.0,71.0,64.0,0,24.8,24.9
10.0,4.2,60.0,32.0,1,24.1,24.9
9.8,0.2,45.0,40.0,0,17.8,19.8
10.8,0.0,54.0,47.0,0,20.4,20.9
13.0,0.2,67.0,44.0,0,23.0,23.4
9.5,0.0,90.0,44.0,0,25.3,26.1
12.8,0.0,86.0,55.0,0,25.4,26.3
14.9,0.0,83.0,38.0,0,26.2,26.7
13.8,0.0,80.0,39.0,0,24.8,25.7
16.4,0.0,68.0,71.0,0,20.4,21.9
16.5,34.2,100.0,99.0,1,18.2,19.5
17.6,43.8,100.0,62.0,1,25.0,25.6
15.4,2.0,99.0,58.0,1,25.8,26.3
15.7,0.2,99.0,67.0,0,24.3,24.9
15.0,0.4,100.0,98.0,0,20.0,20.2
15.8,2.0,100.0,99.0,1,18.5,18.8
12.7,2.6,99.0,43.0,1,21.0,22.7
10.5,0.6,51.0,39.0,0,18.9,20.2
11.0,0.0,57.0,47.0,0,21.6,22.2
10.6,0.0,95.0,49.0,0,22.7,23.1
12.8,0.0,98.0,59.0,0,22.7,24.0
9.6,0.2,82.0,62.0,0,17.5,18.5
9.7,0.0,83.0,53.0,0,20.3,21.2
10.1,0.0,100.0,49.0,0,22.4,22.7
9.1,0.0,99.0,61.0,0,23.6,23.7
11.6,1.0,98.0,51.0,0,22.0,23.0
8.7,0.0,67.0,37.0,0,20.9,21.5
8.0,0.0,64.0,42.0,0,20.9,21.3
6.5,0.0,85.0,43.0,0,20.5,21.2
7.3,0.0,98.0,52.0,0,18.0,18.4
6.5,0.2,90.0,47.0,0,22.3,22.6
7.8,0.0,95.0,41.0,0,25.6,26.3
9.2,0.2,91.0,40.0,0,27.4,27.6
10.8,0.0,98.0,34.0,0,27.5,27.9
9.5,0.0,94.0,35.0,0,19.7,20.7
6.2,0.0,46.0,41.0,0,16.7,18.2
3.8,0.0,67.0,42.0,0,16.9,17.9
4.1,0.0,82.0,42.0,0,18.6,19.4
6.3,0.2,83.0,38.0,0,19.9,20.3
6.0,0.0,99.0,49.0,0,20.1,20.7
6.4,0.2,98.0,45.0,0,21.4,21.6
5.2,0.2,98.0,53.0,0,19.4,19.7
6.3,0.0,98.0,71.0,0,16.7,20.0
8.2,0.0,99.0,56.0,0,19.8,20.5
5.3,0.4,98.0,37.0,0,20.1,20.9
3.5,0.0,91.0,38.0,0,21.5,21.9
4.4,0.0,97.0,98.0,0,10.2,13.1
9.0,12.6,100.0,39.0,1,17.6,18.8
7.6,0.2,45.0,51.0,0,15.4,16.9
5.4,0.0,98.0,45.0,0,17.5,18.1
6.7,0.2,78.0,45.0,0,18.1,19.1
10.4,0.0,72.0,66.0,0,17.3,18.9
8.4,0.0,99.0,54.0,0,18.7,19.1
8.9,0.0,98.0,51.0,0,19.4,19.8
9.6,0.0,98.0,88.0,0,16.3,16.7
12.0,1.2,100.0,99.0,1,15.1,16.5
13.4,13.4,100.0,98.0,1,15.4,15.5
10.6,0.2,100.0,52.0,0,17.8,20.1
9.9,0.2,65.0,74.0,0,12.0,15.4
10.2,11.8,83.0,74.0,1,13.6,13.9
8.1,0.2,63.0,42.0,0,16.7,17.2
3.1,0.2,99.0,54.0,0,15.8,16.1
2.5,0.2,99.0,56.0,0,16.5,16.6
5.0,0.0,98.0,68.0,0,15.0,15.9
8.8,6.6,98.0,99.0,1,12.9,13.5
11.6,23.0,98.0,95.0,1,14.8,17.7
12.2,1.2,80.0,68.0,1,16.7,18.1
9.9,1.0,100.0,71.0,0,17.6,18.5
8.7,0.2,100.0,70.0,0,18.9,19.7
7.2,0.2,99.0,99.0,0,11.7,12.0
5.6,3.8,99.0,46.0,1,17.0,18.6
4.7,0.2,98.0,46.0,0,18.6,19.4
3.6,0.2,99.0,43.0,0,18.7,19.7
2.9,0.0,98.0,57.0,0,15.3,15.8
2.3,0.2,98.0,69.0,0,15.3,18.2
5.5,0.0,41.0,63.0,0,14.0,17.5
3.5,0.0,85.0,32.0,0,17.5,18.0
1.0,0.2,93.0,48.0,0,17.4,17.8
1.7,0.2,99.0,54.0,0,17.1,17.3
4.6,0.2,82.0,98.0,0,11.2,13.5
9.2,0.6,98.0,68.0,0,15.6,16.9
8.7,0.0,98.0,66.0,0,16.9,17.3
9.1,0.0,99.0,64.0,0,19.5,20.3
4.9,0.2,99.0,38.0,0,18.9,20.0
5.5,0.0,73.0,37.0,0,14.4,16.5
1.8,0.0,94.0,40.0,0,15.6,16.6
2.1,0.0,91.0,41.0,0,15.6,16.1
5.7,0.0,52.0,41.0,0,15.3,16.7
8.8,0.0,62.0,59.0,0,14.1,15.4
9.6,2.6,70.0,52.0,1,16.0,16.1
5.9,0.0,77.0,56.0,0,15.7,16.5
6.2,0.0,98.0,55.0,0,17.6,18.0
4.2,0.4,100.0,63.0,0,17.2,17.7
4.4,0.0,100.0,97.0,0,12.8,13.6
6.6,7.2,94.0,41.0,1,20.5,20.9
8.1,0.0,98.0,99.0,0,12.8,13.2
8.7,2.8,100.0,63.0,1,22.7,23.5
7.4,0.0,98.0,38.0,0,18.7,19.6
6.5,0.0,64.0,43.0,0,16.6,18.4
3.0,0.0,81.0,46.0,0,19.3,19.5
3.7,0.2,99.0,50.0,0,19.3,19.7
4.2,0.2,98.0,38.0,0,19.4,20.1
3.9,0.0,85.0,58.0,0,14.1,15.8
2.1,0.2,93.0,37.0,0,16.6,17.0
6.8,0.0,68.0,54.0,0,15.2,16.2
8.8,0.0,69.0,89.0,0,12.9,17.8
9.9,4.4,88.0,70.0,1,14.4,15.5
10.5,0.6,97.0,74.0,0,15.0,15.4
6.2,0.2,100.0,56.0,0,18.7,19.0
7.6,0.0,99.0,56.0,0,17.8,19.3
4.8,0.4,97.0,43.0,0,15.8,17.1
3.4,0.0,73.0,42.0,0,17.1,17.6
3.0,0.0,97.0,45.0,0,16.6,16.9
5.3,0.0,52.0,37.0,0,15.4,15.9
5.1,0.0,57.0,50.0,0,14.0,15.4
3.2,0.0,73.0,43.0,0,15.4,16.3
2.5,0.0,81.0,36.0,0,16.5,17.0
2.4,0.0,97.0,42.0,0,17.1,17.9
1.8,0.0,89.0,28.0,0,20.5,20.8
2.3,0.0,89.0,29.0,0,21.1,22.0
7.5,0.0,35.0,29.0,0,17.5,19.1
1.1,0.0,76.0,32.0,0,17.7,18.2
0.7,0.2,91.0,49.0989898989899,0,22.2,22.4
6.5,0.0,75.82262996941895,49.0989898989899,0,18.5,19.9
5.1,0.0,75.82262996941895,49.0989898989899,0,16.7,18.1
8.7,0.0,75.82262996941895,49.0989898989899,0,16.5,17.9
11.7,0.0,75.82262996941895,49.0989898989899,0,14.8,16.1
6.8,0.0,75.82262996941895,41.0,0,18.5,18.9
2.1,0.0,84.0,43.0,0,17.8,18.1
3.7,0.0,78.0,24.0,0,23.0,24.4
5.8,0.0,55.0,37.0,0,19.1,20.0
3.5,0.0,68.0,43.0,0,15.1,21.2
8.0,0.0,46.0,42.0,0,16.8,18.7
4.8,0.0,56.0,39.0,0,18.2,20.0
2.5,0.0,79.0,36.0,0,18.5,18.9
5.1,0.0,89.0,28.0,0,22.0,22.2
5.9,0.0,87.0,34.0,0,24.8,25.5
10.3,0.0,43.0,37.0,0,24.4,28.9
10.5,4.8,46.0,31.0,1,18.6,19.4
7.2,0.0,57.0,31.0,0,19.9,20.3
3.5,0.0,57.0,32.0,0,19.4,20.3
2.3,0.0,67.0,38.0,0,19.4,24.764366290643665
3.2,2.175303643724696,78.0,36.0,0,20.8,20.9
4.3,0.0,97.0,43.0,0,21.9,22.3
6.9,0.0,45.0,27.0,0,19.7,21.6
6.0,0.0,42.0,30.0,0,16.6,19.1
2.2,1.8,58.0,36.0,1,16.6,18.4
4.2,0.0,65.0,30.0,0,20.8,21.2
3.2,0.0,69.0,19.0,0,23.4,24.0
4.1,0.0,78.0,23.0,0,24.8,25.5
4.3,0.0,63.0,18.0,0,27.2,28.0
12.7,0.2,26.0,13.0,0,26.2,27.5
7.4,0.0,28.0,30.0,0,18.3,21.8
8.1,0.0,41.0,34.0,0,19.8,21.2
6.0,0.0,55.0,29.0,0,22.0,22.9
4.6,0.0,72.0,22.0,0,26.5,26.9
7.3,0.0,68.0,44.0,0,22.0,23.0
8.1,0.0,93.0,36.0,0,25.9,26.3
6.9,0.2,64.0,68.0,0,17.2,22.8
4.8,0.2,50.0,26.0,0,20.3,20.8
5.1,0.0,61.0,41.0,0,19.6,20.7
7.6,0.0,66.0,37.0,0,22.6,23.5
9.4,0.0,75.0,50.0,0,20.9,22.2
9.5,7.0,98.0,73.0,1,18.0,19.6
7.3,5.4,95.0,39.0,1,21.7,23.3
9.0,0.0,72.0,40.0,0,24.2,24.7
11.0,0.0,98.0,21.0,0,26.7,28.1
8.4,0.0,64.0,40.0,0,23.5,25.1
7.8,0.0,98.0,23.0,0,29.7,30.6
10.6,0.0,34.0,24.0,0,23.3,23.9
7.0,0.0,56.0,46.0,0,20.2,22.4
11.5,0.0,65.0,36.0,0,23.8,24.6
10.2,0.0,87.0,32.0,0,28.3,29.6
14.1,0.0,53.0,27.0,0,32.4,34.1
16.4,9.4,53.0,34.0,1,19.5,22.1
5.8,0.2,35.0,24.0,0,21.4,22.0
7.6,0.0,53.0,32.0,0,21.8,22.3
12.0,0.0,55.0,34.0,0,22.9,23.5
7.7,0.0,64.0,15.0,0,31.2,31.9
9.7,0.0,53.0,18.0,0,31.2,32.1
12.9,0.0,26.0,15.0,0,33.9,35.1
15.6,0.0,98.0,98.0,0,17.0,18.0
11.5,1.8,55.0,24.0,1,22.7,23.4
11.6,0.4,69.0,49.0,0,19.2,21.0
10.5,0.6,82.0,33.0,0,20.9,21.7
6.8,0.2,77.0,25.0,0,26.1,26.8
12.5,7.6,98.0,66.0,1,18.2,20.1
6.8,7.8,97.0,73.0,1,15.5,18.1
6.0,15.4,79.0,37.0,1,19.5,20.9
8.3,0.2,73.0,38.0,0,22.3,22.8
8.1,0.0,87.0,25.0,0,28.5,29.1
10.6,0.0,69.0,13.0,0,32.9,33.6
13.8,0.0,47.0,48.0,0,23.8,25.7
15.3,0.0,67.0,42.0,0,24.2,25.3
13.1,0.0,98.0,31.0,0,29.8,31.7
12.5,0.0,56.0,12.0,0,34.0,34.9
12.9,0.0,79.0,32.0,0,26.2,28.6
11.8,0.0,75.0,33.0,0,19.8,20.7
11.5,0.0,57.0,37.0,0,20.4,21.6
8.0,0.0,64.0,26.0,0,27.4,28.6
10.3,0.0,75.0,17.0,0,33.5,34.4
15.3,0.0,78.0,56.0,0,22.6,24.9
10.3,0.0,37.0,37.0,0,22.8,24.1
14.3,0.0,58.0,45.0,0,20.1,21.8
9.0,0.0,63.0,33.0,0,25.4,26.3
11.2,0.0,70.0,34.0,0,26.7,29.0
13.1,0.0,65.0,20.0,0,33.6,34.0
14.1,0.0,64.0,19.0,0,33.2,34.6
12.3,0.0,44.0,31.0,0,22.8,24.1
12.9,0.2,98.0,68.0,0,17.1,19.3
13.4,0.2,64.0,39.0,0,27.1,28.0
13.6,0.0,76.0,27.0,0,33.5,35.1
18.8,0.0,64.0,23.0,0,34.8,36.5
19.9,0.0,80.0,57.0,0,26.3,27.1
18.2,0.4,66.0,44.0,0,28.4,30.6
15.6,20.4,98.0,29.0,1,29.9,30.9
15.8,0.2,65.0,57.0,0,18.1,21.2
11.1,0.0,58.0,42.0,0,20.9,23.9
9.7,0.0,69.0,30.0,0,28.7,29.7
13.9,1.0,49.0,45.0,0,23.9,25.2
14.2,2.8,98.0,80.0,1,19.0,19.3
15.6,2.0,96.0,47.0,1,26.8,29.4
16.9,1.6,98.0,98.0,1,17.5,17.6
14.3,12.8,79.0,53.0,1,22.1,23.4
14.1,0.2,69.0,42.0,0,27.4,29.5
10.8,0.0,43.0,44.0,0,22.0,22.6
14.2,0.4,59.0,46.0,0,22.0,24.2
10.6,0.2,65.0,34.0,0,27.7,29.5
16.8,0.0,68.0,71.0,0,18.8,19.6
15.1,0.0,65.0,46.0,0,24.0,24.5
16.2,0.0,70.0,49.0,0,28.3,29.8
17.7,0.0,70.0,19.0,0,36.7,37.2
18.2,0.0,83.0,52.0,0,30.1,34.0
19.8,0.6,97.0,61.0,0,27.7,28.5
17.8,18.2,98.0,84.0,1,23.1,23.6
18.5,5.6,98.0,61.0,1,28.7,31.0
19.2,0.2,79.0,50.0,0,34.9,38.4
19.5,0.0,70.0,12.0,0,39.9,40.7
18.2,0.0,72.0,61.0,0,23.6,27.5
16.6,0.0,64.0,45.0,0,27.5,29.3
16.3,0.0,69.0,28.0,0,34.2,35.7
16.8,0.0,70.0,22.0,0,36.6,39.6
20.1,0.0,75.0,35.0,0,34.3,35.7
22.1,0.0,74.0,39.0,0,32.1,34.0
18.9,0.0,66.0,20.0,0,39.4,42.0
21.3,0.0,65.0,47.0,0,24.3,27.6
19.4,0.0,61.0,55.0,0,25.4,26.9
20.1,0.0,61.0,31.0,0,36.9,40.0
19.8,0.0,56.0,33.0,0,36.5,38.6
20.9,0.2,78.0,73.0,0,24.0,25.1
16.1,12.2,74.0,42.0,1,24.5,25.7
15.6,0.0,56.0,39.0,0,27.0,29.0
15.8,0.0,73.0,29.0,0,34.8,35.8
20.1,0.0,70.0,39.0,0,33.9,36.0
20.6,0.0,71.0,14.0,0,45.3,46.5
20.6,0.2,68.0,80.0,0,20.3,26.2
18.3,0.4,77.0,70.0,0,22.6,24.8
19.6,0.2,98.0,54.0,0,27.9,30.5
18.4,0.2,75.0,72.0,0,24.4,33.1
20.9,0.4,81.0,59.0,0,26.0,26.6
20.5,0.0,69.0,45.0,0,29.5,31.5
19.8,0.0,83.0,38.0,0,33.6,35.3
22.7,0.0,78.0,49.0,0,32.0,33.0
19.7,27.2,99.0,98.0,1,22.5,23.6
20.4,5.0,100.0,99.0,1,21.8,23.1
18.9,101.8,96.0,73.0,1,26.3,28.1
19.0,1.2,98.0,60.0,1,27.6,28.0
20.2,0.2,81.0,48.0,0,32.6,34.8
16.1,37.8,99.0,99.0,1,16.6,18.1
14.6,15.8,92.0,82.0,1,19.2,19.9
16.7,3.4,96.0,66.0,1,22.9,23.9
18.0,4.8,98.0,49.0,1,25.6,27.4
16.7,0.2,82.0,51.0,0,26.9,28.2
17.2,0.0,93.0,53.0,0,26.9,28.7
15.7,0.2,86.0,39.0,0,29.1,30.3
15.8,0.0,89.0,44.0,0,28.4,29.0
16.5,0.0,87.0,41.0,0,29.4,30.0
16.7,0.0,84.0,44.0,0,29.0,30.5
18.3,0.0,98.0,49.0,0,28.2,29.8
17.5,0.0,90.0,54.0,0,26.8,28.1
15.4,0.0,88.0,39.0,0,30.3,30.9
17.4,0.0,87.0,70.0,0,25.4,27.0
20.0,2.4,95.0,75.0,1,24.9,25.5
19.0,0.0,98.0,54.0,0,28.8,31.2
17.2,0.0,59.0,36.0,0,23.6,24.8
12.9,0.0,58.0,37.0,0,22.9,24.3
12.5,0.0,71.0,42.0,0,23.6,25.7
12.8,0.0,92.0,44.0,0,26.2,27.3
14.5,0.0,98.0,45.0,0,29.1,30.3
17.1,0.0,74.0,46.0,0,31.5,31.9
20.7,0.0,64.0,48.0,0,30.2,31.6
18.7,0.0,82.0,42.0,0,31.8,33.4
14.4,0.0,68.0,33.0,0,29.8,30.8
16.9,0.0,94.0,58.0,0,27.7,29.0
19.9,0.0,98.0,52.0,0,32.1,33.1
18.6,0.0,99.0,37.0,0,32.8,33.5
14.9,2.6,54.0,50.0,1,23.0,24.4
13.3,0.2,74.0,45.0,0,25.3,26.2
16.4,0.0,78.0,43.0,0,24.9,25.8
16.3,0.0,70.0,44.0,0,26.7,27.1
13.5,0.0,85.0,34.0,0,26.8,27.8
14.9,0.0,98.0,72.0,0,18.2,19.5
15.2,2.8,99.0,99.0,1,16.9,20.3
15.3,13.6,98.0,65.0,1,21.5,22.3
13.8,0.2,99.0,60.0,0,21.7,22.5
12.4,0.0,79.0,51.0,0,23.4,25.1
11.9,0.4,92.0,45.0,0,24.8,25.4
13.7,0.2,82.0,98.0,0,19.0,24.9
12.5,3.0,99.0,51.0,1,25.0,25.4
12.1,0.2,93.0,31.0,0,27.1,27.6
13.9,0.2,89.0,48.0,0,25.7,26.3
12.1,0.0,99.0,46.0,0,26.1,26.5
12.3,0.2,83.0,31.0,0,29.4,30.0
12.6,0.2,88.0,52.0,0,26.4,26.8
16.0,18.4,99.0,81.0,1,19.7,20.7
12.5,0.2,80.0,54.0,0,23.0,23.7
13.5,0.2,86.0,59.0,0,22.0,25.6
12.1,0.2,51.0,36.0,0,20.7,21.4
13.0,7.0,87.0,76.0,1,18.3,18.4
10.1,11.4,64.0,48.0,1,20.6,21.4
12.5,0.8,90.0,37.0,0,23.0,24.4
8.7,0.4,78.0,50.0,0,23.2,24.9
8.6,0.0,72.0,38.0,0,22.8,23.1
8.8,0.2,72.0,41.0,0,22.4,22.9
8.0,0.0,82.0,42.0,0,24.9,25.4
9.5,0.2,86.0,44.0,0,25.3,25.6
9.8,0.2,86.0,27.0,0,28.6,28.9
10.6,0.0,69.0,44.0,0,26.6,27.9
16.1,0.0,98.0,59.0,0,24.5,25.2
17.6,0.0,92.0,53.0,0,26.1,27.3
11.6,0.0,50.0,49.0,0,18.3,20.0
8.6,0.0,88.0,44.0,0,22.7,23.0
9.7,0.0,52.0,49.0,0,23.1,26.1
11.6,0.0,56.0,41.0,0,18.4,19.0
7.1,0.0,73.0,48.0,0,20.0,20.5
12.9,0.0,75.0,64.0,0,19.2,21.3
9.6,0.0,100.0,51.0,0,21.9,22.5
8.8,0.0,100.0,45.0,0,23.4,24.1
8.4,0.4,99.0,43.0,0,23.2,23.7
9.5,0.0,82.0,59.0,0,21.5,22.5
11.6,0.0,100.0,55.0,0,22.4,23.1
9.7,0.4,100.0,75.0,0,19.4,19.6
11.7,0.6,78.0,36.0,0,20.0,20.7
4.5,0.0,85.0,39.0,0,19.1,20.9
10.0,0.2,65.0,42.0,0,19.2,21.1
7.1,0.0,52.0,36.0,0,18.5,19.6
5.0,0.0,72.0,33.0,0,19.4,20.3
4.1,0.0,59.0,33.0,0,18.8,19.9
3.9,0.0,92.0,42.0,0,19.8,20.1
5.6,0.0,58.0,41.0,0,20.6,22.6
5.4,0.0,98.0,69.0,0,15.2,15.7
9.0,15.6,96.0,98.0,1,14.8,15.1
12.3,6.0,79.0,98.0,1,15.1,18.0
9.5,1.6,74.0,41.0,1,20.3,21.4
4.6,0.0,98.0,41.0,0,19.8,20.0
5.8,0.2,99.0,55.0,0,18.9,19.4
9.2,1.4,99.0,82.0,1,17.1,19.1
9.6,0.4,100.0,94.0,0,16.4,16.9
8.7,0.2,100.0,65.0,0,21.0,21.3
7.6,0.2,100.0,55.0,0,23.7,23.8
9.7,0.0,99.0,83.0,0,18.0,19.9
12.9,8.4,100.0,69.0,1,14.8,15.6
10.9,13.4,50.0,36.0,1,18.0,18.9
5.2,0.0,95.0,50.0,0,20.3,20.4
6.7,0.0,99.0,81.0,0,16.4,17.2
8.4,0.2,99.0,83.0,0,15.0,15.6
10.9,0.0,98.0,46.0,0,21.3,22.0
8.7,0.0,81.0,61.0,0,16.9,17.6
7.5,0.0,99.0,61.0,0,18.4,19.8
7.3,0.0,100.0,99.0,0,13.5,13.9
6.8,3.0,100.0,69.0,1,17.9,18.9
7.2,0.2,100.0,99.0,0,13.8,14.2
8.0,8.0,100.0,54.0,1,18.0,20.2
7.2,0.0,87.0,47.0,0,18.7,19.9
10.5,0.2,55.0,41.0,0,18.6,19.5
4.9,0.0,88.0,46.0,0,17.8,18.1
3.5,0.0,85.0,50.0,0,16.4,17.7
3.7,0.2,98.0,45.0,0,17.1,17.9
8.3,1.0,64.0,46.0,0,16.6,16.9
8.0,0.0,63.0,53.0,0,15.4,16.6
5.3,0.0,98.0,46.0,0,16.4,16.7
3.4,0.0,98.0,78.0,0,13.1,15.5
7.8,4.2,97.0,83.0,1,13.9,14.1
10.3,2.0,84.0,81.0,1,13.9,13.9
9.5,8.4,99.0,99.0,1,12.9,14.8
11.3,21.2,99.0,72.0,1,17.1,18.6
12.1,3.2,98.0,94.0,1,15.5,17.5
11.3,0.6,99.0,85.0,0,16.8,17.1
11.9,18.0,99.0,99.0,1,12.5,12.9
11.3,8.6,93.0,70.0,1,16.5,16.9
5.9,0.2,99.0,56.0,0,18.6,18.6
4.1,0.2,99.0,58.0,0,18.2,18.6
3.7,0.2,99.0,63.0,0,17.2,17.6
2.3,0.2,99.0,35.0,0,22.6,23.2
6.0,0.2,51.0,32.0,0,17.6,19.3
2.6,0.0,75.0,31.0,0,17.0,17.6
1.5,0.0,89.0,41.0,0,18.9,19.0
2.5,0.0,99.0,40.0,0,17.8,18.1
5.3,0.2,89.0,65.0,0,13.5,16.1
8.1,0.0,98.0,79.0,0,14.5,15.6
3.7,0.2,99.0,60.0,0,16.9,17.4
5.2,0.2,99.0,66.0,0,16.5,17.0
5.8,0.2,99.0,69.0,0,16.7,17.2
6.8,0.0,99.0,60.0,0,18.8,19.4
10.4,0.6,100.0,96.0,0,15.8,16.0
11.0,0.0,100.0,75.0,0,19.2,19.6
10.3,0.8,100.0,56.0,0,22.6,23.1
8.7,0.2,100.0,68.0,0,21.4,21.8
10.9,0.0,97.0,79.0,0,17.9,18.8
7.8,0.2,98.0,35.0,0,18.6,19.9
5.6,0.0,46.0,32.0,0,15.6,16.5
3.5,0.0,76.0,30.0,0,16.1,17.3
2.0,0.0,86.0,45.0,0,15.6,17.4
7.2,0.0,50.0,44.0,0,16.9,18.1
2.6,0.0,98.0,42.0,0,18.5,18.8
2.0,0.0,99.0,42.0,0,18.7,19.2
2.3,0.2,97.0,50.0,0,18.6,18.9
3.9,0.2,98.0,62.0,0,17.2,18.2
4.3,0.2,99.0,43.0,0,22.4,23.1
6.9,0.0,98.0,57.0,0,19.7,20.4
11.6,0.2,78.0,64.0,0,15.8,17.3
4.9,0.2,98.0,40.0,0,18.8,19.3
5.1,0.0,99.0,35.0,0,20.2,20.6
5.4,0.0,57.0,30.0,0,19.2,20.0
9.5,0.0,60.0,33.0,0,17.9,19.3
4.8,0.0,69.0,36.0,0,19.6,20.8
5.9,0.0,58.0,33.0,0,21.3,23.4
8.6,0.0,71.0,42.0,0,18.0,19.1
7.4,2.175303643724696,69.0,63.0,0,14.3,15.5
4.5,0.0,77.0,47.0,0,17.6,18.8
4.8,0.2,78.0,34.0,0,23.4,24.3
3.5,0.0,90.0,33.0,0,21.5,21.9
6.2,0.0,97.0,53.0,0,17.7,25.8
4.6,0.0,32.0,28.0,0,21.0,21.9
7.0,0.0,55.0,24.0,0,22.7,23.5
9.5,0.0,37.0,27.0,0,18.5,18.9
2.8,0.0,89.0,29.0,0,20.8,21.1
6.3,0.0,57.0,33.0,0,23.1,24.2
8.3,0.0,41.0,25.0,0,22.6,23.0
7.1,0.0,41.0,29.0,0,18.2,20.8
4.3,0.0,42.0,30.0,0,14.0,16.1
2.3,0.0,62.0,34.0,0,16.7,17.6
2.1,0.0,83.0,39.0,0,16.8,17.9
8.0,0.0,48.0,45.0,0,17.4,18.9
5.6,0.0,67.0,36.0,0,21.8,22.7
5.3,0.0,93.0,31.0,0,24.2,24.5
4.9,0.0,66.0,36.0,0,20.7,20.9
8.0,0.0,67.0,34.0,0,22.4,22.8
7.1,0.0,79.0,31.0,0,23.4,24.0
7.2,0.0,83.0,42.0,0,22.6,23.0
10.3,0.0,67.0,25.0,0,27.9,28.5
9.4,0.0,66.0,32.0,0,23.3,24.1
7.3,0.0,78.0,35.0,0,23.9,24.4
7.3,0.0,84.0,34.0,0,24.7,25.4
7.8,0.0,85.0,35.0,0,24.2,24.6
8.7,0.0,98.0,34.0,0,25.1,25.3
8.3,0.0,92.0,35.0,0,27.1,28.3
11.2,0.0,76.0,38.0,0,26.9,28.6
12.2,0.0,93.0,19.0,0,31.4,32.1
15.8,0.0,80.0,67.0,0,20.4,20.7
14.0,0.0,82.0,43.0,0,25.9,27.2
15.4,0.0,24.0,17.0,0,30.9,32.3
8.8,0.0,66.0,18.0,0,24.3,25.4
7.1,0.0,57.0,27.0,0,22.6,24.0
9.0,0.0,56.0,49.0,0,17.4,18.9
11.7,2.0,98.0,56.0,1,21.0,24.3
10.3,0.0,68.0,50.0,0,21.5,23.3
13.1,0.0,87.0,85.0,0,16.8,18.1
14.0,16.8,82.0,42.0,1,22.2,24.6
14.3,0.2,46.0,27.0,0,25.0,25.5
13.8,0.0,28.0,28.0,0,21.4,23.6
7.5,0.0,39.0,49.0,0,16.1,21.9
6.5,0.0,47.0,32.0,0,22.6,24.0
7.0,0.0,58.0,25.0,0,25.4,25.7
9.2,0.0,61.0,23.0,0,29.3,29.9
12.8,0.0,76.0,16.0,0,30.3,32.0
11.2,0.0,50.0,16.0,0,32.4,33.0
11.0,0.0,47.0,22.0,0,24.9,31.6
5.7,0.0,33.0,14.0,0,25.5,25.9
6.3,0.0,49.0,13.0,0,27.4,29.9
10.1,0.0,32.0,21.0,0,26.2,26.8
7.4,0.0,45.0,15.0,0,31.8,32.2
13.5,0.0,36.0,31.0,0,26.9,34.0
7.3,0.0,36.0,22.0,0,26.8,27.3
11.3,0.0,38.0,40.0,0,17.6,21.8
7.8,0.0,39.0,25.0,0,21.7,22.5
6.3,0.2,51.0,17.0,0,29.6,30.2
9.7,0.0,55.0,12.0,0,33.5,34.0
13.6,0.0,46.0,41.0,0,21.3,24.6
10.3,0.0,58.0,44.0,0,20.8,24.2
7.6,0.0,67.0,18.0,0,30.9,32.5
10.9,0.0,28.0,7.0,0,36.2,37.1
14.8,0.0,74.0,29.0,0,26.0,27.8
9.3,0.0,58.0,15.0,0,32.3,33.1
13.9,0.0,58.0,8.0,0,34.4,35.3
12.8,0.0,39.0,30.0,0,20.5,21.9
6.3,0.0,39.0,15.0,0,25.1,26.6
7.2,0.0,40.0,9.0,0,31.1,32.3
11.3,0.0,24.0,9.0,0,31.5,33.8
10.8,0.0,27.0,28.0,0,23.9,24.6
8.8,0.0,67.0,18.0,0,26.7,27.5
11.3,0.0,70.0,23.0,0,31.6,32.2
13.3,0.0,67.0,15.0,0,36.1,37.2
18.1,0.0,69.0,75.0,0,23.4,27.6
19.2,3.6,48.0,17.0,1,31.8,33.4
13.9,0.0,32.0,21.0,0,22.9,24.6
7.0,0.0,27.0,15.0,0,24.0,25.2
9.3,0.0,40.0,18.0,0,25.2,26.4
11.2,0.0,55.0,22.0,0,26.2,27.4
15.6,0.0,80.0,36.0,0,26.8,27.8
13.4,2.2,70.0,57.0,1,20.2,30.4
12.4,0.6,50.0,33.0,0,23.5,24.8
12.7,0.0,56.0,33.0,0,26.8,27.9
15.6,0.0,83.0,37.0,0,26.6,27.9
13.3,0.0,74.0,7.0,0,34.8,36.3
15.0,0.0,48.0,8.0,0,32.9,36.0
11.7,1.0,34.0,29.0,0,21.3,22.6
13.7,0.0,51.0,37.0,0,21.5,22.6
8.3,0.0,66.0,25.0,0,28.3,28.7
11.5,0.0,65.0,19.0,0,34.2,35.5
15.3,0.0,51.0,14.0,0,37.6,39.3
20.2,0.0,38.0,19.0,0,32.8,34.1
15.6,0.0,63.0,98.0,0,15.5,18.1
13.2,43.6,99.0,99.0,1,15.9,17.8
14.1,17.8,98.0,80.0,1,19.5,22.9
11.4,11.2,74.0,21.0,1,29.3,30.3
13.0,0.0,38.0,21.0,0,29.9,30.2
14.4,0.0,64.0,81.0,0,21.6,26.3
14.4,12.0,86.0,61.0,1,20.8,22.4
14.6,4.6,70.0,98.0,1,15.6,17.4
14.3,9.0,67.0,98.0,1,16.2,20.9
15.6,20.6,71.0,52.0,1,25.5,26.7
14.3,0.0,84.0,35.0,0,29.8,30.6
15.5,0.0,73.0,53.0,0,28.1,29.2
18.8,2.6,98.0,80.0,1,22.5,26.4
17.4,7.8,90.0,72.0,1,24.4,25.7
13.6,5.4,63.0,49.0,1,25.2,26.3
14.5,0.0,63.0,74.0,0,19.8,25.4
13.4,1.0,57.0,41.0,0,22.8,24.0
12.1,0.0,55.0,33.0,0,27.0,28.9
13.5,0.0,73.0,18.0,0,35.0,36.2
19.4,0.0,80.0,95.0,0,16.4,21.9
14.3,4.8,63.0,53.0,1,22.6,23.1
13.0,0.0,62.0,52.0,0,23.2,25.0
15.6,0.0,57.0,40.0,0,26.5,28.9
12.8,0.0,71.0,23.0,0,30.8,32.1
15.5,0.0,73.0,44.0,0,31.5,37.3
18.9,2.4,56.0,47.0,1,18.8,26.4
11.2,0.0,38.0,24.0,0,24.4,25.5
11.0,0.0,52.0,28.0,0,26.8,28.4
13.1,0.0,64.0,29.0,0,30.6,31.8
17.8,0.0,64.0,39.0,0,32.9,33.8
23.1,0.0,42.0,21.0,0,31.2,32.4
16.1,0.0,58.0,21.0,0,32.0,32.1
16.0,0.0,61.0,33.0,0,29.1,30.3
15.9,0.0,67.0,27.0,0,32.9,33.6
19.1,0.0,66.0,56.0,0,25.8,27.0
17.7,0.0,72.0,46.0,0,27.7,28.6
18.4,1.4,86.0,55.0,1,27.3,28.4
16.3,0.0,65.0,32.0,0,30.6,31.6
18.2,0.0,75.0,39.0,0,30.4,30.8
15.2,0.0,63.0,28.0,0,32.9,35.0
18.3,0.0,67.0,15.0,0,40.0,41.9
23.7,0.0,62.0,46.0,0,30.4,32.2
20.3,0.0,67.0,23.0,0,40.0,41.0
23.3,0.2,65.0,23.0,0,37.1,38.1
18.1,0.4,73.0,67.0,0,21.4,21.7
17.0,1.2,98.0,98.0,1,20.2,22.0
18.4,25.0,87.0,46.0,1,28.5,29.6
15.6,5.8,79.0,53.0,1,26.9,28.7
17.9,0.2,84.0,47.0,0,29.6,31.8
17.8,0.0,52.0,36.0,0,25.5,26.6
18.1,0.0,57.0,38.0,0,27.7,29.5
15.4,0.0,61.0,30.0,0,31.0,32.1
19.8,0.0,72.0,33.0,0,32.2,32.7
21.0,0.0,52.0,28.0,0,34.7,36.9
20.5,1.0,89.0,52.0,0,29.8,32.9
19.7,0.0,71.0,12.0,0,33.7,34.4
19.0,0.0,61.0,36.0,0,31.4,32.6
17.4,0.0,32.0,9.0,0,32.6,33.2
16.0,3.0,97.0,50.0,1,21.9,22.8
15.7,0.2,99.0,64.0,0,20.3,21.5
15.8,0.2,65.0,44.0,0,23.8,24.4
18.3,0.0,66.0,44.0,0,27.9,29.2
17.2,0.0,71.0,26.0,0,35.7,36.0
19.7,0.0,72.0,46.0,0,31.2,32.7
18.7,0.0,66.0,39.0,0,29.8,30.3
16.8,0.0,63.0,31.0,0,33.1,35.5
18.4,0.0,74.0,18.0,0,38.0,39.2
19.1,0.0,71.0,25.0,0,36.7,37.8
18.8,0.0,74.0,22.0,0,37.0,38.3
17.1,0.0,71.0,12.0,0,39.5,40.8
19.9,0.0,68.0,45.0,0,29.9,31.3
22.0,0.0,72.0,65.0,0,26.1,30.5
18.6,8.4,100.0,96.0,1,23.5,25.8
19.3,9.4,99.0,82.0,1,20.1,21.4
17.7,1.0,87.0,70.0,0,22.8,24.0
18.9,0.4,98.0,60.0,0,27.4,29.3
17.6,3.8,86.0,49.0,1,23.6,26.0
16.4,0.0,78.0,73.0,0,19.7,22.2
13.1,0.0,73.0,39.0,0,28.6,29.4
15.0,0.0,73.0,33.0,0,30.4,32.4
16.4,0.0,72.0,22.0,0,37.0,38.5
18.9,0.0,70.0,33.0,0,32.3,34.2
15.9,0.0,69.0,21.0,0,35.8,38.5
20.1,0.0,71.0,38.0,0,33.3,33.5
20.2,0.0,77.0,41.0,0,32.0,33.4
19.3,0.0,66.0,29.0,0,32.9,35.0
20.3,0.0,69.0,67.0,0,22.2,27.2
16.2,0.6,60.0,45.0,0,22.7,23.6
17.1,0.0,68.0,40.0,0,25.6,25.8
12.4,0.0,73.0,28.0,0,30.8,33.3
16.0,0.0,72.0,25.0,0,35.0,36.8
16.1,0.0,87.0,19.0,0,34.9,37.5
19.7,0.0,69.0,48.0,0,29.7,30.0
19.0,0.0,84.0,54.0,0,27.8,29.3
20.9,2.4,98.0,59.0,1,28.7,29.3
20.5,0.2,85.0,41.0,0,31.4,32.1
19.9,0.4,98.0,53.0,0,27.8,28.1
20.6,3.8,100.0,88.0,1,25.3,25.5
21.2,6.0,100.0,100.0,1,21.0,24.3
18.5,22.2,85.0,81.0,1,21.8,23.4
17.7,0.0,94.0,67.0,0,25.0,27.1
20.0,0.0,98.0,98.0,0,22.2,23.4
17.6,20.6,56.0,27.0,1,29.3,30.0
14.4,0.0,46.0,25.0,0,27.6,28.1
17.5,0.0,78.0,50.0,0,26.8,27.6
18.2,0.0,80.0,47.0,0,24.7,25.9
18.6,0.0,79.0,37.0,0,30.0,30.6
17.1,0.0,82.0,38.0,0,29.5,31.3
17.4,0.0,86.0,33.0,0,32.2,34.6
19.2,8.8,98.0,86.0,1,21.4,22.7
17.2,3.2,98.0,98.0,1,18.9,19.1
17.4,7.0,99.0,99.0,1,19.8,21.1
17.2,27.4,98.0,98.0,1,19.9,21.4
17.9,0.2,84.0,78.0,0,22.9,24.9
18.4,3.4,99.0,67.0,1,24.3,25.7
16.2,0.2,98.0,97.0,0,23.9,29.5
18.7,3.6,95.0,62.0,1,25.8,27.2
17.2,0.0,98.0,69.0,0,26.1,28.7
17.4,0.2,98.0,43.0,0,28.2,29.3
17.6,0.0,98.0,44.0,0,27.4,28.9
17.2,0.0,93.0,46.0,0,29.3,29.9
17.0,0.0,86.0,40.0,0,29.3,29.8
15.8,0.0,84.0,50.0,0,27.5,29.3
19.5,0.0,79.0,58.0,0,25.4,28.2
17.8,0.0,94.0,49.0,0,29.0,29.8
16.4,0.0,94.0,50.0,0,29.3,29.8
17.0,5.0,67.0,53.0,1,25.8,27.7
14.0,1.4,50.0,31.0,1,27.3,28.4
12.9,0.0,75.0,33.0,0,30.1,30.8
15.1,0.0,75.0,53.0,0,27.2,29.1
19.4,0.6,86.0,44.0,0,29.3,29.6
19.2,0.0,98.0,57.0,0,27.1,28.4
15.8,0.0,98.0,45.0,0,30.2,30.8
19.0,3.0,98.0,61.0,1,25.8,27.9
19.4,0.0,82.0,98.0,0,17.1,21.1
14.9,7.2,98.0,59.0,1,26.6,27.1
19.0,0.0,99.0,99.0,0,22.2,23.4
18.4,9.6,99.0,98.0,1,19.7,20.4
17.5,4.4,100.0,93.0,1,22.6,23.2
17.8,3.0,98.0,55.0,1,26.8,27.4
18.0,3.0,99.0,56.0,1,27.2,27.8
15.8,21.4,99.0,61.0,1,25.7,26.5
15.3,0.0,98.0,50.0,0,27.0,27.5
14.9,0.0,98.0,51.0,0,27.1,28.2
17.0,0.0,98.0,69.0,0,28.0,29.6
19.3,4.8,98.0,99.0,1,20.1,23.8
17.5,8.4,98.0,62.0,1,25.2,26.4
16.7,3.2,74.0,98.0,1,18.2,23.5
15.7,22.4,73.0,71.0,1,20.1,21.8
16.3,0.0,83.0,49.0,0,24.2,24.6
13.4,0.0,94.0,50.0,0,25.1,25.8
16.8,0.2,94.0,98.0,0,20.0,22.2
17.5,6.0,98.0,63.0,1,25.5,27.4
17.0,9.0,65.0,62.0,1,22.1,23.3
16.2,0.0,66.0,60.0,0,22.1,23.0
12.3,0.0,53.0,88.0,0,17.3,22.0
13.8,0.0,59.0,47.0,0,21.9,22.6
16.5,0.0,64.0,46.0,0,22.9,23.2
12.5,0.0,71.0,40.0,0,23.6,24.3
10.7,0.0,84.0,39.0,0,25.5,25.9
11.2,0.0,67.0,49.0,0,21.1,23.5
10.7,0.0,75.0,53.0,0,22.2,24.1
9.3,0.0,66.0,35.0,0,22.0,22.9
8.7,0.0,96.0,44.0,0,23.8,24.0
8.5,0.0,75.0,38.0,0,24.7,25.1
10.6,0.0,81.0,28.0,0,29.3,29.4
15.3,0.0,98.0,76.0,0,20.8,21.8
12.2,0.2,99.0,48.0,0,24.8,25.2
12.5,0.0,71.0,68.0,0,19.0,19.8
14.8,0.2,87.0,64.0,0,21.5,21.8
12.4,0.0,99.0,49.0,0,25.9,26.2
13.5,2.175303643724696,80.0,35.0,0,22.6,23.6
8.7,0.0,60.0,43.0,0,20.7,21.1
9.9,0.0,73.0,37.0,0,19.8,21.2
10.3,2.4,87.0,50.0,1,13.6,17.3
11.4,0.4,45.0,38.0,0,17.7,19.5
5.0,0.0,62.0,36.0,0,20.0,20.5
6.3,0.0,69.0,36.0,0,21.9,22.5
9.4,0.0,50.0,39.0,0,20.1,20.2
10.3,0.0,51.0,46.0,0,20.5,21.1
9.1,0.0,68.0,50.0,0,20.6,21.8
8.5,0.0,42.0,62.0,0,20.3,21.7
11.4,0.6,69.0,42.0,0,22.5,23.6
10.6,0.0,70.0,45.0,0,21.5,22.6
12.0,0.0,75.0,46.0,0,21.7,22.9
8.5,0.0,58.0,44.0,0,22.8,23.3
7.2,0.2,58.0,43.0,0,22.7,23.3
7.3,0.0,63.0,30.0,0,24.4,24.9
7.9,0.2,75.0,35.0,0,24.8,24.9
8.9,0.0,80.0,44.0,0,23.2,23.9
8.8,0.0,79.0,36.0,0,24.6,26.2
9.8,0.0,83.0,41.0,0,24.0,25.1
9.3,0.0,75.0,45.0,0,23.6,24.4
8.3,0.0,73.0,32.0,0,25.5,25.9
8.4,0.2,74.0,34.0,0,25.2,26.4
10.6,0.0,68.0,47.0,0,23.3,24.9
11.8,0.0,84.0,46.0,0,24.0,24.4
9.7,0.0,75.0,36.0,0,25.3,26.3
11.1,0.0,84.0,40.0,0,24.3,25.4
12.8,0.0,64.0,32.0,0,22.4,23.6
7.0,0.0,75.0,53.0,0,19.7,22.1
12.4,0.0,63.0,54.0,0,19.9,20.8
11.4,0.0,80.0,64.0,0,19.8,21.6
12.1,0.0,81.0,87.0,0,13.4,18.2
10.3,9.8,59.0,46.0,1,21.1,21.3
6.3,0.2,74.0,38.0,0,19.7,19.9
6.1,0.0,75.0,44.0,0,21.1,21.6
10.8,2.4,82.0,77.0,1,16.3,17.0
14.1,9.6,64.0,53.0,1,17.1,17.4
10.4,0.0,53.0,43.0,0,19.5,19.6
7.3,0.0,52.0,45.0,0,17.7,18.7
5.1,0.0,83.0,77.0,0,15.6,19.7
8.5,5.8,85.0,79.0,1,15.3,16.3
8.1,0.4,83.0,48.0,0,18.8,19.2
7.9,0.2,85.0,47.0,0,19.2,19.7
7.2,0.2,81.0,66.0,0,15.8,16.4
9.6,2.2,73.0,53.0,1,18.8,20.1
6.7,0.0,71.0,37.0,0,18.5,19.4
4.2,0.2,80.0,42.0,0,18.8,19.6
8.3,0.0,63.0,38.0,0,19.1,19.7
7.3,0.0,66.0,42.0,0,19.5,20.1
6.5,0.0,89.0,48.0,0,20.0,20.7
8.0,0.0,81.0,56.0,0,19.7,20.0
5.7,1.4,78.0,32.0,1,20.3,20.4
9.3,2.8,87.0,46.0,1,17.5,18.6
6.0,0.2,84.0,52.0,0,16.7,17.1
7.9,0.0,43.0,38.0,0,15.6,16.0
10.1,0.0,40.0,36.0,0,17.3,18.2
11.0,0.0,41.0,36.0,0,19.4,20.8
4.8,0.0,87.0,38.0,0,20.0,20.4
4.0,0.0,65.0,31.0,0,19.4,21.7
8.7,0.0,41.0,41.0,0,15.1,16.5
4.8,0.0,70.0,33.0,0,14.8,15.5
1.9,0.0,80.0,31.0,0,18.4,18.8
2.1,0.0,87.0,34.0,0,18.5,19.1
1.3,0.0,93.0,39.0,0,18.0,18.5
0.5,0.0,97.0,24.0,0,21.0,21.6
2.4,0.2,75.0,37.0,0,16.8,18.0
1.8,0.0,84.0,35.0,0,17.0,18.2
0.9,0.0,85.0,39.0,0,17.5,18.5
1.9,0.0,86.0,38.0,0,17.2,17.6
0.1,0.0,84.0,23.0,0,20.5,21.3
5.5,0.2,48.0,37.0,0,15.9,17.8
3.3,0.0,76.0,31.0,0,17.8,18.3
1.1,0.0,78.0,35.0,0,17.4,18.5
5.8,0.2,46.0,35.0,0,15.8,16.2
1.2,0.0,77.0,42.0,0,17.3,18.1
6.3,1.0,94.0,74.0,0,13.7,13.8
9.5,1.8,83.0,43.0,1,18.2,18.8
4.4,0.6,51.0,38.0,0,17.1,20.3
4.8,0.4,51.0,35.0,0,14.6,16.1
5.8,0.0,43.0,38.0,0,16.3,16.7
8.1,0.0,53.0,48.0,0,16.4,16.7
4.7,0.0,93.0,46.0,0,16.6,18.5
5.1,0.0,86.0,39.0,0,18.9,19.1
5.5,1.2,98.0,45.0,1,17.6,18.6
5.2,0.2,93.0,66.0,0,15.0,16.5
4.2,0.6,92.0,41.0,0,21.8,22.6
7.5,4.8,93.0,50.0,1,17.6,18.8
3.4,0.6,85.0,34.0,0,20.1,21.0
5.5,0.2,85.0,38.0,0,17.6,17.9
8.8,0.0,62.0,25.0,0,22.7,23.2
8.6,0.0,42.0,33.0,0,22.1,23.1
6.9,0.0,58.0,18.0,0,24.9,25.6
12.3,0.0,43.0,28.0,0,16.1,18.1
3.1,0.0,41.0,30.0,0,16.0,16.3
1.5,0.0,68.0,37.0,0,16.5,16.9
3.4,0.2,82.0,42.0,0,19.2,19.8
3.6,0.0,98.0,30.0,0,20.4,20.7
2.1,0.2,85.0,29.0,0,21.6,21.8
2.1,0.0,73.0,33.0,0,18.4,19.0
3.1,0.0,71.0,45.0,0,18.8,19.1
4.4,0.0,98.0,35.0,0,21.7,22.6
5.5,0.0,77.0,26.0,0,21.6,22.8
3.1,0.0,65.0,31.0,0,14.6,15.9
6.0,0.0,51.0,58.0,0,14.2,15.5
9.0,0.2,54.0,35.0,0,17.4,17.8
2.5,0.0,73.0,37.0,0,18.2,18.9
4.7,0.0,78.0,38.0,0,19.4,20.0
6.7,0.0,91.0,60.0,0,17.0,17.8
10.0,38.4,91.0,60.0,1,16.8,17.7
10.8,17.6,91.0,75.0,1,14.4,16.5
12.1,9.6,61.0,50.0,1,16.8,18.2
10.4,1.2,54.0,43.0,1,18.0,18.3
7.6,0.0,71.0,51.0,0,16.9,18.4
11.3,0.2,68.0,53.0,0,17.9,18.7
9.2,0.4,80.0,86.0,0,14.7,19.3
9.1,10.0,89.0,42.0,1,20.1,20.9
7.8,0.0,91.0,48.0,0,19.1,20.3
9.7,2.4,85.0,87.0,1,13.6,15.1
12.2,15.6,79.0,72.0,1,13.9,18.5
11.6,6.8,71.0,58.0,1,16.9,20.1
9.9,0.2,53.0,50.0,0,18.1,18.6
11.5,0.0,56.0,59.0,0,16.8,18.4
9.4,0.0,58.0,35.0,0,21.7,22.5
7.7,0.2,81.0,25.0,0,24.0,24.4
12.5,0.0,49.0,39.0,0,15.7,19.6
8.8,1.0,41.0,35.0,0,16.8,18.4
8.1,0.0,43.0,40.0,0,16.7,18.9
10.7,0.0,56.0,59.0,0,16.0,18.0
11.2,1.2,64.0,65.0,1,15.9,17.4
10.8,2.2,86.0,86.0,1,14.8,17.8
8.7,0.6,83.0,40.0,0,21.0,21.6
8.1,0.0,84.0,36.0,0,24.2,25.9
12.6,6.6,64.0,30.0,1,23.1,24.0
7.3,0.2,61.0,30.0,0,25.1,26.0
11.6,0.0,73.0,54.0,0,16.6,17.4
12.0,0.0,73.0,45.0,0,21.1,21.8
9.4,0.0,86.0,33.0,0,24.9,25.5
12.3,0.0,62.0,34.0,0,22.7,23.2
12.0,0.0,81.0,31.0,0,23.2,25.4
10.2,2.175303643724696,33.0,27.0,0,20.4,22.1
6.3,0.0,34.0,23.0,0,20.8,21.2
5.0,0.0,57.0,27.0,0,20.8,21.3
4.9,0.0,57.0,37.0,0,20.8,21.7
9.3,0.0,67.0,38.0,0,21.4,21.9
11.1,0.0,56.0,36.0,0,21.9,22.6
7.2,0.0,65.0,26.0,0,24.1,24.5
8.7,0.0,69.0,33.0,0,25.6,26.6
14.2,0.2,68.0,81.0,0,18.0,23.6
10.7,6.6,61.0,45.0,1,21.3,22.1
12.6,0.0,53.0,29.0,0,22.4,23.3
8.5,0.0,65.0,22.0,0,27.1,27.9
10.2,0.0,42.0,19.0,0,31.7,32.5
11.9,0.0,57.0,15.0,0,33.4,35.0
15.2,0.0,22.0,19.0,0,21.6,22.2
7.3,0.0,43.0,27.0,0,25.4,25.8
10.2,0.0,59.0,52.0,0,21.7,23.9
15.5,0.0,65.0,39.0,0,25.9,26.5
10.0,0.0,66.0,15.0,0,33.9,34.6
16.4,0.0,68.0,36.0,0,30.3,33.8
18.6,0.0,52.0,16.0,0,29.0,30.0
14.1,0.0,68.0,49.0,0,21.0,23.2
14.4,0.0,67.0,40.0,0,23.5,24.9
10.3,0.0,72.0,31.0,0,26.1,27.4
12.3,0.0,71.0,19.0,0,31.1,31.8
11.0,0.0,56.0,16.0,0,32.5,33.6
13.0,0.0,62.0,66.0,0,23.4,25.4
10.9,6.4,48.0,51.0,1,16.7,18.6
10.5,37.6,66.0,46.0,1,17.5,19.2
7.2,0.6,69.0,28.0,0,23.4,24.3
9.5,0.0,66.0,43.0,0,21.1,21.6
10.8,0.0,54.0,35.0,0,22.2,23.2
9.1,0.0,66.0,29.0,0,29.3,29.6
13.1,0.0,64.0,67.0,0,17.9,19.7
13.1,2.4,80.0,63.0,1,17.0,18.1
13.2,0.0,53.0,39.0,0,24.9,25.8
12.7,0.0,75.0,29.0,0,31.6,32.9
16.6,16.2,73.0,45.0,1,29.4,30.5
15.6,0.2,74.0,33.0,0,32.8,34.5
18.5,2.2,76.0,22.0,1,35.4,36.5
17.9,0.0,67.0,28.0,0,29.9,33.2
12.0,0.0,34.0,24.0,0,26.9,28.0
12.2,0.0,44.0,33.0,0,27.5,28.3
13.5,0.0,66.0,22.0,0,30.9,32.8
13.4,0.0,50.0,13.0,0,36.1,37.0
20.5,0.0,36.0,42.0,0,31.4,35.9
10.9,2.175303643724696,29.0,16.0,0,24.9,25.6
9.4,0.0,58.0,34.0,0,24.5,25.1
15.6,0.0,68.0,38.0,0,26.8,28.0
15.4,0.0,78.0,80.0,0,18.6,28.9
13.4,30.0,70.0,52.0,1,23.2,24.3
13.3,0.2,67.0,47.0,0,26.1,27.1
11.9,0.0,75.0,30.0,0,29.2,30.6
13.8,0.0,70.0,37.0,0,28.7,29.8
18.5,0.0,68.0,59.0,0,24.0,26.0
17.1,0.2,61.0,62.0,0,20.3,22.7
15.5,0.0,65.0,44.0,0,25.3,26.1
16.7,0.0,70.0,40.0,0,27.8,29.2
16.2,0.0,70.0,11.0,0,39.5,40.9
18.8,0.0,59.0,50.0,0,24.0,25.4
17.5,1.2,70.0,29.0,1,27.6,28.9
13.2,0.0,38.0,26.0,0,28.6,30.5
14.8,0.0,39.0,30.0,0,29.0,29.4
17.5,0.0,73.0,39.0,0,27.9,28.6
17.2,0.0,63.0,21.0,0,36.3,37.4
20.3,0.0,37.0,11.0,0,39.0,40.5
18.8,0.0,62.0,33.0,0,32.4,32.9
18.1,0.0,63.0,11.0,0,44.1,44.9
21.5,0.0,79.0,39.0,0,33.4,35.5
21.9,8.4,68.0,38.0,1,27.2,28.9
18.2,0.0,66.0,51.0,0,26.7,27.0
17.9,0.0,78.0,73.0,0,19.0,20.8
16.3,0.0,52.0,37.0,0,25.9,27.0
14.3,0.0,60.0,20.0,0,32.3,33.1
16.4,0.0,63.0,33.0,0,30.5,34.5
17.8,9.0,74.0,48.0,1,28.9,31.8
18.5,12.6,71.0,29.0,1,34.9,36.4
20.3,0.0,65.0,30.0,0,36.4,36.8
20.1,10.8,89.0,51.0,1,31.0,31.6
19.4,6.2,76.0,39.0,1,31.6,32.0
18.5,9.0,77.0,69.0,1,23.4,29.3
17.4,49.6,78.0,48.0,1,29.6,30.7
18.5,12.4,86.0,71.0,1,23.2,30.2
20.2,2.0,71.0,65.0,1,23.9,26.2
19.6,0.0,71.0,68.0,0,26.1,26.4
20.3,20.8,84.0,85.0,1,18.6,23.1
15.4,12.0,56.0,45.0,1,21.6,23.2
16.2,0.0,52.0,42.0,0,23.3,24.2
15.0,0.0,53.0,33.0,0,27.2,28.7
15.6,0.0,60.0,36.0,0,29.3,30.7
16.7,0.0,69.0,37.0,0,30.2,32.9
16.8,0.0,69.0,52.0,0,22.4,24.2
16.6,0.0,88.0,50.0,0,27.2,29.6
17.8,0.2,59.0,45.0,0,23.0,25.7
17.2,0.0,58.0,38.0,0,26.4,28.1
14.8,0.0,59.0,35.0,0,30.4,31.8
18.2,0.0,76.0,54.0,0,30.4,31.9
20.1,3.0,83.0,79.0,1,21.1,27.5
20.9,4.2,79.0,71.0,1,23.8,27.4
19.1,0.0,81.0,46.0,0,32.2,32.8
19.5,12.2,83.0,22.0,1,31.8,32.2
18.0,0.2,57.0,39.0,0,21.9,22.8
17.6,0.0,68.0,55.0,0,24.1,25.0
15.7,0.0,72.0,36.0,0,31.5,33.0
17.8,0.0,49.0,16.0,0,32.9,34.0
19.1,0.0,62.0,42.0,0,27.6,29.3
18.8,0.0,71.0,39.0,0,33.9,35.8
22.3,0.0,80.0,58.0,0,28.3,31.8
22.2,0.0,76.0,34.0,0,34.7,35.8
20.8,0.0,72.0,48.0,0,30.9,37.3
20.4,7.2,84.0,66.0,1,26.3,27.5
20.4,0.0,83.0,44.0,0,31.4,31.9
20.4,0.0,73.0,33.0,0,31.8,33.6
18.0,0.2,60.0,30.0,0,33.6,34.9
21.8,0.0,63.0,45.0,0,30.2,35.9
21.7,7.8,74.0,61.0,1,28.8,30.0
20.2,27.2,92.0,90.0,1,20.9,22.2
19.7,21.8,73.0,60.0,1,24.6,25.0
19.4,0.8,82.0,51.0,0,28.6,30.1
21.4,0.8,50.0,34.0,0,31.9,32.7
18.7,0.0,48.0,35.0,0,31.0,31.7
20.1,0.0,63.0,24.0,0,32.9,33.6
17.2,0.0,48.0,17.0,0,35.4,35.9
17.9,0.0,66.0,26.0,0,31.2,32.1
19.7,0.0,75.0,83.0,0,18.7,20.4
16.6,5.0,97.0,55.0,1,25.9,27.4
19.1,4.2,79.0,47.0,1,29.8,30.8
20.4,0.0,69.0,43.0,0,30.1,31.4
21.3,0.0,70.0,37.0,0,33.9,34.7
21.5,3.2,87.0,40.0,1,33.1,34.0
20.7,1.8,89.0,29.0,1,35.3,36.7
20.0,0.0,69.0,80.0,0,19.3,20.7
16.9,6.4,93.0,91.0,1,18.8,19.4
16.4,43.4,88.0,72.0,1,19.6,20.8
15.4,10.6,49.0,35.0,1,23.8,24.9
13.7,0.0,43.0,34.0,0,26.0,28.0
14.3,0.0,53.0,36.0,0,27.5,29.4
17.2,0.0,67.0,53.0,0,25.1,28.1
17.7,1.0,66.0,44.0,0,24.7,26.5
17.3,0.0,57.0,40.0,0,25.3,27.1
13.9,0.0,69.0,48.0,0,25.9,26.1
17.7,3.8,80.0,59.0,1,23.0,24.3
16.1,0.0,71.0,54.0,0,23.8,25.7
16.7,0.0,75.0,44.0,0,28.0,29.3
16.3,0.0,72.0,28.0,0,36.5,37.3
20.6,0.0,62.0,57.0,0,25.7,26.4
21.0,1.8,75.0,50.0,1,28.8,30.8
19.5,0.0,77.0,41.0,0,30.3,31.4
18.4,0.0,74.0,43.0,0,29.2,31.6
19.6,0.0,84.0,85.0,0,21.5,27.1
18.1,4.6,76.0,50.0,1,28.2,28.2
17.6,2.8,89.0,35.0,1,30.2,31.3
19.8,0.2,70.0,37.0,0,29.8,31.1
17.7,0.0,82.0,37.0,0,29.3,31.4
18.7,0.0,66.0,40.0,0,29.4,30.7
18.2,0.0,79.0,67.0,0,25.9,29.5
18.5,3.8,81.0,52.0,1,27.5,28.2
20.1,7.4,92.0,76.0,1,24.3,25.6
20.2,7.0,89.0,76.0,1,23.9,26.2
20.2,10.2,86.0,62.0,1,27.3,28.5
20.9,1.8,86.0,59.0,1,24.8,28.9
20.5,0.0,63.0,67.0,0,22.0,23.9
18.9,1.6,86.0,59.0,1,25.6,26.6
18.1,1.2,71.0,48.0,1,27.9,29.4
18.5,0.0,88.0,41.0,0,30.7,31.9
18.4,0.0,78.0,28.0,0,35.6,37.4
18.3,4.0,60.0,60.0,1,22.5,23.8
15.1,0.0,71.0,40.0,0,30.6,31.1
19.8,0.0,72.0,47.0,0,29.7,32.1
15.6,0.0,43.0,27.0,0,28.3,29.0
14.3,0.0,34.0,19.0,0,30.2,30.9
16.9,0.0,67.0,36.0,0,28.1,29.5
18.9,0.0,84.0,43.0,0,30.3,31.2
19.0,0.0,73.0,29.0,0,32.8,34.6
20.0,0.0,69.0,59.0,0,26.4,27.8
19.9,0.0,70.0,48.0,0,30.3,31.8
18.8,3.4,74.0,50.0,1,28.6,29.4
17.8,7.4,76.0,89.0,1,17.1,19.4
14.6,0.0,80.0,38.0,0,26.0,27.2
15.1,0.0,76.0,49.0,0,23.1,25.4
15.9,0.0,55.0,42.0,0,23.8,24.3
12.8,0.0,76.0,51.0,0,23.0,23.6
16.7,0.0,85.0,49.0,0,28.1,29.7
16.1,0.8,81.0,32.0,0,31.6,32.5
16.7,0.0,78.0,55.0,0,26.8,33.6
16.4,1.0,72.0,60.0,0,20.9,21.1
16.7,2.2,98.0,71.0,1,22.5,22.7
17.0,1.0,86.0,48.0,0,28.2,29.8
18.2,0.0,85.0,96.0,0,21.9,26.3
13.7,17.0,66.0,46.0,1,23.3,25.2
15.0,0.2,82.0,24.0,0,27.1,27.6
9.1,0.0,52.0,22.0,0,26.2,27.4
10.1,0.0,62.0,32.0,0,24.3,25.1
14.1,0.0,84.0,36.0,0,27.2,28.4
16.0,0.0,94.0,46.0,0,25.2,26.3
16.9,9.4,94.0,76.0,1,22.1,23.0
16.4,1.6,95.0,53.0,1,26.3,26.7
15.9,0.0,96.0,47.0,0,28.7,29.1
16.5,4.2,74.0,92.0,1,16.9,17.7
16.6,23.4,90.0,91.0,1,16.7,20.9
15.6,18.6,60.0,47.0,1,24.7,26.2
13.8,0.2,93.0,69.0,0,19.6,24.1
12.8,3.4,73.0,37.0,1,20.7,21.7
14.0,0.4,47.0,39.0,0,21.4,23.1
14.5,0.0,43.0,35.0,0,22.6,22.8
13.3,0.0,57.0,61.0,0,20.2,21.2
15.4,1.2,87.0,45.0,1,23.0,23.6
12.1,0.0,80.0,60.0,0,22.2,24.2
14.4,1.6,59.0,44.0,1,22.9,23.6
14.2,0.0,65.0,41.0,0,23.5,24.1
12.2,0.0,74.0,39.0,0,27.6,28.0
14.6,11.4,83.0,35.0,1,31.0,31.2
18.5,7.6,98.0,83.0,1,21.8,21.9
18.0,0.4,82.0,57.0,0,24.7,27.8
15.9,3.0,51.0,56.0,1,20.6,23.8
11.8,6.2,89.0,94.0,1,13.9,14.6
12.7,85.6,91.0,83.0,1,13.6,15.8
12.6,47.0,90.0,87.0,1,17.0,19.4
14.4,25.8,75.0,50.0,1,23.3,24.0
13.8,2.175303643724696,89.0,46.0,0,24.6,26.1
11.1,0.0,90.0,51.0,0,20.6,24.4
11.4,11.6,73.0,49.0,1,19.5,20.5
9.2,0.0,63.0,36.0,0,19.9,20.3
8.4,0.2,60.0,34.0,0,20.3,21.2
10.2,0.0,59.0,62.0,0,19.0,19.9
13.6,5.4,85.0,62.0,1,18.6,19.8
14.7,8.8,93.0,65.0,1,20.1,21.1
15.8,1.6,90.0,90.0,1,20.4,21.4
17.9,16.4,80.0,70.0,1,21.9,23.7
15.9,0.0,72.0,59.0,0,22.4,23.0
13.3,0.2,91.0,34.0,0,26.6,27.1
10.3,0.0,43.0,32.0,0,20.3,20.9
6.3,0.0,63.0,32.0,0,18.8,20.3
5.9,0.0,65.0,35.0,0,19.9,21.1
6.4,0.0,70.0,33.0,0,20.8,21.2
7.2,0.0,40.0,32.0,0,21.1,21.8
13.6,0.0,45.0,40.0,0,20.5,21.9
7.7,0.0,73.0,35.0,0,20.7,22.2
9.8,0.0,40.0,34.0,0,15.4,17.1
3.9,0.0,48.0,32.0,0,18.4,18.9
7.1,0.0,51.0,48.0,0,19.6,20.8
12.7,0.0,66.0,52.0,0,19.2,20.5
8.8,0.0,92.0,55.0,0,18.9,21.0
9.8,0.0,98.0,71.0,0,18.2,19.2
12.5,1.0,98.0,78.0,0,17.8,18.4
12.4,2.6,95.0,53.0,1,23.4,24.2
11.3,0.4,70.0,38.0,0,21.1,21.7
12.3,1.2,81.0,61.0,1,15.4,16.1
10.8,12.8,54.0,42.0,1,17.8,18.8
6.1,0.2,98.0,34.0,0,19.7,20.0
6.6,0.0,98.0,61.0,0,15.9,16.1
4.4,0.2,98.0,58.0,0,17.1,17.6
7.2,0.0,89.0,48.0,0,18.7,19.6
7.7,0.0,91.0,56.0,0,18.8,20.0
11.7,0.2,79.0,67.0,0,19.0,19.1
8.3,0.0,95.0,75.0,0,14.8,15.8
10.0,2.0,95.0,89.0,1,12.5,13.4
6.7,0.2,42.0,32.0,0,15.0,15.3
3.2,0.0,56.0,35.0,0,15.1,15.3
2.0,0.0,90.0,39.0,0,16.6,16.9
2.7,0.2,98.0,43.0,0,17.0,17.4
4.5,1.6,93.0,50.0,1,15.1,16.0
4.8,0.0,98.0,46.0,0,19.5,20.2
4.6,0.2,98.0,56.0,0,20.4,20.7
6.4,0.0,93.0,36.0,0,22.0,22.6
7.9,0.0,59.0,28.0,0,22.8,23.1
6.9,0.0,83.0,62.0,0,14.7,15.1
10.8,0.2,70.0,49.0,0,17.2,18.3
10.8,0.0,92.0,51.0,0,18.0,19.1
7.9,0.2,98.0,48.0,0,18.4,19.1
5.5,0.0,98.0,58.0,0,17.9,18.8
7.8,0.0,97.0,69.0,0,17.3,17.4
10.6,3.4,93.0,88.0,1,14.4,14.6
13.0,12.6,85.0,75.0,1,15.3,16.3
7.2,3.0,87.0,67.0,1,15.8,17.4
10.0,39.8,76.0,58.0,1,15.0,15.9
6.1,0.0,63.0,48.0,0,14.6,14.9
5.8,0.2,92.0,57.0,0,15.9,16.5
5.1,0.2,98.0,62.0,0,16.5,16.6
4.0,0.2,98.0,59.0,0,18.0,18.1
6.7,0.0,93.0,56.0,0,19.0,20.8
10.5,0.0,91.0,60.0,0,19.0,19.7
8.7,4.4,75.0,50.0,1,17.7,18.6
4.6,0.4,98.0,55.0,0,17.7,17.8
4.3,0.2,98.0,53.0,0,16.8,17.1
5.4,0.0,98.0,55.0,0,17.9,18.6
5.9,0.4,98.0,65.0,0,16.9,17.6
7.2,2.0,96.0,66.0,1,15.4,16.1
2.3,0.2,97.0,44.0,0,16.1,17.1
5.5,0.0,49.0,40.0,0,15.3,15.8
2.0,0.0,95.0,35.0,0,15.2,15.8
0.9,0.2,92.0,44.0,0,15.7,16.0
0.4,0.2,97.0,43.0,0,16.3,16.5
2.1,0.0,86.0,54.0,0,14.2,16.9
3.6,0.0,97.0,46.0,0,15.7,16.5
3.8,0.2,98.0,50.0,0,16.3,17.0
3.7,0.0,98.0,79.0,0,12.0,12.9
2.5,2.2,98.0,54.0,1,18.4,19.2
4.9,11.4,55.0,44.0,1,13.6,15.0
5.6,1.4,87.0,38.0,1,16.6,17.2
5.4,0.0,49.0,31.0,0,17.0,17.6
1.5,0.0,76.0,45.0,0,14.4,15.8
5.8,1.2,95.0,63.0,1,12.7,13.1
6.1,12.8,76.0,44.0,1,13.9,14.6
4.9,0.2,50.0,44.0,0,14.0,15.2
6.2,0.0,65.0,39.0,0,16.3,17.1
5.6,0.0,83.0,51.0,0,15.9,17.0
5.8,0.2,98.0,51.0,0,18.3,18.6
6.2,0.0,98.0,74.0,0,14.4,14.9
8.7,1.2,98.0,60.0,1,17.1,17.7
11.4,0.0,94.0,59.0,0,18.8,20.2
8.0,0.0,44.0,30.0,0,19.4,20.3
8.2,0.0,44.0,31.0,0,19.3,20.4
2.7,0.0,61.0,29.0,0,15.2,15.9
1.6,0.0,75.0,36.0,0,16.8,17.1
2.6,0.0,98.0,42.0,0,16.9,17.9
3.4,0.0,98.0,36.0,0,19.1,20.0
6.3,0.0,75.0,32.0,0,20.0,20.3
3.8,0.0,86.0,31.0,0,20.0,22.1
5.9,0.0,82.0,28.0,0,23.9,24.8
4.0,0.0,67.0,32.0,0,17.3,18.3
2.1,0.0,68.0,39.0,0,13.9,14.5
0.0,0.0,64.0,43.0,0,14.8,15.0
2.5,0.0,55.0,32.0,0,16.1,17.2
1.7,0.0,82.0,38.0,0,16.9,18.0
2.8,0.0,77.0,40.0,0,17.1,17.8
2.5,0.2,97.0,43.0,0,17.6,18.2
3.1,0.0,90.0,30.0,0,21.3,21.5
4.2,0.2,74.0,27.0,0,19.8,21.4
1.9,0.0,73.0,39.0,0,15.2,17.8
5.9,0.4,47.0,28.0,0,19.1,19.4
3.0,0.0,74.0,35.0,0,19.3,19.9
4.0,0.0,77.0,42.0,0,19.2,19.4
7.9,0.0,96.0,43.0,0,21.1,21.2
4.5,0.0,71.0,28.0,0,19.6,20.6
5.0,0.0,46.0,31.0,0,16.4,17.2
7.1,0.0,77.0,41.0,0,18.3,18.9
4.9,0.0,98.0,38.0,0,21.2,21.5
5.6,0.0,98.0,31.0,0,23.2,23.8
9.2,0.0,71.0,29.0,0,27.6,28.4
13.8,2.8,97.0,79.0,1,17.2,17.6
13.2,3.2,98.0,93.0,1,16.0,16.6
12.9,26.4,65.0,51.0,1,19.1,19.9
13.0,2.6,79.0,84.0,1,15.9,20.1
10.4,4.0,98.0,43.0,1,20.0,20.6
6.8,0.2,49.0,40.0,0,18.4,19.6
6.0,0.0,76.0,33.0,0,20.0,20.5
4.4,0.0,63.0,38.0,0,17.5,19.2
8.3,0.0,65.0,36.0,0,18.6,20.2
4.6,0.0,65.0,29.0,0,19.9,20.6
4.4,0.0,83.0,39.0,0,19.5,20.4
8.4,1.2,86.0,33.0,1,20.0,20.3
13.0,0.2,60.0,44.0,0,19.4,20.4
9.1,1.4,92.0,39.0,1,20.7,21.4
12.0,3.8,95.0,65.0,1,17.6,17.9
9.0,2.6,98.0,35.0,1,22.5,23.5
4.9,0.2,45.0,35.0,0,18.9,19.8
5.9,0.0,61.0,34.0,0,20.7,20.9
8.0,0.0,63.0,39.0,0,19.3,20.2
9.8,0.0,66.0,36.0,0,22.7,23.4
8.3,0.0,68.0,32.0,0,25.3,26.0
10.3,0.0,72.0,31.0,0,25.4,26.2
10.5,0.0,73.0,33.0,0,26.9,27.5
10.2,0.0,68.0,24.0,0,29.4,29.9
8.1,0.0,45.0,32.0,0,22.2,22.8
10.6,0.0,56.0,52.0,0,18.6,21.8
12.8,0.2,56.0,44.0,0,18.8,20.8
11.7,2.2,96.0,71.0,1,17.4,18.5
10.0,0.6,65.0,59.0,0,18.8,20.0
9.6,0.4,75.0,33.0,0,24.5,25.2
12.7,0.0,38.0,29.0,0,21.1,21.7
9.2,0.0,43.0,36.0,0,16.3,18.4
8.4,0.0,47.0,44.0,0,15.4,17.5
11.6,0.0,56.0,68.0,0,14.8,16.5
10.9,1.8,82.0,56.0,1,17.9,19.2
10.2,0.0,49.0,37.0,0,20.3,20.8
9.5,0.0,52.0,34.0,0,23.1,23.8
8.6,0.0,64.0,28.0,0,25.2,27.3
12.2,1.2,70.0,57.0,1,21.5,24.6
14.7,0.2,65.0,19.0,0,29.8,30.4
11.6,0.0,56.0,37.0,0,26.5,27.2
11.5,0.0,64.0,15.0,0,34.0,34.8
12.4,0.0,54.0,18.0,0,32.0,32.4
11.1,0.0,57.0,12.0,0,37.1,37.9
14.2,0.0,55.0,9.0,0,38.0,38.6
13.5,0.0,74.0,61.0,0,18.7,20.0
14.7,0.0,61.0,53.0,0,20.2,20.5
15.8,0.0,73.0,41.0,0,25.4,26.7
14.2,0.0,71.0,36.0,0,27.4,28.4
12.2,0.0,80.0,37.0,0,27.0,27.8
14.3,0.8,74.0,26.0,0,32.0,33.4
16.9,2.2,89.0,98.0,1,17.3,19.6
15.6,3.8,89.0,53.0,1,25.3,26.8
13.4,0.2,80.0,37.0,0,29.4,31.1
15.0,0.0,78.0,20.0,0,34.5,35.3
17.1,0.0,71.0,41.0,0,31.3,31.8
17.1,0.2,98.0,56.0,0,22.1,22.9
17.2,0.0,75.0,43.0,0,27.9,29.5
17.2,0.0,69.0,63.0,0,24.9,33.3
16.1,1.4,73.0,66.0,1,23.9,24.5
17.5,2.4,87.0,98.0,1,18.7,22.0
15.0,15.2,66.0,47.0,1,20.2,20.6
10.7,0.0,77.0,42.0,0,25.4,25.9
13.1,0.0,82.0,39.0,0,27.7,29.7
14.6,0.0,76.0,52.0,0,23.4,26.2
14.5,4.6,79.0,57.0,1,17.7,19.0
12.7,0.6,68.0,44.0,0,21.1,21.9
11.8,0.0,60.0,33.0,0,24.3,25.5
11.5,0.0,64.0,34.0,0,25.2,25.6
13.5,0.0,73.0,49.0,0,24.2,25.6
13.3,0.2,75.0,36.0,0,31.0,32.3
17.9,24.8,79.0,35.0,1,31.0,31.9
17.7,0.2,98.0,98.0,0,17.9,18.9
16.8,6.0,98.0,98.0,1,18.8,19.3
16.0,26.8,97.0,83.0,1,20.4,22.3
16.8,16.4,90.0,55.0,1,26.1,28.1
15.9,0.2,76.0,63.0,0,24.6,28.5
15.2,6.0,66.0,57.0,1,20.9,21.3
13.1,0.2,62.0,38.0,0,25.1,26.4
13.1,0.0,69.0,28.0,0,30.1,31.3
19.0,0.0,70.0,95.0,0,19.7,23.6
16.8,3.4,78.0,78.0,1,20.5,25.1
16.4,9.6,82.0,89.0,1,21.9,29.9
17.2,23.4,91.0,94.0,1,18.2,18.9
14.3,21.6,76.0,61.0,1,19.4,20.7
14.5,0.2,60.0,39.0,0,24.1,24.8
12.4,0.0,66.0,35.0,0,26.8,28.9
14.7,0.0,65.0,17.0,0,35.5,36.4
16.6,0.0,65.0,37.0,0,34.5,39.0
19.8,0.0,69.0,12.0,0,41.3,41.9
18.9,0.0,64.0,65.0,0,20.4,23.1
16.6,0.0,69.0,64.0,0,20.4,22.0
15.1,0.0,67.0,45.0,0,27.4,30.8
17.1,0.0,70.0,34.0,0,29.2,30.4
15.2,0.0,67.0,16.0,0,35.1,36.4
17.3,0.0,38.0,19.0,0,34.4,37.8
15.9,0.0,63.0,47.0,0,24.4,25.4
18.8,0.2,83.0,68.0,0,22.4,24.0
18.9,2.0,93.0,53.0,1,28.4,30.7
18.2,0.0,66.0,32.0,0,32.2,33.6
16.9,0.0,62.0,12.0,0,39.8,40.5
20.2,0.0,67.0,61.0,0,21.1,27.6
15.5,0.0,62.0,53.0,0,21.2,22.4
12.4,0.0,59.0,42.0,0,23.9,25.7
12.4,0.0,62.0,28.0,0,30.1,31.8
16.1,0.0,68.0,26.0,0,32.1,33.0
17.3,0.0,74.0,45.0,0,28.1,29.7
18.8,0.0,71.0,63.0,0,25.6,25.9
21.3,5.0,89.0,34.0,1,34.5,36.5
21.1,0.2,75.0,47.0,0,31.2,32.0
20.8,0.0,69.0,16.0,0,34.4,35.3
17.8,0.0,58.0,49.0,0,24.4,27.1
17.2,0.0,72.0,45.0,0,26.7,27.4
16.3,0.0,72.0,17.0,0,33.6,35.4
16.2,5.0,60.0,36.0,1,32.0,33.2
20.1,8.4,98.0,94.0,1,17.4,26.3
15.4,27.4,90.0,45.0,1,28.4,29.7
17.2,0.0,71.0,28.0,0,34.1,35.5
19.0,0.0,64.0,17.0,0,37.5,37.8
16.6,0.0,54.0,16.0,0,39.4,39.9
23.9,0.0,43.0,84.0,0,24.2,32.9
16.6,32.2,96.0,98.0,1,17.6,20.7
16.8,27.4,77.0,82.0,1,20.4,22.2
16.0,0.2,70.0,50.0,0,24.0,25.6
16.1,0.8,68.0,57.0,0,24.5,25.8
16.9,0.2,84.0,81.0,0,25.2,28.9
16.3,2.0,74.0,49.0,1,21.3,23.2
15.0,0.4,65.0,57.0,0,21.1,22.6
15.3,0.0,62.0,38.0,0,25.6,26.6
13.5,0.0,70.0,32.0,0,28.7,29.3
15.4,0.0,65.0,40.0,0,29.3,31.2
17.6,0.0,63.0,36.0,0,30.2,31.4
16.7,0.0,66.0,47.0,0,27.0,28.2
18.7,0.0,72.0,62.0,0,22.9,23.6
17.9,13.6,87.0,94.0,1,20.0,21.1
17.2,40.6,98.0,98.0,1,18.6,18.8
17.0,81.4,98.0,98.0,1,18.6,21.4
17.1,9.2,66.0,57.0,1,24.0,25.1
12.577449352374625,0.0,55.0,43.0,0,26.8,29.0
19.4,0.0,76.0,63.0,0,26.2,29.0
17.1,0.0,77.0,38.0,0,30.7,32.4
19.3,0.0,81.0,37.0,0,36.9,37.7
20.7,1.6,75.0,50.0,1,30.5,34.3
19.0,0.0,78.0,53.0,0,31.1,34.3
22.1,0.0,79.0,53.0,0,30.9,40.7
12.9,38.0,75.82262996941895,49.0989898989899,1,21.6,22.7
13.6,1.6,75.82262996941895,49.0989898989899,1,21.5,22.8
16.1,0.2,75.82262996941895,49.0989898989899,0,25.1,25.8
15.9,0.0,75.82262996941895,46.0,0,28.3,29.8
17.0,0.0,82.0,37.0,0,34.0,35.0
18.3,0.0,67.0,31.0,0,38.3,39.2
22.2,0.0,70.0,41.0,0,38.9,40.1
22.3,35.4,98.0,89.0,1,25.5,26.9
21.8,14.2,95.0,70.0,1,26.1,28.7
19.0,2.2,96.0,78.0,1,23.4,24.4
19.3,0.2,90.0,82.0,0,24.7,25.5
20.4,0.6,98.0,62.0,0,28.2,29.4
19.6,0.2,92.0,77.0,0,23.4,24.3
20.8,0.0,89.0,68.0,0,30.0,31.4
21.8,0.0,88.0,84.0,0,24.9,28.8
19.4,27.0,95.0,67.0,1,29.6,30.8
18.0,41.8,98.0,42.0,1,28.6,29.4
18.7,0.2,75.0,60.0,0,24.0,26.7
15.5,0.2,81.0,44.0,0,28.5,29.8
17.5,0.0,84.0,53.0,0,31.3,32.5
18.7,1.0,90.0,64.0,0,23.4,24.9
18.5,0.0,68.0,51.0,0,24.9,25.9
18.4,0.0,71.0,69.0,0,25.6,26.9
17.6,0.0,86.0,55.0,0,27.2,28.4
16.8,0.0,82.0,47.0,0,29.4,31.0
19.6,0.0,77.0,54.0,0,26.8,28.5
17.5,0.0,80.0,47.0,0,30.8,32.1
17.9,0.0,83.0,49.0,0,29.5,30.9
19.8,0.0,83.0,46.0,0,30.3,32.0
19.3,0.0,81.0,49.0989898989899,0,23.354090758529313,24.764366290643665
12.577449352374625,2.175303643724696,75.82262996941895,49.0989898989899,0,23.354090758529313,24.764366290643665
12.577449352374625,2.175303643724696,75.82262996941895,49.0989898989899,0,23.354090758529313,24.764366290643665
12.577449352374625,2.175303643724696,48.0,48.0,0,26.7,29.6
17.7,0.0,73.0,46.0,0,26.5,28.2
16.0,0.0,76.0,47.0,0,27.9,29.6
18.8,0.0,79.0,47.0,0,32.4,34.8
23.4,0.0,75.0,60.0,0,29.0,29.6
20.6,0.4,84.0,61.0,0,28.6,30.6
19.9,0.0,86.0,49.0,0,31.2,32.5
19.2,0.0,84.0,39.0,0,32.4,33.6
18.4,0.0,86.0,33.0,0,35.3,37.5
19.7,0.0,81.0,25.0,0,41.1,42.2
22.4,0.0,69.0,62.0,0,26.8,28.4
21.1,0.0,82.0,51.0,0,28.4,30.0
18.7,0.0,78.0,41.0,0,29.8,31.0
18.1,0.0,76.0,56.0,0,25.8,28.7
19.2,0.0,89.0,53.0,0,29.4,31.1
17.8,0.0,85.0,39.0,0,32.5,34.5
19.8,0.0,84.0,36.0,0,33.8,35.4
19.4,0.0,87.0,48.0,0,31.0,32.1
17.6,0.0,84.0,37.0,0,32.0,34.0
17.2,0.0,84.0,44.0,0,31.6,33.2
18.7,0.0,87.0,49.0,0,32.0,34.1
21.2,0.0,81.0,38.0,0,30.3,32.0
21.2,0.0,82.0,41.0,0,35.4,35.6
21.8,0.0,71.0,53.0,0,31.7,33.2
23.3,0.0,87.0,56.0,0,28.7,31.1
21.3,1.4,81.0,37.0,1,33.1,34.1
21.7,0.0,80.0,38.0,0,31.9,32.8
21.1,0.0,87.0,45.0,0,33.1,34.0
21.9,0.8,76.0,87.0,0,22.7,26.1
18.6,3.0,94.0,46.0,1,27.5,28.3
18.7,3.6,87.0,58.0,1,27.4,28.2
17.7,0.0,95.0,64.0,0,28.3,30.1
11.6,0.8,56.0,30.0,0,24.4,25.4
16.8,0.0,54.0,49.0,0,22.0,25.1
15.5,3.2,82.0,78.0,1,19.0,22.9
15.2,0.0,61.0,43.0,0,24.2,26.3
13.6,0.0,70.0,38.0,0,26.2,27.9
15.7,0.0,74.0,28.0,0,29.1,30.6
16.2,0.0,73.0,57.0,0,23.6,26.8
16.9,0.0,80.0,41.0,0,28.5,30.0
16.9,0.0,88.0,61.0,0,25.4,26.9
19.5,0.0,83.0,58.0,0,27.2,27.5
20.7,0.0,82.0,97.0,0,21.3,23.6
17.6,3.8,76.0,40.0,1,25.8,27.9
13.3,0.2,66.0,37.0,0,26.3,27.5
16.2,0.0,78.0,38.0,0,28.2,30.1
14.5,0.0,66.0,23.0,0,31.0,32.0
17.3,0.0,68.0,51.0,0,27.1,27.6
18.6,2.6,81.0,60.0,1,25.6,26.1
17.4,0.0,98.0,41.0,0,31.5,32.1
16.2,0.0,78.0,25.0,0,36.2,36.6
19.1,0.0,68.0,54.0,0,20.4,20.7
16.9,0.0,80.0,72.0,0,21.3,21.9
14.7,0.0,63.0,45.0,0,26.1,26.6
13.5,0.2,74.0,31.0,0,28.9,30.6
11.1,0.0,61.0,30.0,0,27.9,28.8
17.6,0.0,78.0,62.0,0,21.6,24.8
15.3,0.0,67.0,50.0,0,24.7,25.1
13.8,0.0,91.0,58.0,0,23.7,25.1
14.9,0.0,80.0,38.0,0,28.6,28.9
13.9,0.0,76.0,32.0,0,29.1,29.7
18.0,0.0,80.0,84.0,0,18.8,23.3
15.1,2.2,72.0,68.0,1,22.1,24.4
15.9,4.0,86.0,52.0,1,25.1,25.6
15.1,0.2,83.0,50.0,0,26.5,26.8
15.4,0.0,79.0,43.0,0,28.3,28.6
13.8,0.0,75.0,79.0,0,18.4,26.8
16.2,0.8,59.0,59.0,0,19.9,21.5
15.1,2.0,83.0,49.0,1,21.5,24.0
10.6,0.0,87.0,45.0,0,23.8,24.2
11.0,0.0,88.0,45.0,0,25.2,25.5
11.6,0.0,98.0,44.0,0,25.6,26.7
12.3,0.0,96.0,49.0,0,26.9,27.3
12.0,0.0,81.0,62.0,0,23.9,24.3
17.0,0.2,97.0,70.0,0,24.0,24.7
14.4,0.6,98.0,38.0,0,28.8,29.4
9.4,0.0,67.0,46.0,0,22.3,23.0
8.8,0.0,67.0,27.0,0,25.7,26.1
12.2,0.0,59.0,34.0,0,25.5,26.2
10.2,0.0,81.0,36.0,0,24.7,24.9
9.6,0.0,77.0,33.0,0,25.5,26.3
9.1,0.0,98.0,45.0,0,24.9,25.8
12.1,0.0,93.0,77.0,0,19.7,19.9
16.1,6.6,98.0,84.0,1,21.4,22.3
15.6,0.0,52.0,45.0,0,22.6,23.6
7.8,0.0,63.0,34.0,0,20.0,23.2
14.0,0.0,45.0,42.0,0,22.2,23.9
9.1,0.0,72.0,37.0,0,24.8,25.6
6.6,0.0,82.0,26.0,0,26.2,26.6
8.5,0.0,82.0,43.0,0,22.9,25.0
8.9,0.0,75.0,42.0,0,23.4,25.3
11.8,0.0,58.0,25.0,0,27.5,28.2
8.3,0.0,80.0,38.0,0,21.0,21.2
6.6,0.0,71.0,30.0,0,22.8,23.8
8.5,0.0,64.0,33.0,0,24.7,24.9
10.2,0.0,94.0,56.0,0,21.4,22.7
10.2,0.0,98.0,51.0,0,23.9,24.4
9.8,0.0,74.0,24.0,0,23.9,26.6
5.2,0.0,75.82262996941895,49.0989898989899,0,22.0,22.6
4.7,0.0,75.82262996941895,49.0989898989899,0,19.5,20.7
10.1,0.0,75.82262996941895,49.0989898989899,0,20.5,20.9
11.8,0.0,75.82262996941895,49.0989898989899,0,17.2,18.6
6.5,2.175303643724696,75.82262996941895,49.0989898989899,0,17.1,17.1
3.9,0.6,75.82262996941895,49.0989898989899,0,19.6,20.3
2.0,0.0,82.0,34.0,0,18.1,18.8
3.2,0.0,86.0,67.0,0,16.5,19.3
7.3,3.6,98.0,71.0,1,16.5,16.8
9.7,9.6,98.0,56.0,1,19.2,19.6
11.1,0.0,80.0,70.0,0,17.4,17.7
14.0,6.8,98.0,92.0,1,17.9,18.3
14.5,81.6,92.0,78.0,1,17.5,17.6
13.9,67.6,56.0,47.0,1,18.0,19.1
10.2,0.0,69.0,46.0,0,17.7,19.3
7.2,0.0,94.0,45.0,0,20.0,20.6
11.6,0.0,66.0,39.0,0,20.7,21.4
9.3,0.0,75.0,44.0,0,20.3,21.1
7.6,0.0,68.0,43.0,0,18.4,19.6
4.6,0.0,58.0,34.0,0,17.0,17.4
5.5,0.0,85.0,56.0,0,18.7,19.2
5.5,0.0,98.0,50.0,0,20.2,20.8
5.5,0.0,98.0,52.0,0,18.9,20.0
5.3,0.2,98.0,57.0,0,20.2,20.6
7.2,0.0,98.0,82.0,0,17.0,17.3
9.4,5.2,98.0,83.0,1,18.0,18.6
13.3,0.2,98.0,98.0,0,15.1,15.5
12.4,33.4,88.0,60.0,1,16.8,19.5
13.6,0.2,54.0,46.0,0,16.7,18.0
12.2,0.0,52.0,40.0,0,18.1,18.8
6.1,0.0,80.0,52.0,0,16.4,18.1
8.7,0.0,55.0,40.0,0,13.8,15.8
4.5,0.2,44.0,34.0,0,14.0,14.5
1.3,0.0,90.0,46.0,0,13.8,14.8
5.1,0.8,83.0,58.0,0,12.1,13.1
8.5,0.0,50.0,43.0,0,16.3,16.9
1.9,0.0,98.0,44.0,0,17.4,17.6
1.1,0.0,98.0,71.0,0,10.8,12.9
3.2,0.0,49.0,36.0,0,16.4,16.9
2.6,0.0,86.0,40.0,0,17.6,17.9
2.1,0.0,98.0,46.0,0,16.6,17.1
1.7,0.0,98.0,65.0,0,13.1,13.6
3.5,2.175303643724696,98.0,82.0,0,15.4,15.9
7.9,0.0,55.0,50.0,0,15.8,17.3
13.5,0.0,77.0,77.0,0,15.8,18.5
12.5,0.8,94.0,94.0,0,13.1,16.9
8.8,3.8,81.0,59.0,1,17.0,17.7
10.0,2.175303643724696,98.0,70.0,0,17.2,17.8
10.7,0.0,91.0,61.0,0,18.3,19.3
11.4,0.0,47.0,33.0,0,18.0,19.4
8.9,0.0,40.0,32.0,0,13.0,14.0
1.2,0.0,86.0,37.0,0,16.7,17.2
1.0,0.0,93.0,44.0,0,16.6,16.7
3.4,0.0,98.0,58.0,0,17.0,17.4
6.4,0.0,98.0,72.0,0,18.8,19.3
5.7,0.0,98.0,50.0,0,23.4,24.0
9.4,2.175303643724696,98.0,62.0,0,23.0,24.3
13.5,23.8,98.0,98.0,1,16.5,16.6
13.2,17.2,95.0,70.0,1,20.2,20.8
10.0,0.2,98.0,55.0,0,24.5,25.5
13.9,2.4,43.0,38.0,1,16.1,16.5
3.0,0.0,75.0,39.0,0,13.8,14.4
4.8,0.0,51.0,38.0,0,16.4,17.0
9.7,0.0,49.0,38.0,0,17.8,18.9
7.4,0.0,52.0,41.0,0,17.4,17.8
4.1,0.0,86.0,41.0,0,19.5,20.1
2.4,0.0,89.0,47.0,0,17.4,18.1
3.4,0.0,86.0,45.0,0,18.6,19.3
7.8,0.0,98.0,46.0,0,19.7,20.2
7.6,0.0,86.0,75.0,0,14.4,14.9
9.0,0.0,98.0,97.0,0,10.2,14.6
9.3,17.2,75.0,60.0,1,14.7,14.9
10.7,0.4,79.0,81.0,0,13.0,17.0
9.8,2.0,77.0,75.0,1,14.7,16.8
7.6,0.0,98.0,58.0,0,15.8,16.5
9.2,0.2,98.0,56.0,0,16.8,18.3
5.3,0.0,89.0,45.0,0,18.2,18.8
5.3,0.0,97.0,58.0,0,17.5,17.9
8.9,0.0,74.0,34.0,0,24.6,25.9
8.6,0.0,50.0,31.0,0,19.7,20.1
2.6,0.0,68.0,39.0,0,17.5,18.5
4.5,0.0,57.0,37.0,0,19.1,20.1
4.1,0.0,86.0,45.0,0,18.5,20.0
5.3,0.0,91.0,51.0,0,20.5,20.8
6.0,0.0,98.0,41.0,0,22.4,23.1
6.6,0.0,77.0,30.0,0,24.4,25.0
7.2,0.0,75.0,34.0,0,22.9,23.3
5.8,0.0,81.0,41.0,0,21.4,23.5
10.2,0.0,46.0,34.0,0,16.8,17.9
3.8,0.2,66.0,39.0,0,19.2,19.7
6.7,0.0,81.0,83.0,0,10.3,13.5
5.9,6.0,98.0,52.0,1,16.8,17.7
10.8,0.4,92.0,98.0,0,11.9,12.6
8.3,22.2,74.0,42.0,1,17.7,18.0
3.8,0.2,51.0,37.0,0,17.2,17.7
3.6,0.0,69.0,40.0,0,19.1,19.9
3.3,0.0,75.0,38.0,0,18.1,20.7
4.7,0.0,97.0,45.0,0,18.1,19.3
7.7,0.0,92.0,57.0,0,20.9,22.2
11.2,0.0,86.0,50.0,0,22.7,23.6
8.2,0.0,76.0,41.0,0,22.2,22.7
13.3,10.6,98.0,98.0,1,14.8,16.9
12.9,15.8,62.0,49.0,1,18.6,19.7
8.4,0.0,59.0,38.0,0,20.5,20.8
5.5,0.0,69.0,44.0,0,21.3,22.0
7.5,0.0,90.0,45.0,0,23.6,24.8
11.3,0.0,72.0,52.0,0,22.7,23.4
13.5,0.0,94.0,42.0,0,23.2,23.6
11.1,0.0,98.0,45.0,0,23.2,25.6
13.0,3.6,66.0,40.0,1,20.4,21.9
8.5,0.0,54.0,44.0,0,20.5,21.7
9.9,0.0,77.0,51.0,0,20.4,21.9
13.7,0.0,69.0,65.0,0,19.5,20.1
14.2,2.4,98.0,59.0,1,23.2,24.2
13.5,0.0,40.0,39.0,0,19.3,21.0
13.2,0.0,57.0,36.0,0,20.4,22.3
7.3,0.0,69.0,43.0,0,21.6,22.0
11.3,0.0,80.0,98.0,0,12.9,17.8
10.6,13.0,59.0,35.0,1,21.4,22.3
5.5,0.2,67.0,39.0,0,19.0,19.8
12.1,0.0,71.0,88.0,0,16.9,19.6
9.7,1.2,71.0,51.0,1,18.9,20.4
14.4,0.0,49.0,47.0,0,21.8,23.3
9.7,0.0,72.0,44.0,0,23.8,24.7
13.2,0.8,74.0,44.0,0,21.7,23.1
9.2,0.2,47.0,35.0,0,22.3,22.9
6.8,0.0,52.0,28.0,0,21.0,23.1
5.7,0.0,50.0,33.0,0,21.1,21.8
9.7,1.8,98.0,41.0,1,21.7,22.1
9.9,0.4,46.0,41.0,0,17.6,19.0
13.1,0.0,45.0,40.0,0,19.5,21.1
7.5,0.0,71.0,29.0,0,26.6,28.1
13.7,0.0,55.0,28.0,0,21.7,25.2
13.1,0.0,37.0,32.0,0,22.2,23.4
9.5,0.2,39.0,20.0,0,22.7,22.9
9.5,0.2,48.0,21.0,0,27.7,29.0
10.6,0.0,64.0,24.0,0,30.2,30.8
15.5,0.0,37.0,57.0,0,19.9,24.7
14.1,0.0,48.0,37.0,0,23.0,24.4
12.3,0.0,70.0,32.0,0,31.1,33.4
10.4,0.0,37.0,26.0,0,20.1,20.7
6.9,0.0,54.0,30.0,0,21.4,22.9
12.0,0.0,50.0,43.0,0,18.9,20.8
7.3,0.0,58.0,30.0,0,22.3,23.0
7.7,0.0,69.0,19.0,0,27.8,28.5
10.0,0.0,48.0,27.0,0,30.1,30.7
18.6,0.0,61.0,52.0,0,17.3,20.0
7.6,1.0,54.0,29.0,0,24.7,25.6
11.8,0.0,46.0,20.0,0,23.8,24.9
13.5,0.0,57.0,44.0,0,22.8,23.5
11.1,0.0,73.0,30.0,0,28.6,30.2
16.6,7.4,98.0,72.0,1,19.8,21.7
8.2,0.0,44.0,27.0,0,20.8,22.0
7.8,0.0,59.0,30.0,0,22.8,23.8
8.3,0.0,63.0,25.0,0,27.1,29.1
10.4,0.0,51.0,20.0,0,29.1,30.9
11.8,0.0,66.0,60.0,0,21.4,26.1
13.4,2.0,97.0,69.0,1,18.7,19.1
13.8,0.0,86.0,81.0,0,20.8,25.3
16.7,1.6,85.0,47.0,1,28.2,28.7
15.6,0.0,31.0,18.0,0,24.6,24.9
9.1,0.0,41.0,26.0,0,24.6,25.8
9.2,0.0,39.0,23.0,0,26.6,28.2
10.6,0.0,51.0,29.0,0,27.9,29.7
13.1,0.0,55.0,17.0,0,31.3,31.7
17.1,0.0,14.0,18.0,0,25.5,25.9
11.7,0.0,27.0,19.0,0,26.6,27.6
11.3,0.0,52.0,17.0,0,34.8,35.5
15.2,0.0,59.0,39.0,0,29.6,30.9
17.6,1.2,80.0,68.0,1,22.1,24.3
16.1,0.2,81.0,33.0,0,29.5,30.2
17.6,2.175303643724696,77.0,46.0,0,28.0,29.3
18.2,10.0,93.0,29.0,1,34.8,35.6
14.4,0.2,38.0,24.0,0,27.1,29.5
17.2,0.0,47.0,29.0,0,24.8,26.9
13.4,3.0,69.0,41.0,1,24.7,25.1
11.3,0.0,65.0,42.0,0,26.1,28.1
15.9,0.0,68.0,36.0,0,27.5,28.9
14.1,0.0,69.0,17.0,0,36.6,37.0
17.8,0.0,63.0,56.0,0,24.7,28.6
18.1,1.8,86.0,46.0,1,28.4,29.3
18.1,0.0,71.0,47.0,0,27.0,33.5
17.0,0.0,56.0,23.0,0,34.3,37.4
18.7,0.0,62.0,29.0,0,31.5,34.3
13.7,0.0,36.0,31.0,0,25.4,27.2
12.0,0.0,48.0,20.0,0,29.1,29.7
15.7,0.0,59.0,29.0,0,30.0,31.5
19.1,0.0,75.0,51.0,0,26.4,27.9
19.6,0.0,63.0,52.0,0,28.1,31.0
18.9,0.0,69.0,47.0,0,27.8,29.3
17.5,0.2,70.0,38.0,0,30.0,30.4
16.1,0.2,74.0,18.0,0,32.6,34.0
16.7,0.0,47.0,18.0,0,35.7,37.2
20.9,0.0,69.0,49.0,0,27.5,30.6
18.3,0.0,63.0,42.0,0,31.7,34.1
21.7,2.6,78.0,41.0,1,35.2,36.7
21.2,3.8,73.0,90.0,1,23.2,26.0
17.0,6.8,76.0,54.0,1,26.1,28.3
18.4,0.0,71.0,23.0,0,36.5,38.0
17.2,0.0,34.0,19.0,0,27.0,28.2
15.4,0.0,55.0,31.0,0,29.6,29.6
19.1,0.0,63.0,37.0,0,30.0,31.6
20.0,0.0,65.0,35.0,0,32.4,34.7
19.0,0.0,57.0,16.0,0,37.9,39.5
21.8,2.175303643724696,21.0,22.0,0,34.5,36.9
16.9,6.2,98.0,90.0,1,17.6,18.0
16.0,19.4,98.0,91.0,1,20.0,25.8
17.4,21.4,72.0,30.0,1,33.6,34.6
18.2,0.0,64.0,58.0,0,20.2,23.3
15.0,0.4,74.0,48.0,0,25.2,26.5
13.9,0.2,65.0,24.0,0,36.0,37.1
19.3,0.0,71.0,48.0,0,28.3,32.3
17.7,1.0,89.0,55.0,0,24.6,26.4
19.2,0.0,65.0,51.0,0,27.0,28.9
17.9,0.0,68.0,47.0,0,29.7,30.2
16.9,3.2,72.0,45.0,1,30.7,32.1
18.8,0.0,68.0,35.0,0,33.9,34.9
20.7,0.0,67.0,45.0,0,32.1,32.8
20.0,0.0,69.0,38.0,0,35.2,37.5
23.5,0.0,58.0,21.0,0,39.4,40.6
24.7,0.0,48.0,45.0,0,32.0,35.1
24.7,0.0,62.0,49.0,0,33.5,35.0
22.2,0.0,77.0,69.0,0,26.9,27.8
21.1,2.4,79.0,61.0,1,24.6,26.1
17.6,0.0,62.0,46.0,0,26.9,28.7
18.4,2.4,70.0,42.0,1,26.4,27.2
18.7,0.4,82.0,78.0,0,23.3,25.5
19.3,1.4,77.0,79.0,1,24.3,25.4
17.8,12.8,74.0,40.0,1,30.5,31.2
17.1,0.0,72.0,33.0,0,34.9,36.5
20.3,0.0,60.0,34.0,0,36.7,37.2
22.1,2.0,87.0,38.0,1,35.6,38.5
23.0,0.0,72.0,22.0,0,40.5,42.0
21.1,0.0,78.0,46.0,0,30.6,32.5
22.9,0.0,65.0,20.0,0,43.5,44.8
25.5,0.0,49.0,24.0,0,37.7,40.8
21.3,0.0,70.0,52.0,0,27.7,29.9
19.4,0.0,62.0,33.0,0,33.5,35.8
19.4,0.0,67.0,21.0,0,42.5,43.9
25.1,0.0,28.0,38.0,0,33.0,45.1
17.8,0.2,65.0,96.0,0,19.3,22.5
18.8,2.0,75.0,83.0,1,26.4,32.1
20.9,4.4,54.0,38.0,1,28.6,29.6
18.3,0.0,58.0,43.0,0,29.4,31.6
18.4,0.0,69.0,32.0,0,37.3,40.2
23.3,0.2,34.0,43.0,0,34.3,36.0
18.5,0.0,71.0,63.0,0,23.3,24.6
20.6,0.0,79.0,61.0,0,26.4,27.0
20.7,0.0,74.0,55.0,0,27.9,28.7
18.8,0.0,74.0,31.0,0,37.4,39.0
23.2,0.0,68.0,53.0,0,30.9,34.0
21.6,0.0,77.0,20.0,0,42.8,43.6
25.5,0.0,32.0,27.0,0,40.3,41.7
20.5,0.0,78.0,70.0,0,25.3,25.8
21.5,6.4,75.0,50.0,1,27.6,29.1
20.3,0.0,93.0,74.0,0,25.1,26.8
21.0,0.4,83.0,52.0,0,34.3,36.0
23.8,0.0,73.0,27.0,0,38.9,42.3
23.4,0.0,54.0,39.0,0,37.1,39.0
22.1,0.0,86.0,98.0,0,23.5,24.3
20.9,13.6,98.0,75.0,1,26.5,27.0
21.6,6.6,92.0,43.0,1,34.3,36.3
22.0,2.175303643724696,69.0,25.0,0,43.8,44.9
23.3,0.0,85.0,14.0,0,46.2,46.9
24.5,0.0,70.0,56.0,0,32.4,38.1
16.2,0.0,33.0,20.0,0,30.2,31.5
21.3,0.0,52.0,59.0,0,24.0,27.6
18.3,0.2,64.0,41.0,0,29.1,30.6
18.1,0.0,69.0,27.0,0,37.0,38.3
20.3,0.0,56.0,68.0,0,26.9,38.5
20.7,5.2,78.0,53.0,1,29.9,32.2
18.5,9.0,71.0,40.0,1,28.0,29.1
15.9,0.0,40.0,15.0,0,28.1,29.4
14.1,0.0,51.0,35.0,0,27.9,29.3
17.6,0.0,61.0,33.0,0,32.3,32.9
17.6,0.0,70.0,30.0,0,35.6,37.3
19.5,0.0,75.0,54.0,0,28.1,31.1
19.0,2.6,83.0,71.0,1,21.2,21.7
17.5,24.0,85.0,61.0,1,23.0,25.2
17.0,0.8,81.0,48.0,0,27.1,28.3
18.9,1.0,91.0,97.0,0,21.0,26.6
20.1,22.0,98.0,74.0,1,25.3,28.2
19.8,2.175303643724696,95.0,80.0,0,24.2,29.5
20.5,2.175303643724696,98.0,98.0,0,22.2,26.9
19.6,35.4,97.0,94.0,1,21.5,24.2
19.9,2.0,86.0,75.0,1,23.3,25.2
17.7,0.4,62.0,47.0,0,25.9,27.5
17.1,0.0,64.0,53.0,0,23.9,26.6
15.9,1.2,98.0,56.0,1,22.3,24.0
16.4,0.2,71.0,60.0,0,23.2,24.0
17.3,0.0,68.0,40.0,0,26.9,27.9
15.0,0.0,67.0,40.0,0,27.5,28.5
15.1,0.0,84.0,45.0,0,30.6,33.0
18.5,0.0,77.0,41.0,0,29.9,30.7
19.7,1.6,98.0,98.0,1,21.3,22.4
18.3,55.0,98.0,86.0,1,24.1,25.7
20.3,2.175303643724696,94.0,92.0,0,22.2,25.6
19.7,12.8,81.0,73.0,1,21.2,22.6
18.3,17.0,98.0,93.0,1,23.0,25.4
20.2,14.2,92.0,79.0,1,27.9,28.5
22.4,0.0,95.0,71.0,0,28.7,29.6
22.5,0.2,98.0,82.0,0,26.9,28.0
21.3,20.8,94.0,65.0,1,31.2,31.6
20.5,17.4,88.0,79.0,1,22.1,23.1
17.8,2.4,78.0,66.0,1,23.7,24.9
18.0,0.0,83.0,69.0,0,24.4,24.5
17.3,0.0,92.0,58.0,0,28.6,30.0
17.4,0.0,96.0,55.0,0,29.2,30.2
20.5,0.0,87.0,76.0,0,24.2,24.5
20.4,0.2,97.0,69.0,0,31.1,33.7
22.3,0.0,97.0,98.0,0,18.6,23.7
14.2,27.4,62.0,50.0,1,23.1,23.6
12.3,0.0,81.0,49.0,0,25.1,25.7
15.9,0.8,68.0,56.0,0,21.1,23.1
13.8,3.0,95.0,82.0,1,18.4,20.7
13.8,13.0,74.0,86.0,1,18.2,22.0
13.6,3.4,70.0,58.0,1,20.9,22.3
11.0,0.0,77.0,50.0,0,23.4,23.6
12.4,0.0,71.0,47.0,0,24.3,24.7
11.7,0.0,85.0,44.0,0,24.8,25.4
12.9,0.0,94.0,44.0,0,27.4,28.3
10.5,9.0,75.82262996941895,49.0989898989899,1,17.6,20.1
10.0,0.0,75.82262996941895,49.0989898989899,0,22.9,24.7
15.8,0.0,75.82262996941895,49.0989898989899,0,22.3,23.0
14.7,0.0,75.82262996941895,49.0989898989899,0,23.8,24.0
11.4,0.0,75.82262996941895,49.0989898989899,0,25.1,25.5
10.7,0.0,75.82262996941895,49.0989898989899,0,24.2,25.1
12.3,0.0,75.82262996941895,49.0989898989899,0,24.9,26.3
11.9,0.0,75.82262996941895,49.0989898989899,0,24.1,25.0
13.7,0.0,75.82262996941895,49.0989898989899,0,25.2,26.0
13.8,0.0,75.82262996941895,49.0989898989899,0,22.4,24.2
14.5,0.0,75.82262996941895,49.0989898989899,0,24.6,25.3
11.6,0.0,75.82262996941895,49.0989898989899,0,23.8,24.8
15.9,0.0,75.82262996941895,49.0989898989899,0,22.6,24.1
12.8,0.0,75.82262996941895,49.0989898989899,0,26.0,26.3
13.4,0.0,75.82262996941895,49.0989898989899,0,23.4,24.5
16.0,0.0,75.82262996941895,49.0989898989899,0,24.1,27.4
12.9,0.0,75.82262996941895,49.0989898989899,0,13.8,24.4
9.6,0.2,75.82262996941895,49.0989898989899,0,19.7,20.0
9.4,0.0,75.82262996941895,49.0989898989899,0,20.1,20.5
7.3,0.0,75.82262996941895,49.0989898989899,0,22.5,23.0
10.3,0.0,75.82262996941895,49.0989898989899,0,22.8,23.6
9.7,0.0,98.0,41.0,0,25.6,26.1
11.3,0.0,71.0,48.0,0,21.7,23.7
12.4,0.0,60.0,59.0,0,17.2,18.2
11.5,0.0,71.0,59.0,0,19.0,19.5
10.3,0.0,78.0,47.0,0,22.3,22.7
9.2,0.0,98.0,50.0,0,24.6,25.3
10.7,0.0,68.0,26.0,0,20.6,21.1
6.2,0.0,64.0,39.0,0,18.9,19.8
7.0,0.0,75.82262996941895,49.0989898989899,0,20.3,21.2
7.0,0.0,75.82262996941895,49.0989898989899,0,21.5,21.9
7.3,0.0,75.82262996941895,49.0989898989899,0,21.6,22.6
9.6,0.0,75.82262996941895,49.0989898989899,0,18.8,20.4
12.5,0.0,75.82262996941895,49.0989898989899,0,20.6,22.1
11.8,0.0,75.82262996941895,49.0989898989899,0,18.3,21.3
13.1,0.8,75.82262996941895,49.0989898989899,0,20.8,21.2
7.8,0.0,75.82262996941895,49.0989898989899,0,20.6,21.0
6.9,0.0,75.82262996941895,49.0989898989899,0,20.5,21.1
9.7,0.0,75.82262996941895,49.0989898989899,0,21.7,22.1
12.1,0.4,75.82262996941895,49.0989898989899,0,17.1,17.1
15.4,8.6,75.82262996941895,49.0989898989899,1,22.1,22.5
11.2,0.0,75.82262996941895,49.0989898989899,0,21.6,22.3
10.7,0.0,75.82262996941895,70.0,0,19.5,21.8
12.7,0.0,98.0,59.0,0,23.4,23.7
11.3,0.2,91.0,38.0,0,21.3,23.2
6.6,0.0,80.0,44.0,0,20.0,20.7
6.4,0.0,91.0,52.0,0,20.2,20.4
9.3,0.0,98.0,60.0,0,20.5,21.3
7.6,0.0,98.0,42.0,0,22.7,23.7
7.9,0.2,44.0,32.0,0,18.3,18.6
2.4,0.0,98.0,46.0,0,17.4,17.7
6.3,0.0,90.0,41.0,0,16.2,16.6
6.7,2.175303643724696,48.0,41.0,0,17.0,17.4
4.9,0.0,71.0,46.0,0,18.3,18.8
10.2,0.0,60.0,65.0,0,16.2,18.9
8.3,0.0,77.0,53.0,0,18.9,20.0
6.9,0.0,98.0,54.0,0,18.2,19.2
3.5,0.0,98.0,45.0,0,16.4,17.5
8.7,0.0,85.0,84.0,0,13.9,15.0
11.5,0.0,90.0,81.0,0,16.7,19.1
10.2,0.2,78.0,71.0,0,17.2,19.5
12.7,25.2,98.0,86.0,1,15.6,16.6
11.2,1.4,98.0,85.0,1,16.7,17.5
8.3,0.2,98.0,60.0,0,20.1,20.7
8.3,0.0,85.0,67.0,0,17.4,19.6
10.2,0.0,88.0,69.0,0,18.9,20.6
7.1,0.2,98.0,69.0,0,18.4,18.7
9.4,0.0,98.0,66.0,0,16.9,17.4
12.1,0.0,90.0,72.0,0,17.2,18.4
10.9,0.0,72.0,57.0,0,17.3,19.0
10.3,0.0,78.0,55.0,0,19.3,20.0
11.7,0.0,82.0,60.0,0,18.7,20.1
5.3,0.0,98.0,66.0,0,17.5,19.6
7.0,0.0,83.0,59.0,0,18.0,18.7
5.8,0.2,98.0,75.0,0,15.1,16.8
4.0,0.0,98.0,37.0,0,20.0,20.3
3.1,0.0,95.0,45.0,0,17.8,20.0
