MinTemp,Rainfall,WindGustDir,WindGustSpeed,Humidity9am,Humidity3pm,RainToday,Pressure3pm,Pressure9am
19.7,0.8,112.5,48.0,76.0,54.0,0,1007.5,1010.6
21.6,0.0,90.0,33.0,44.0,33.0,0,1006.5,1010.5
21.3,0.0,90.0,33.0,39.0,27.0,0,1002.7,1006.9
22.9,0.0,67.5,39.0,35.0,22.0,0,1002.1,1006.0
24.0,0.0,180.0,39.0,33.0,21.0,0,1003.5,1006.9
24.3,0.0,180.0,46.0,36.0,17.0,0,1003.9,1007.9
26.6,0.0,247.5,33.0,41.0,21.0,0,1004.5,1008.3
26.9,0.0,157.5,54.0,39.0,24.0,0,1005.1,1008.9
24.4,0.0,135.0,54.0,54.0,24.0,0,1005.9,1010.4
25.4,0.0,45.0,37.0,40.0,20.0,0,1006.8,1010.7
23.9,0.0,67.5,41.0,26.0,13.0,0,1006.0,1010.3
20.6,0.0,180.0,57.0,22.0,13.0,0,1005.3,1009.2
22.3,0.0,180.0,52.0,56.0,24.0,0,1008.5,1012.6
19.8,0.0,112.5,39.0,34.0,24.0,0,1009.4,1013.8
17.2,0.0,90.0,35.0,29.0,13.0,0,1010.7,1015.3
19.1,0.0,135.0,43.0,20.0,10.0,0,1012.7,1016.1
21.9,0.0,112.5,46.0,33.0,20.0,0,1013.7,1018.6
19.6,0.0,90.0,35.0,32.0,20.0,0,1012.0,1016.3
20.0,0.0,90.0,30.0,17.0,15.0,0,1011.5,1015.6
19.7,0.0,247.5,30.0,17.0,13.0,0,1009.3,1014.8
25.9,0.0,202.5,39.0,25.0,17.0,0,1006.7,1010.4
22.9,0.0,180.0,35.0,39.0,17.0,0,1010.2,1013.9
22.4,0.4,90.0,46.0,41.0,25.0,0,1012.2,1014.9
22.5,0.0,202.5,61.0,28.0,21.0,0,1011.1,1015.6
21.3,0.0,202.5,48.0,55.0,54.0,0,1011.1,1015.3
19.6,0.0,0.0,46.0,20.0,22.0,0,1004.5,1010.1
25.4,0.0,225.0,50.0,61.0,39.0,0,1006.6,1009.7
16.9,40.2,112.5,46.0,98.0,71.0,1,1016.6,1018.1
14.9,0.4,90.0,50.0,58.0,49.0,0,1012.9,1017.0
14.8,7.2,90.0,41.268372703412076,98.0,95.0,1,1014.1,1015.3
14.4,0.7843626806833113,112.5,43.0,42.6641074856046,56.0,0,1015.2,1017.1014030612245
13.6,0.0,90.0,44.0,61.0,36.0,0,1016.6,1020.1
16.0,0.0,90.0,44.0,46.0,29.0,0,1016.3,1019.9
15.0,0.0,90.0,46.0,43.0,23.0,0,1014.8,1019.1
15.4,0.0,67.5,44.0,40.0,23.0,0,1015.5,1019.6
19.3,0.0,67.5,35.0,36.0,28.0,0,1015.8,1019.4
14.5,0.0,45.0,39.0,51.0,25.0,0,1014.0,1018.7
17.4,0.0,90.0,39.0,33.0,18.0,0,1014.3,1017.9
17.2,0.0,90.0,43.0,35.0,18.0,0,1015.8,1019.7
17.1,0.0,90.0,46.0,31.0,16.0,0,1016.3,1020.7
14.9,0.0,135.0,52.0,30.0,16.0,0,1015.4,1019.8
14.8,0.0,112.5,50.0,30.0,16.0,0,1014.9,1018.5
15.1,0.0,90.0,43.0,28.0,17.0,0,1014.4,1018.4
11.8,0.0,67.5,30.0,34.0,16.0,0,1013.4,1017.2
15.0,0.0,202.5,28.0,31.0,14.0,0,1010.9,1015.2
18.5,0.0,135.0,30.0,34.0,26.0,0,1009.7,1013.1
15.5,0.0,67.5,35.0,48.0,29.0,0,1011.8,1015.9
14.9,0.0,157.5,28.0,38.0,21.0,0,1011.3,1015.2
16.0,0.0,67.5,31.0,32.0,19.0,0,1012.4,1015.6
16.1,0.0,67.5,31.0,33.0,19.0,0,1013.6,1017.6
15.9,0.0,337.5,30.0,35.0,15.0,0,1010.0,1015.0
15.4,0.0,180.0,39.0,31.0,26.0,0,1008.1,1010.5
15.7,0.0,67.5,31.0,46.0,29.0,0,1010.9,1014.1
16.3,0.0,67.5,39.0,47.0,28.0,0,1014.4,1017.4
14.6,0.0,90.0,39.0,41.0,24.0,0,1016.9,1021.2
13.8,0.0,67.5,39.0,40.0,21.0,0,1019.2,1023.0
11.0,0.0,67.5,48.0,34.0,14.0,0,1018.5,1022.7
8.4,0.0,45.0,22.0,27.0,16.0,0,1016.2,1020.6
11.0,0.0,180.0,28.0,36.0,12.0,0,1015.1,1019.1
8.4,0.0,337.5,24.0,32.0,10.0,0,1015.7,1019.2
11.9,0.0,157.5,37.0,21.0,10.0,0,1016.1,1020.2
11.6,0.0,90.0,37.0,21.0,11.0,0,1016.2,1020.2
12.4,0.0,112.5,41.0,21.0,12.0,0,1016.0,1019.6
14.1,0.0,22.5,35.0,33.0,15.0,0,1016.0,1019.9
14.3,0.0,22.5,28.0,33.0,15.0,0,1016.0,1020.5
15.9,0.0,225.0,37.0,52.0,28.0,0,1014.8,1019.3
11.9,0.0,67.5,22.0,44.0,19.0,0,1013.3,1017.8
12.1,0.0,22.5,43.0,36.0,16.0,0,1012.8,1016.6
14.4,0.0,67.5,33.0,30.0,16.0,0,1014.2,1018.8
13.8,0.0,22.5,31.0,39.0,21.0,0,1015.5,1018.8
13.4,0.0,315.0,26.0,61.0,22.0,0,1014.7,1019.4
15.6,0.0,180.0,50.0,51.0,34.0,0,1012.9,1016.9
14.3,4.0,135.0,30.0,87.0,60.0,1,1019.6,1021.9
8.1,0.0,157.5,35.0,66.0,37.0,0,1020.1,1024.6
7.8,0.0,112.5,31.0,59.0,39.0,0,1017.8,1021.9
10.5,0.0,22.5,30.0,65.0,52.0,0,1015.2,1018.9
3.3,0.0,90.0,28.0,79.0,30.0,0,1015.9,1018.9
5.1,0.0,45.0,35.0,59.0,38.0,0,1015.8,1019.3
5.5,0.0,90.0,30.0,60.0,25.0,0,1016.4,1020.9
11.5,0.0,337.5,28.0,57.0,55.0,0,1013.8,1018.1
13.6,0.0,45.0,33.0,69.0,100.0,0,1011.6,1014.2
16.6,42.4,0.0,39.0,95.0,53.0,1,1008.5,1010.0
10.0,0.0,202.5,35.0,76.0,54.0,0,1015.8,1016.5
9.9,0.0,135.0,39.0,69.0,47.0,0,1020.8,1023.5
8.3,0.0,90.0,46.0,75.0,39.0,0,1023.2,1026.5
8.3,0.0,45.0,48.0,68.0,32.0,0,1022.8,1026.5
5.9,0.0,67.5,46.0,58.0,27.0,0,1020.3,1025.0
5.6,0.0,90.0,39.0,60.0,30.0,0,1018.9,1023.1
5.8,0.0,0.0,30.0,61.0,27.0,0,1016.5,1020.3
7.3,0.0,0.0,31.0,59.0,23.0,0,1014.3,1018.5
14.4,0.0,22.5,24.0,61.0,44.0,0,1013.8,1017.3
16.1,1.6,247.5,28.0,90.0,59.0,1,1014.6,1016.9
12.1,0.2,202.5,31.0,67.0,64.0,0,1020.8,1022.9
10.6,0.0,112.5,41.0,78.0,57.0,0,1022.5,1025.0
11.0,0.0,112.5,41.0,71.0,55.0,0,1023.0,1025.8
11.2,0.0,90.0,33.0,62.0,65.0,0,1019.0,1022.4
10.8,4.0,67.5,20.0,89.0,68.0,1,1016.3,1019.3
11.7,2.8,90.0,20.0,92.0,76.0,1,1019.4,1020.8
12.2,0.4,90.0,37.0,87.0,65.0,0,1023.1,1025.7
13.6,0.0,90.0,33.0,88.0,65.0,0,1020.9,1025.4
10.9,0.0,90.0,24.0,78.0,44.0,0,1018.1,1022.2
10.2,0.0,67.5,24.0,76.0,37.0,0,1016.0,1019.9
11.9,0.0,180.0,43.0,78.0,34.0,0,1017.6,1019.0
3.1,0.2,180.0,33.0,81.0,45.0,0,1017.8,1022.4
8.1,0.0,112.5,30.0,73.0,38.0,0,1016.1,1019.4
5.3,0.0,112.5,43.0,71.0,38.0,0,1018.1,1021.7
9.2,0.0,90.0,33.0,66.0,42.0,0,1018.3,1021.9
9.0,0.2,112.5,30.0,75.0,53.0,0,1016.5,1020.6
9.7,0.2,90.0,20.0,81.0,45.0,0,1014.4,1017.6
9.4,0.4,90.0,26.0,64.0,41.0,0,1016.4,1018.1
9.7,2.4,135.0,26.0,89.0,85.0,1,1019.5,1020.2
7.7,2.6,135.0,28.0,92.0,56.0,1,1020.6,1023.1
3.5,0.2,202.5,19.0,94.0,36.0,0,1021.3,1023.2
3.5,0.0,112.5,19.0,84.0,34.0,0,1021.1,1023.5
-0.1,0.0,90.0,28.0,81.0,31.0,0,1020.9,1025.0
4.9,0.0,67.5,20.0,63.0,30.0,0,1020.4,1023.1
9.1,0.8,337.5,31.0,78.0,31.0,0,1019.4,1021.6
10.7,1.4,337.5,24.0,88.0,70.0,1,1017.1,1018.7
11.0,0.8,67.5,24.0,86.0,61.0,0,1016.8,1018.8
8.7,0.0,112.5,35.0,64.0,38.0,0,1020.8,1022.4
7.6,0.0,67.5,48.0,65.0,34.0,0,1026.9,1029.0
6.6,0.0,90.0,46.0,65.0,29.0,0,1028.8,1032.2
4.4,0.0,112.5,43.0,70.0,34.0,0,1026.2,1030.6
3.8,0.0,90.0,35.0,71.0,33.0,0,1023.2,1027.8
1.5,0.0,292.5,22.0,69.0,28.0,0,1019.5,1023.8
0.4,0.0,292.5,28.0,64.0,24.0,0,1015.4,1019.9
6.3,0.0,90.0,31.0,51.0,37.0,0,1019.4,1022.5
5.5,0.0,90.0,26.0,67.0,26.0,0,1020.1,1023.4
4.7,0.0,45.0,43.0,54.0,22.0,0,1023.0,1025.9
5.7,0.0,90.0,48.0,47.0,26.0,0,1025.6,1029.3
7.7,0.0,90.0,39.0,92.0,80.0,0,1023.6,1027.4
8.1,0.0,67.5,31.0,99.0,57.0,0,1020.3,1024.6
9.0,0.0,90.0,35.0,92.0,49.0,0,1019.7,1024.4
10.2,0.0,292.5,44.0,85.0,30.0,0,1015.8,1020.5
10.5,0.0,292.5,46.0,80.0,33.0,0,1014.5,1016.6
8.7,0.0,135.0,26.0,61.0,33.0,0,1018.2,1021.2
8.0,0.0,90.0,39.0,70.0,39.0,0,1020.0,1024.1
7.5,0.0,337.5,31.0,74.0,35.0,0,1016.4,1021.6
8.4,0.0,337.5,67.0,77.0,22.0,0,1007.7,1013.0
4.4,0.0,247.5,41.0,54.0,25.0,0,1013.5,1016.0
2.3,0.0,157.5,37.0,72.0,39.0,0,1020.7,1021.2
1.5,0.0,135.0,44.0,64.0,32.0,0,1021.2,1025.8
0.9,0.0,157.5,28.0,74.0,38.0,0,1020.1,1023.7
-0.2,0.0,90.0,33.0,63.0,30.0,0,1023.7,1026.4
2.9,0.0,90.0,41.0,62.0,27.0,0,1027.4,1030.6
2.3,0.0,90.0,50.0,55.0,25.0,0,1026.2,1030.4
-0.9,0.0,67.5,31.0,54.0,21.0,0,1023.7,1027.9
1.4,0.0,337.5,28.0,54.0,16.0,0,1019.5,1024.5
-0.1,0.0,315.0,54.0,44.0,15.0,0,1014.9,1019.1
2.8,0.0,225.0,33.0,38.0,23.0,0,1017.1,1019.6
3.5,0.0,90.0,39.0,57.0,27.0,0,1020.8,1024.0
6.1,0.0,90.0,52.0,58.0,29.0,0,1019.7,1024.4
5.8,0.0,67.5,35.0,50.0,26.0,0,1017.8,1021.9
5.6,0.0,202.5,28.0,48.0,24.0,0,1016.7,1020.0
6.5,0.0,90.0,33.0,41.0,18.0,0,1021.4,1023.9
2.1,0.0,202.5,30.0,54.0,25.0,0,1022.8,1026.8
0.7,0.0,112.5,30.0,50.0,21.0,0,1021.2,1025.6
1.9,0.0,315.0,33.0,49.0,15.0,0,1018.3,1023.1
1.3,0.0,270.0,33.0,38.0,12.0,0,1016.7,1020.4
3.9,0.0,225.0,28.0,37.0,15.0,0,1017.3,1020.7
5.9,0.0,45.0,22.0,43.0,15.0,0,1016.5,1020.6
6.2,0.0,337.5,35.0,44.0,12.0,0,1015.3,1018.6
6.7,0.0,337.5,35.0,36.0,12.0,0,1014.9,1017.7
6.2,0.0,315.0,43.0,39.0,11.0,0,1012.2,1015.6
11.0,0.0,135.0,33.0,55.0,33.0,0,1015.3,1017.7
8.6,0.0,315.0,35.0,49.0,20.0,0,1013.2,1017.9
10.3,0.0,180.0,43.0,28.0,17.0,0,1017.0,1018.5
9.3,0.0,90.0,48.0,38.0,21.0,0,1014.2,1020.4
13.9,0.0,247.5,48.0,36.0,21.0,0,1011.0,1010.7
1.8,0.0,202.5,28.0,31.0,12.0,0,1017.2,1020.8
2.2,0.0,157.5,24.0,26.0,9.0,0,1017.2,1021.0
5.6,0.0,112.5,43.0,36.0,18.0,0,1017.7,1021.7
8.8,0.0,90.0,43.0,53.0,29.0,0,1018.8,1022.4
7.1,0.0,180.0,30.0,47.0,23.0,0,1019.0,1022.4
2.9,0.0,157.5,35.0,37.0,23.0,0,1021.6,1024.7
2.0,0.0,135.0,31.0,47.0,21.0,0,1022.4,1026.3
8.0,0.0,112.5,33.0,40.0,19.0,0,1021.2,1025.8
5.2,0.0,67.5,31.0,40.0,15.0,0,1020.1,1024.7
3.8,0.0,337.5,43.0,34.0,10.0,0,1016.9,1021.8
5.6,0.0,22.5,39.0,23.0,11.0,0,1016.0,1019.9
6.2,0.0,337.5,63.0,26.0,9.0,0,1010.8,1016.5
9.4,0.0,315.0,37.0,32.0,15.0,0,1013.2,1017.3
8.2,0.0,315.0,65.0,29.0,13.0,0,1009.6,1014.5
11.2,0.0,337.5,39.0,29.0,18.0,0,1014.7,1017.7
13.0,0.0,292.5,39.0,28.0,17.0,0,1016.6,1020.6
14.9,0.6,270.0,43.0,33.0,17.0,0,1019.2,1022.2
16.0,0.0,0.0,35.0,36.0,12.0,0,1017.3,1022.0
12.9,0.0,0.0,43.0,20.0,10.0,0,1017.0,1021.1
13.7,0.0,22.5,35.0,29.0,11.0,0,1018.3,1021.9
11.3,0.0,22.5,24.0,25.0,9.0,0,1017.8,1022.2
13.4,0.0,45.0,35.0,20.0,8.0,0,1015.9,1020.4
9.3,0.0,0.0,43.0,19.0,9.0,0,1013.4,1018.4
11.6,0.0,292.5,48.0,30.0,11.0,0,1011.0,1015.8
11.7,0.0,45.0,41.0,31.0,17.0,0,1011.3,1015.7
11.8,0.0,315.0,50.0,28.0,11.0,0,1008.3,1013.2
16.7,0.0,247.5,57.0,23.0,15.0,0,1009.6,1011.9
10.2,0.0,45.0,39.0,27.0,13.0,0,1011.7,1017.0
7.6,0.0,315.0,61.0,22.0,11.0,0,1005.9,1011.8
13.4,0.0,270.0,69.0,23.0,10.0,0,1005.6,1009.0
9.4,0.0,180.0,33.0,37.0,22.0,0,1012.2,1015.9
6.9,0.0,292.5,54.0,30.0,10.0,0,1007.8,1013.2
9.6,0.0,180.0,52.0,27.0,15.0,0,1010.4,1015.2
6.6,0.0,202.5,31.0,24.0,8.0,0,1011.6,1015.0
3.7,0.0,45.0,37.0,14.0,6.0,0,1011.4,1016.6
8.4,0.0,292.5,43.0,14.0,7.0,0,1009.9,1014.1
10.9,0.0,315.0,63.0,11.0,7.0,0,1006.1,1011.4
14.3,0.0,315.0,59.0,11.0,7.0,0,1005.7,1009.2
10.4,0.0,315.0,44.0,16.0,7.0,0,1008.0,1011.8
10.9,0.0,270.0,69.0,20.0,8.0,0,1009.6,1013.4
15.0,0.0,180.0,50.0,30.0,15.0,0,1013.5,1019.0
12.4,0.0,247.5,35.0,17.0,8.0,0,1012.6,1016.4
13.4,0.0,90.0,50.0,24.0,10.0,0,1012.8,1018.3
13.7,0.0,337.5,35.0,35.0,12.0,0,1008.7,1014.7
15.0,0.0,337.5,70.0,25.0,15.0,0,1005.8,1010.6
14.8,0.0,180.0,59.0,47.0,21.0,0,1014.4,1018.9
10.7,0.0,180.0,39.0,20.0,9.0,0,1016.7,1020.2
13.6,0.0,112.5,39.0,34.0,11.0,0,1018.2,1022.8
10.3,0.0,45.0,41.0,20.0,6.0,0,1013.9,1020.3
9.1,0.0,90.0,26.0,11.0,5.0,0,1010.1,1014.8
11.0,0.0,337.5,35.0,12.0,6.0,0,1008.2,1011.1
12.8,0.0,225.0,44.0,12.0,5.0,0,1008.6,1010.6
21.1,0.0,315.0,43.0,13.0,4.0,0,1009.9,1013.6
15.8,0.0,337.5,50.0,15.0,4.0,0,1008.5,1012.3
17.9,0.0,180.0,50.0,20.0,19.0,0,1012.0,1012.3
15.7,0.0,112.5,54.0,47.0,19.0,0,1012.2,1017.7
15.9,0.0,270.0,59.0,24.0,8.0,0,1006.5,1011.8
15.4,0.0,157.5,54.0,46.0,17.0,0,1016.0,1019.2
11.2,0.0,90.0,59.0,26.0,14.0,0,1017.9,1023.0
10.5,0.0,90.0,30.0,20.0,10.0,0,1015.6,1021.0
9.5,0.0,270.0,57.0,15.0,9.0,0,1009.1,1015.3
18.0,0.0,157.5,44.0,46.0,18.0,0,1014.5,1018.8
15.8,0.0,67.5,46.0,20.0,10.0,0,1014.2,1019.5
15.3,0.0,315.0,43.0,8.0,6.0,0,1009.2,1015.1
20.1,0.0,22.5,63.0,8.0,8.0,0,1005.7,1010.5
23.8,0.0,202.5,52.0,30.0,19.0,0,1007.5,1010.1
16.0,0.0,180.0,43.0,42.0,18.0,0,1013.6,1017.3
16.6,0.0,112.5,41.0,42.0,23.0,0,1015.2,1018.8
12.4,0.0,90.0,54.0,28.0,16.0,0,1017.3,1021.7
11.9,0.0,112.5,48.0,22.0,9.0,0,1017.2,1022.4
13.8,0.0,67.5,35.0,9.0,6.0,0,1016.4,1022.0
14.2,0.0,180.0,33.0,6.0,6.0,0,1012.8,1018.0
18.8,0.0,157.5,46.0,23.0,11.0,0,1012.6,1015.9
18.3,0.0,90.0,48.0,27.0,14.0,0,1014.4,1019.6
16.6,0.0,90.0,41.0,22.0,13.0,0,1014.3,1019.0
15.8,0.0,90.0,39.0,12.0,10.0,0,1014.6,1019.2
16.9,0.0,112.5,35.0,10.0,7.0,0,1013.1,1018.0
15.7,0.0,157.5,39.0,7.0,5.0,0,1012.6,1017.2
14.9,0.0,90.0,46.0,8.0,5.0,0,1013.1,1017.2
21.3,0.0,67.5,57.0,15.0,9.0,0,1013.9,1018.4
20.7,0.0,90.0,39.0,9.0,7.0,0,1011.6,1017.0
18.7,0.0,315.0,56.0,9.0,6.0,0,1007.5,1012.8
22.6,0.0,337.5,59.0,10.0,6.0,0,1003.5,1007.7
18.7,0.0,135.0,41.0,62.0,31.0,0,1009.8,1013.1
18.5,0.0,112.5,48.0,29.0,20.0,0,1011.5,1015.3
16.5,0.0,112.5,48.0,22.0,15.0,0,1011.4,1016.4
15.7,0.0,90.0,52.0,18.0,11.0,0,1011.1,1016.3
13.3,0.0,180.0,61.0,14.0,8.0,0,1010.3,1014.8
14.7,0.0,67.5,46.0,9.0,7.0,0,1009.4,1014.1
17.4,0.0,270.0,37.0,9.0,8.0,0,1009.0,1013.9
21.1,0.0,247.5,70.0,13.0,9.0,0,1006.8,1009.9
21.1,0.0,157.5,35.0,29.0,17.0,0,1007.4,1010.2
16.6,0.0,67.5,48.0,20.0,8.0,0,1007.2,1011.1
21.7,0.0,67.5,50.0,12.0,10.0,0,1005.2,1009.3
20.0,0.0,202.5,54.0,26.0,18.0,0,1002.9,1008.1
17.9,2.6,180.0,54.0,78.0,27.0,1,1005.2,1009.5
18.3,1.0,180.0,41.0,84.0,37.0,0,1007.5,1011.4
18.0,0.4,135.0,48.0,53.0,24.0,0,1005.1,1011.2
20.1,0.2,45.0,59.0,29.0,31.0,0,1004.4,1008.0
17.9,23.2,45.0,44.0,58.0,24.0,1,1003.0,1007.9
20.8,0.0,202.5,76.0,37.0,30.0,0,1003.0,1005.7
23.3,0.0,135.0,57.0,43.0,48.0,0,1006.5,1007.9
19.4,0.0,0.0,44.0,36.0,14.0,0,1004.0,1009.1
16.5,11.4,225.0,61.0,98.0,58.0,1,1005.7,1011.0
17.0,7.8,112.5,35.0,45.0,30.0,1,1005.5,1009.4
26.1,0.0,270.0,65.0,33.0,22.0,0,1004.1,1008.5
22.7,2.4,337.5,44.0,52.0,25.0,1,1006.8,1010.3
25.7,0.2,225.0,46.0,27.0,17.0,0,1005.9,1010.4
29.3,0.0,292.5,57.0,32.0,21.0,0,1003.2,1006.9
20.9,0.0,202.5,50.0,46.0,31.0,0,1007.8,1010.4
16.6,0.0,157.5,46.0,33.0,9.0,0,1012.0,1015.8
14.9,0.0,90.0,54.0,20.0,9.0,0,1011.1,1015.8
16.2,0.0,90.0,37.0,15.0,8.0,0,1009.0,1013.5
21.4,0.0,202.5,52.0,19.0,16.0,0,1006.1,1010.8
23.3,2.4,180.0,44.0,85.0,38.0,1,1006.9,1010.0
21.3,0.0,180.0,43.0,48.0,24.0,0,1008.4,1012.8
22.0,0.0,135.0,44.0,22.0,35.0,0,1012.3,1012.2
14.1,0.6,112.5,37.0,35.0,14.0,0,1009.3,1013.4
16.0,0.0,90.0,31.0,14.0,9.0,0,1010.0,1013.9
20.7,0.0,112.5,43.0,17.0,9.0,0,1010.4,1015.2
20.6,0.0,112.5,46.0,13.0,9.0,0,1010.1,1014.1
22.2,0.0,67.5,41.0,14.0,8.0,0,1009.0,1013.5
19.7,0.0,112.5,44.0,27.0,8.0,0,1008.3,1012.5
24.4,0.0,337.5,56.0,8.0,7.0,0,1008.4,1011.7
23.3,0.0,247.5,44.0,15.0,6.0,0,1006.3,1010.6
25.5,0.0,225.0,74.0,26.0,13.0,0,1003.1,1007.9
21.2,2.6,202.5,39.0,72.0,65.0,1,1009.6,1009.3
21.4,0.4,202.5,50.0,72.0,97.0,0,1010.4,1010.6
16.6,6.6,157.5,41.0,74.0,50.0,1,1012.6,1014.2
18.0,0.0,45.0,39.0,48.0,41.0,0,1010.6,1014.1
15.9,0.0,180.0,33.0,57.0,18.0,0,1008.2,1012.0
18.7,0.0,180.0,39.0,47.0,15.0,0,1007.7,1012.2
19.5,0.0,45.0,35.0,28.0,12.0,0,1005.0,1009.9
19.5,0.0,157.5,43.0,13.0,8.0,0,1004.7,1008.4
24.5,0.0,45.0,46.0,21.0,8.0,0,1006.2,1010.4
23.8,0.0,337.5,69.0,35.0,17.0,0,1007.0,1010.3
22.1,0.0,270.0,56.0,29.0,14.0,0,1006.3,1010.1
24.7,0.0,270.0,54.0,26.0,15.0,0,1003.8,1007.5
31.0,0.0,247.5,54.0,34.0,16.0,0,1005.6,1008.1
23.1,0.0,157.5,50.0,48.0,12.0,0,1008.2,1012.0
21.5,0.0,135.0,37.0,31.0,15.0,0,1008.2,1013.3
20.0,0.0,157.5,44.0,13.0,10.0,0,1009.3,1012.7
18.3,0.0,135.0,57.0,29.0,11.0,0,1011.7,1016.0
16.0,0.0,90.0,44.0,19.0,8.0,0,1010.7,1016.4
17.2,0.0,90.0,46.0,14.0,7.0,0,1007.6,1012.8
18.4,0.0,135.0,37.0,11.0,6.0,0,1006.9,1011.3
16.5,0.0,135.0,44.0,9.0,6.0,0,1008.7,1011.6
22.5,0.0,135.0,52.0,8.0,7.0,0,1009.3,1013.2
26.2,0.0,112.5,63.0,18.0,10.0,0,1006.4,1011.0
24.9,0.0,90.0,57.0,22.0,25.0,0,1003.9,1007.2
24.4,0.2,90.0,46.0,30.0,21.0,0,1003.7,1006.7
23.3,1.0,67.5,56.0,31.0,16.0,0,1002.5,1007.2
24.0,0.4,45.0,50.0,74.0,24.127700127064802,0,1013.307750952986,1006.4
22.3,18.4,67.5,48.0,94.0,72.0,1,1003.3,1005.5
21.9,7.0,90.0,50.0,97.0,90.0,1,1005.2,1006.4
21.1,4.4,67.5,39.0,80.0,62.0,1,1005.9,1007.7
21.5,0.0,90.0,37.0,69.0,57.0,0,1005.4,1007.1
23.0,0.8,0.0,52.0,66.0,28.0,0,1003.5,1007.3
26.0,0.0,67.5,50.0,40.0,30.0,0,1004.0,1006.9
26.4,0.0,90.0,43.0,13.0,30.0,0,1004.2,1007.6
29.3,0.0,247.5,56.0,37.0,24.0,0,1002.5,1005.7
20.7,5.4,112.5,44.0,87.0,61.0,1,1010.3,1012.6
21.6,0.0,90.0,41.0,32.0,25.0,0,1007.2,1010.7
24.3,0.0,135.0,57.0,19.0,20.0,0,1003.8,1007.9
24.3,0.4,90.0,104.0,46.0,27.0,0,1003.7,1007.9
23.3,0.0,90.0,44.0,45.0,14.0,0,1003.8,1007.9
25.0,0.0,90.0,43.0,19.0,11.0,0,1002.8,1006.4
25.3,0.0,90.0,54.0,15.0,8.0,0,1002.2,1005.5
19.9,0.0,90.0,43.0,11.0,7.0,0,999.0,1002.7
27.5,0.0,135.0,46.0,32.0,14.0,0,997.9,1002.3
26.1,0.0,180.0,65.0,54.0,69.0,0,1001.5,1003.6
20.9,20.8,90.0,61.0,53.0,89.0,1,1003.0,1005.7
21.3,26.4,67.5,50.0,50.0,21.0,1,1003.4,1006.7
23.0,0.0,90.0,56.0,29.0,16.0,0,1003.3,1007.1
24.1,0.0,90.0,59.0,28.0,16.0,0,1003.1,1007.1
23.5,0.0,45.0,46.0,27.0,16.0,0,1002.4,1006.3
21.8,0.0,112.5,59.0,29.0,15.0,0,1004.5,1007.8
24.9,0.0,315.0,65.0,24.0,16.0,0,1002.4,1007.0
26.2,1.8,67.5,59.0,54.0,34.0,1,1001.2,1005.3
27.3,0.0,45.0,76.0,47.0,37.0,0,999.9,1003.6
23.3,8.6,337.5,56.0,79.0,53.0,1,1002.6,1006.0
24.9,0.0,270.0,61.0,67.0,62.0,0,998.9,1001.8
22.0,0.0,202.5,41.0,70.0,47.0,0,1002.8,1004.7
16.6,0.0,67.5,48.0,55.0,21.0,0,1006.4,1010.0
17.3,0.0,135.0,35.0,32.0,12.0,0,1006.7,1010.5
17.5,0.0,180.0,44.0,20.0,10.0,0,1005.2,1010.0
20.1,0.0,135.0,44.0,46.0,17.0,0,1007.5,1010.9
17.7,0.0,135.0,43.0,44.0,21.0,0,1010.2,1014.3
15.2,0.0,135.0,56.0,27.0,16.0,0,1013.3,1017.5
15.7,0.0,90.0,59.0,27.0,13.0,0,1012.9,1017.6
15.3,0.0,112.5,48.0,24.0,11.0,0,1010.9,1015.6
18.4,0.0,90.0,41.268372703412076,23.0,24.127700127064802,0,1013.307750952986,1014.1
14.466688269604665,0.7843626806833113,90.0,28.0,42.6641074856046,49.0,0,1010.1,1017.1014030612245
16.1,0.0,157.5,41.0,34.0,20.0,0,1008.5,1012.1
16.7,0.0,135.0,41.0,42.0,24.0,0,1011.4,1014.0
17.9,0.0,112.5,39.0,33.0,16.0,0,1011.2,1014.5
21.2,0.0,112.5,41.0,25.0,17.0,0,1011.0,1014.9
20.5,0.0,67.5,39.0,25.0,16.0,0,1011.3,1015.2
18.2,0.0,112.5,41.0,27.0,14.0,0,1011.4,1015.8
19.3,0.0,135.0,41.0,28.0,15.0,0,1011.9,1016.2
22.9,0.0,90.0,39.0,42.0,20.0,0,1010.7,1015.5
22.0,0.0,90.0,41.268372703412076,25.0,22.0,0,1010.5,1014.2
25.9,0.7843626806833113,90.0,41.268372703412076,28.0,36.0,0,1012.7,1015.8
14.466688269604665,0.7843626806833113,90.0,41.268372703412076,36.0,19.0,0,1009.8,1014.7
20.0,0.0,90.0,41.268372703412076,36.0,18.0,0,1008.6,1013.0
21.7,0.7843626806833113,90.0,41.268372703412076,26.0,13.0,0,1010.1,1013.9
14.466688269604665,0.7843626806833113,90.0,41.268372703412076,42.6641074856046,14.0,0,1011.5,1017.1014030612245
21.8,0.7843626806833113,90.0,50.0,25.0,14.0,0,1012.5,1016.7
22.4,0.0,90.0,41.268372703412076,31.0,20.0,0,1013.3,1015.7
14.466688269604665,0.7843626806833113,90.0,41.268372703412076,42.6641074856046,24.127700127064802,0,1013.307750952986,1017.1014030612245
14.466688269604665,0.7843626806833113,90.0,41.268372703412076,42.6641074856046,15.0,0,1006.7,1017.1014030612245
23.5,0.7843626806833113,135.0,37.0,36.0,20.0,0,1010.1,1014.1
20.2,0.0,112.5,44.0,27.0,19.0,0,1011.4,1015.5
20.8,0.0,67.5,39.0,25.0,20.0,0,1013.4,1017.0
23.2,0.0,67.5,69.0,23.0,16.0,0,1014.8,1019.4
20.3,0.7843626806833113,90.0,48.0,26.0,12.0,0,1011.6,1017.0
21.3,0.0,135.0,43.0,23.0,13.0,0,1011.0,1015.2
22.2,0.0,67.5,44.0,32.0,16.0,0,1011.3,1015.6
22.0,0.7843626806833113,135.0,43.0,27.0,18.0,0,1014.2,1017.2
14.466688269604665,0.7843626806833113,90.0,41.268372703412076,28.0,22.0,0,1013.8,1017.1014030612245
12.8,0.7843626806833113,135.0,43.0,35.0,19.0,0,1013.7,1018.5
12.2,0.0,90.0,37.0,33.0,17.0,0,1012.8,1017.1
11.5,0.0,22.5,30.0,25.0,12.0,0,1010.8,1015.0
13.8,0.0,90.0,31.0,28.0,14.0,0,1011.9,1016.1
17.5,0.0,0.0,28.0,23.0,9.0,0,1011.1,1014.6
18.1,0.0,0.0,39.0,22.0,9.0,0,1011.1,1014.7
18.7,0.0,202.5,48.0,21.0,22.0,0,1009.7,1014.1
19.2,3.8,225.0,41.0,54.0,24.0,1,1009.2,1014.4
20.5,0.0,202.5,50.0,32.0,21.0,0,1009.1,1012.3
19.1,3.0,90.0,41.0,87.0,49.0,1,1014.2,1017.4
16.0,0.0,67.5,35.0,79.0,45.0,0,1014.1,1018.5
16.7,0.0,90.0,39.0,42.0,31.0,0,1013.1,1017.3
19.3,3.2,90.0,35.0,94.0,96.0,1,1014.9,1017.3
18.4,6.4,180.0,37.0,98.0,96.0,1,1010.6,1012.4
16.4,65.0,90.0,41.268372703412076,100.0,24.127700127064802,1,1013.307750952986,1014.3
16.0,0.7843626806833113,90.0,41.268372703412076,98.0,63.0,0,1011.5,1012.5
14.6,0.7843626806833113,90.0,41.268372703412076,93.0,31.0,0,1011.3,1012.8
15.7,0.7843626806833113,157.5,30.0,71.0,43.0,0,1012.6,1016.4
12.5,0.0,112.5,35.0,62.0,31.0,0,1012.6,1016.4
12.6,0.0,112.5,37.0,57.0,27.0,0,1014.7,1017.9
12.6,0.0,157.5,44.0,52.0,27.0,0,1015.1,1018.7
12.5,0.0,112.5,35.0,49.0,26.0,0,1016.6,1019.9
12.7,0.0,112.5,30.0,41.0,18.0,0,1016.4,1020.3
11.4,0.0,67.5,39.0,44.0,20.0,0,1017.6,1020.6
11.4,0.0,90.0,39.0,37.0,17.0,0,1017.7,1021.1
10.4,0.0,90.0,35.0,37.0,18.0,0,1015.4,1020.3
10.3,0.0,67.5,30.0,40.0,17.0,0,1013.8,1018.0
11.3,0.0,292.5,31.0,40.0,15.0,0,1012.8,1016.5
10.1,0.0,225.0,28.0,35.0,19.0,0,1013.3,1017.2
14.466688269604665,0.7843626806833113,202.5,37.0,55.0,21.0,0,1013.0,1016.9
14.466688269604665,0.7843626806833113,135.0,30.0,47.0,20.0,0,1012.0,1015.6
14.466688269604665,0.7843626806833113,337.5,24.0,44.0,17.0,0,1010.8,1015.2
14.466688269604665,0.7843626806833113,22.5,24.0,34.0,17.0,0,1011.9,1015.8
14.466688269604665,0.7843626806833113,45.0,61.0,35.0,18.0,0,1011.3,1016.1
14.466688269604665,0.7843626806833113,0.0,44.0,42.6641074856046,33.0,0,1010.4,1014.7
14.466688269604665,0.7843626806833113,90.0,41.268372703412076,42.6641074856046,62.0,0,1017.3,1016.3
14.466688269604665,0.7843626806833113,90.0,41.268372703412076,42.6641074856046,40.0,0,1017.5,1017.1014030612245
14.466688269604665,0.7843626806833113,67.5,33.0,57.0,34.0,0,1017.3,1020.9
14.466688269604665,0.7843626806833113,90.0,41.268372703412076,58.0,34.0,0,1017.3,1020.9
14.466688269604665,0.7843626806833113,180.0,39.0,42.6641074856046,35.0,0,1015.9,1017.1014030612245
14.466688269604665,0.7843626806833113,67.5,26.0,42.6641074856046,35.0,0,1016.5,1020.0
14.466688269604665,0.7843626806833113,22.5,35.0,42.6641074856046,29.0,0,1016.9,1020.9
14.466688269604665,0.7843626806833113,90.0,28.0,52.0,28.0,0,1017.1,1020.7
14.466688269604665,0.7843626806833113,67.5,30.0,50.0,29.0,0,1016.5,1020.1
14.466688269604665,0.7843626806833113,337.5,28.0,42.6641074856046,28.0,0,1014.1,1018.3
14.466688269604665,0.7843626806833113,337.5,39.0,42.6641074856046,26.0,0,1012.5,1015.8
14.466688269604665,0.7843626806833113,90.0,35.0,67.0,35.0,0,1015.4,1018.8
14.466688269604665,0.7843626806833113,22.5,48.0,58.0,31.0,0,1017.4,1020.9
14.466688269604665,0.7843626806833113,22.5,35.0,59.0,32.0,0,1017.7,1021.5
14.466688269604665,0.7843626806833113,45.0,30.0,65.0,29.0,0,1018.3,1021.9
14.466688269604665,0.7843626806833113,225.0,30.0,56.0,22.0,0,1016.9,1020.7
14.466688269604665,0.7843626806833113,90.0,50.0,42.0,19.0,0,1016.9,1020.6
14.466688269604665,0.7843626806833113,45.0,35.0,38.0,20.0,0,1017.3,1020.9
14.466688269604665,0.7843626806833113,45.0,19.0,43.0,29.0,0,1017.4,1020.6
14.466688269604665,0.7843626806833113,112.5,24.0,48.0,27.0,0,1016.9,1019.8
14.466688269604665,0.7843626806833113,90.0,24.0,52.0,29.0,0,1017.1,1020.2
14.9,0.0,270.0,28.0,57.0,35.0,0,1017.2,1020.3
13.7,0.0,270.0,35.0,55.0,43.0,0,1015.5,1018.0
15.6,4.8,292.5,22.0,95.0,50.0,1,1014.3,1018.0
9.5,0.0,315.0,28.0,83.0,32.0,0,1014.9,1018.8
8.5,0.7843626806833113,0.0,24.0,42.6641074856046,27.0,0,1015.4,1017.1014030612245
9.9,0.0,0.0,35.0,58.0,25.0,0,1013.4,1018.5
15.8,5.6,247.5,43.0,98.0,55.0,1,1013.8,1016.4
8.1,0.0,247.5,30.0,76.0,36.0,0,1015.8,1018.5
7.4,0.0,67.5,24.0,75.0,36.0,0,1017.1,1020.6
8.4,0.0,90.0,26.0,68.0,30.0,0,1015.6,1019.6
8.4,0.0,202.5,33.0,67.0,34.0,0,1015.2,1018.0
4.3,0.0,202.5,35.0,76.0,32.0,0,1017.9,1021.5
3.4,0.0,67.5,33.0,74.0,34.0,0,1019.6,1022.4
6.3,0.0,67.5,30.0,72.0,33.0,0,1018.9,1022.3
6.6,0.0,112.5,31.0,71.0,33.0,0,1018.7,1022.2
6.3,0.0,112.5,39.0,70.0,31.0,0,1021.5,1025.0
8.0,0.0,135.0,46.0,65.0,42.0,0,1023.5,1026.3
6.2,0.0,90.0,50.0,67.0,33.0,0,1024.9,1028.1
7.3,0.0,90.0,48.0,71.0,33.0,0,1025.9,1028.8
4.4,0.0,90.0,48.0,64.0,30.0,0,1025.2,1028.4
5.4,0.0,90.0,43.0,67.0,40.0,0,1021.8,1026.1
5.3,0.0,67.5,43.0,61.0,29.0,0,1017.7,1022.9
1.5,0.0,180.0,50.0,54.0,21.0,0,1014.2,1018.2
6.8,0.0,157.5,41.0,63.0,46.0,0,1015.8,1017.7
3.6,0.0,202.5,39.0,64.0,36.0,0,1020.4,1022.7
2.5,0.0,157.5,41.0,61.0,40.0,0,1023.6,1026.5
4.6,0.0,157.5,35.0,51.0,34.0,0,1024.6,1027.6
4.0,0.0,90.0,44.0,67.0,35.0,0,1025.3,1028.8
3.1,0.0,90.0,41.0,70.0,29.0,0,1023.9,1028.5
2.0,0.0,45.0,37.0,70.0,29.0,0,1020.9,1025.7
6.8,0.0,270.0,35.0,57.0,23.0,0,1017.7,1021.0
3.4,0.0,67.5,22.0,53.0,19.0,0,1020.1,1023.3
2.8,0.0,22.5,39.0,53.0,21.0,0,1019.8,1023.9
3.5,0.0,292.5,46.0,54.0,23.0,0,1016.5,1021.4
10.8,0.0,180.0,39.0,35.0,29.0,0,1022.5,1023.3
7.3,0.0,135.0,31.0,56.0,31.0,0,1023.5,1027.0
0.2,0.0,90.0,31.0,70.0,30.0,0,1024.7,1028.0
0.0,0.0,135.0,28.0,71.0,17.0,0,1021.6,1026.3
0.1,0.0,270.0,54.0,55.0,21.0,0,1014.9,1019.7
-1.4,0.0,202.5,39.0,59.0,31.0,0,1020.8,1023.6
-0.8,0.0,157.5,33.0,75.0,36.0,0,1023.7,1026.2
-1.2,0.0,90.0,43.0,68.0,30.0,0,1026.0,1028.9
2.1,0.0,112.5,43.0,69.0,30.0,0,1026.9,1030.4
2.4,0.0,90.0,41.0,61.0,23.0,0,1022.3,1027.8
-0.7,0.0,315.0,24.0,58.0,21.0,0,1018.5,1023.1
-0.4,0.0,112.5,28.0,47.0,18.0,0,1020.7,1023.8
1.5,0.0,90.0,30.0,61.0,29.0,0,1023.7,1026.4
-0.2,0.0,67.5,26.0,59.0,22.0,0,1020.5,1025.2
-1.2,0.0,337.5,41.0,50.0,15.0,0,1014.4,1020.2
0.6,0.0,270.0,56.0,34.0,25.0,0,1010.1,1013.7
3.9,0.0,180.0,43.0,46.0,30.0,0,1017.7,1019.1
-1.9,0.0,67.5,35.0,60.0,30.0,0,1020.0,1023.6
-0.6,0.0,315.0,24.0,53.0,23.0,0,1018.8,1021.8
0.1,0.0,112.5,31.0,50.0,18.0,0,1021.0,1024.1
8.0,0.0,67.5,43.0,48.0,87.0,0,1022.6,1025.1
7.0,1.6,90.0,24.0,94.0,64.0,1,1017.8,1022.0
2.9,0.0,270.0,37.0,94.0,31.0,0,1017.7,1019.4
-0.5,0.0,112.5,26.0,60.0,24.0,0,1021.5,1024.1
2.7,0.0,135.0,43.0,53.0,26.0,0,1024.3,1026.7
7.6,0.0,67.5,44.0,69.0,45.0,0,1023.7,1027.1
8.9,0.2,90.0,35.0,61.0,36.0,0,1021.4,1024.9
6.4,0.0,337.5,28.0,44.0,22.0,0,1017.9,1021.9
4.4,0.0,292.5,37.0,51.0,25.0,0,1018.1,1021.0
7.5,0.0,337.5,41.0,51.0,24.0,0,1014.6,1019.9
10.5,1.4,247.5,52.0,87.0,35.0,1,1014.4,1017.7
-0.7,0.0,225.0,33.0,73.0,28.0,0,1016.4,1019.8
-0.6,0.0,135.0,24.0,66.0,26.0,0,1021.8,1024.6
5.5,0.0,67.5,35.0,52.0,24.0,0,1023.3,1027.2
4.7,0.0,247.5,37.0,58.0,20.0,0,1021.5,1025.8
4.3,0.0,292.5,28.0,44.0,18.0,0,1019.5,1023.4
6.4,0.0,112.5,28.0,36.0,15.0,0,1021.1,1024.4
5.5,0.0,90.0,28.0,40.0,16.0,0,1019.6,1024.3
5.5,0.0,270.0,37.0,34.0,17.0,0,1017.1,1020.6
5.0,0.0,90.0,35.0,67.0,36.0,0,1022.3,1026.0
3.9,0.0,90.0,48.0,51.0,27.0,0,1022.8,1026.7
2.9,0.0,135.0,35.0,39.0,20.0,0,1025.2,1028.2
1.8,0.0,135.0,43.0,35.0,19.0,0,1027.5,1031.0
2.4,0.0,135.0,41.0,33.0,19.0,0,1028.2,1032.4
5.0,0.0,90.0,44.0,35.0,25.0,0,1025.8,1030.2
7.5,0.0,67.5,44.0,52.0,26.0,0,1023.7,1028.5
10.5,0.0,67.5,39.0,36.0,17.0,0,1023.4,1027.0
4.4,0.0,90.0,37.0,33.0,18.0,0,1024.1,1027.7
5.3,0.0,112.5,43.0,29.0,16.0,0,1024.3,1027.9
9.7,0.0,90.0,39.0,54.0,23.0,0,1024.6,1028.2
6.1,0.0,90.0,41.0,39.0,25.0,0,1026.7,1029.7
1.9,0.0,112.5,54.0,37.0,22.0,0,1027.7,1032.0
-1.0,0.0,135.0,46.0,43.0,25.0,0,1025.7,1029.6
-1.3,0.0,180.0,39.0,43.0,22.0,0,1022.3,1026.6
0.8,0.0,135.0,41.0,57.0,31.0,0,1019.9,1023.5
0.9,0.0,157.5,30.0,60.0,23.0,0,1020.9,1024.2
0.6,0.0,67.5,30.0,46.0,20.0,0,1021.2,1025.5
0.3,0.0,67.5,24.0,39.0,18.0,0,1019.4,1024.0
1.2,0.0,90.0,28.0,43.0,16.0,0,1018.1,1022.1
2.5,0.0,270.0,48.0,36.0,15.0,0,1018.0,1021.8
3.7,0.0,90.0,26.0,32.0,12.0,0,1019.4,1023.2
4.7,0.0,67.5,31.0,23.0,11.0,0,1021.5,1024.5
8.5,0.0,112.5,50.0,29.0,13.0,0,1023.5,1027.1
7.5,0.0,90.0,52.0,31.0,15.0,0,1023.4,1028.3
4.6,0.0,45.0,31.0,31.0,10.0,0,1021.3,1026.2
3.6,0.0,112.5,35.0,24.0,9.0,0,1020.5,1023.9
5.4,0.0,90.0,37.0,29.0,11.0,0,1021.4,1025.2
4.5,0.0,45.0,31.0,33.0,14.0,0,1019.9,1024.8
4.4,0.0,90.0,31.0,31.0,12.0,0,1017.4,1022.7
4.5,0.0,315.0,30.0,25.0,8.0,0,1014.9,1019.3
6.3,0.0,202.5,41.0,16.0,13.0,0,1015.5,1018.2
9.4,0.0,90.0,48.0,45.0,29.0,0,1020.8,1025.1
6.4,0.0,337.5,28.0,29.0,18.0,0,1015.9,1022.5
11.7,0.0,247.5,50.0,27.0,14.0,0,1012.7,1016.5
14.5,0.0,67.5,33.0,39.0,30.0,0,1014.9,1019.6
11.9,0.0,90.0,31.0,39.0,17.0,0,1014.0,1018.5
11.8,0.0,337.5,39.0,32.0,10.0,0,1013.1,1018.1
9.2,0.0,315.0,70.0,21.0,10.0,0,1009.5,1014.2
11.8,0.0,247.5,48.0,27.0,13.0,0,1013.1,1015.2
6.6,0.0,90.0,43.0,30.0,14.0,0,1015.5,1020.3
9.7,0.0,90.0,28.0,28.0,10.0,0,1016.3,1019.7
12.3,0.0,67.5,39.0,23.0,10.0,0,1018.5,1023.3
9.8,0.0,45.0,46.0,26.0,11.0,0,1017.5,1022.3
7.9,0.0,202.5,35.0,18.0,8.0,0,1014.2,1018.2
12.8,0.0,90.0,30.0,28.0,10.0,0,1014.1,1018.2
14.6,0.0,67.5,46.0,30.0,14.0,0,1013.2,1018.5
17.5,0.0,67.5,52.0,32.0,18.0,0,1015.8,1020.0
16.2,0.0,180.0,76.0,28.0,10.0,0,1013.5,1019.3
15.7,0.0,90.0,33.0,23.0,10.0,0,1012.3,1017.9
15.5,0.0,90.0,41.0,20.0,10.0,0,1015.6,1019.0
12.6,0.0,67.5,56.0,35.0,13.0,0,1018.9,1023.9
9.3,0.0,45.0,50.0,17.0,5.0,0,1012.6,1019.6
12.3,0.0,202.5,46.0,35.0,23.0,0,1012.4,1014.4
9.9,0.0,202.5,44.0,68.0,32.0,0,1018.1,1021.1
8.1,0.0,90.0,39.0,54.0,21.0,0,1019.4,1023.9
10.3,0.0,67.5,33.0,31.0,8.0,0,1017.0,1021.7
9.7,0.0,337.5,35.0,22.0,9.0,0,1014.4,1020.3
10.7,0.0,292.5,44.0,15.0,8.0,0,1011.3,1014.7
13.9,0.0,337.5,41.0,25.0,10.0,0,1010.3,1014.9
20.3,0.0,157.5,39.0,14.0,9.0,0,1012.7,1015.8
20.0,0.0,90.0,52.0,28.0,15.0,0,1016.7,1022.1
18.0,0.0,90.0,44.0,23.0,10.0,0,1014.6,1020.3
15.5,0.0,292.5,56.0,16.0,10.0,0,1010.1,1015.6
23.1,0.0,157.5,41.0,18.0,12.0,0,1009.7,1014.4
19.5,0.0,0.0,48.0,11.0,8.0,0,1007.7,1012.7
19.9,0.0,180.0,50.0,12.0,8.0,0,1008.4,1009.7
15.5,0.0,112.5,48.0,28.0,16.0,0,1014.4,1018.1
15.1,0.0,90.0,50.0,21.0,11.0,0,1014.0,1019.1
13.8,0.0,225.0,35.0,13.0,7.0,0,1011.0,1016.7
16.4,0.0,180.0,43.0,27.0,8.0,0,1010.2,1014.7
12.1,0.0,135.0,30.0,30.0,13.0,0,1010.4,1016.2
11.9,0.0,202.5,37.0,12.0,6.0,0,1009.4,1013.4
12.9,0.0,135.0,48.0,30.0,16.0,0,1015.8,1017.3
15.6,0.0,90.0,48.0,22.0,8.0,0,1018.7,1023.5
10.0,0.0,67.5,41.0,17.0,8.0,0,1017.3,1022.0
8.4,0.0,45.0,39.0,10.0,6.0,0,1015.3,1020.7
9.7,0.0,90.0,39.0,9.0,5.0,0,1015.1,1020.2
10.8,0.0,45.0,43.0,8.0,4.0,0,1013.9,1018.9
9.0,0.0,337.5,48.0,6.0,3.0,0,1012.9,1017.1
11.5,0.0,22.5,52.0,5.0,3.0,0,1012.2,1016.6
15.2,0.0,337.5,44.0,9.0,7.0,0,1013.3,1016.3
22.1,0.0,135.0,48.0,16.0,7.0,0,1012.1,1016.7
18.9,0.0,0.0,41.0,11.0,7.0,0,1011.2,1014.6
21.8,0.0,112.5,43.0,15.0,8.0,0,1010.9,1014.7
21.3,0.0,292.5,50.0,13.0,9.0,0,1011.6,1016.3
24.3,0.0,315.0,44.0,11.0,8.0,0,1009.8,1014.8
21.8,0.0,157.5,48.0,35.0,20.0,0,1014.4,1016.9
19.7,0.0,90.0,48.0,20.0,13.0,0,1013.4,1017.0
20.0,0.0,67.5,39.0,14.0,9.0,0,1010.9,1015.7
26.4,0.0,180.0,61.0,20.0,22.0,0,1009.7,1014.1
20.8,0.0,247.5,78.0,43.0,19.0,0,1006.9,1009.7
17.2,0.2,135.0,50.0,57.0,31.0,0,1011.3,1015.8
18.2,0.0,90.0,46.0,27.0,19.0,0,1013.2,1017.5
18.1,0.0,247.5,85.0,19.0,13.0,0,1010.2,1015.7
18.3,0.8,135.0,50.0,55.0,15.0,0,1012.2,1016.7
20.7,0.0,90.0,41.0,22.0,10.0,0,1012.9,1018.3
19.3,0.0,0.0,41.0,17.0,9.0,0,1008.6,1015.0
18.2,0.0,337.5,48.0,12.0,9.0,0,1007.5,1011.1
25.6,0.0,225.0,43.0,30.0,17.0,0,1012.0,1015.2
24.6,0.0,180.0,48.0,30.0,20.0,0,1015.0,1017.6
20.7,0.0,90.0,48.0,11.0,9.0,0,1012.7,1017.2
23.0,0.0,90.0,44.0,9.0,7.0,0,1009.4,1014.3
19.6,0.0,67.5,41.0,6.0,5.0,0,1006.4,1012.0
23.4,0.0,315.0,85.0,6.0,9.0,0,1002.4,1007.2
20.9,2.8,202.5,44.0,84.0,81.0,1,1013.0,1012.7
18.8,3.2,202.5,37.0,60.0,43.0,1,1013.8,1015.8
16.2,0.2,90.0,35.0,45.0,34.0,0,1014.3,1017.1
16.5,0.0,22.5,39.0,30.0,15.0,0,1012.0,1016.4
17.6,0.4,67.5,31.0,44.0,25.0,0,1012.0,1016.5
20.0,0.0,202.5,56.0,24.0,15.0,0,1008.5,1014.7
24.2,0.0,202.5,52.0,46.0,22.0,0,1007.0,1012.1
21.4,0.0,292.5,54.0,40.0,12.0,0,1004.5,1009.6
21.2,0.0,270.0,76.0,28.0,14.0,0,1004.7,1009.1
20.4,1.2,292.5,54.0,39.0,14.0,1,1006.1,1009.4
23.0,0.0,157.5,41.0,25.0,16.0,0,1008.8,1011.4
23.9,0.0,90.0,46.0,24.0,20.0,0,1012.1,1015.8
19.5,0.0,90.0,44.0,21.0,11.0,0,1010.8,1015.2
18.3,0.0,67.5,43.0,9.0,10.0,0,1010.4,1014.6
20.5,0.0,292.5,37.0,13.0,11.0,0,1008.1,1013.4
23.9,0.0,202.5,50.0,8.0,12.0,0,1002.9,1007.7
21.4,0.6,180.0,52.0,22.0,12.0,0,1001.2,1005.9
22.6,0.0,247.5,65.0,29.0,13.0,0,1001.6,1007.3
24.4,0.0,337.5,52.0,33.0,17.0,0,1000.2,1004.3
23.2,0.0,337.5,41.0,46.0,13.0,0,1002.6,1007.3
25.9,0.0,90.0,50.0,42.0,17.0,0,1005.6,1010.3
26.2,0.0,90.0,70.0,32.0,19.0,0,1002.1,1007.9
24.8,0.0,157.5,56.0,18.0,17.0,0,999.2,1006.0
22.0,5.8,247.5,61.0,56.0,14.0,1,998.3,1002.5
25.0,0.0,292.5,44.0,39.0,12.0,0,1002.3,1005.2
26.0,0.0,202.5,69.0,31.0,14.0,0,1004.1,1007.4
25.0,0.2,202.5,91.0,45.0,25.0,0,1005.2,1008.8
20.2,18.4,180.0,39.0,50.0,25.0,1,1007.0,1010.4
18.6,0.2,90.0,41.0,28.0,8.0,0,1007.0,1011.7
18.4,0.0,157.5,46.0,18.0,7.0,0,1005.1,1010.0
21.4,0.0,337.5,41.0,13.0,7.0,0,1003.0,1007.8
27.3,0.0,202.5,87.0,23.0,14.0,0,1001.9,1006.1
24.4,0.0,270.0,59.0,52.0,19.0,0,1003.0,1007.0
23.2,1.6,180.0,74.0,60.0,23.0,1,1003.2,1008.1
20.1,12.8,157.5,54.0,76.0,41.0,1,1008.6,1010.3
22.7,0.0,135.0,35.0,36.0,23.0,0,1010.5,1013.7
26.3,0.0,247.5,52.0,27.0,18.0,0,1006.1,1011.5
22.1,3.8,292.5,52.0,75.0,35.0,1,1005.6,1009.2
21.2,1.8,202.5,69.0,58.0,27.0,1,1003.9,1007.5
23.8,1.0,112.5,46.0,53.0,37.0,0,1008.5,1011.6
21.8,2.0,45.0,41.0,33.0,30.0,1,1009.1,1012.1
18.6,0.0,157.5,44.0,40.0,17.0,0,1007.8,1011.8
18.0,0.0,135.0,44.0,27.0,20.0,0,1009.3,1013.0
16.9,0.0,157.5,43.0,22.0,13.0,0,1009.8,1014.1
15.1,0.0,45.0,31.0,16.0,8.0,0,1007.6,1012.6
17.3,0.0,112.5,39.0,15.0,8.0,0,1008.0,1011.9
20.1,0.0,112.5,43.0,22.0,9.0,0,1009.2,1014.0
22.5,0.0,292.5,76.0,16.0,9.0,0,1006.2,1012.1
22.6,0.0,202.5,61.0,21.0,12.0,0,1002.3,1007.8
21.6,2.2,0.0,41.0,23.0,10.0,1,1002.7,1006.6
23.5,0.0,157.5,52.0,23.0,16.0,0,1003.9,1008.1
27.3,0.0,90.0,41.0,26.0,20.0,0,1005.6,1008.4
26.1,0.0,90.0,65.0,36.0,28.0,0,1003.9,1007.2
26.5,0.0,112.5,54.0,51.0,33.0,0,1003.0,1006.9
24.1,0.4,90.0,41.0,79.0,74.0,0,1002.2,1004.8
22.4,1.8,67.5,35.0,86.0,90.0,1,1000.1,1003.1
22.5,7.2,180.0,48.0,85.0,97.0,1,997.4,999.2
16.0,8.6,180.0,50.0,89.0,76.0,1,1002.0,1001.8
15.9,6.0,180.0,35.0,80.0,52.0,1,1004.1,1006.9
18.0,0.0,225.0,39.0,64.0,32.0,0,1003.1,1006.7
22.2,0.0,202.5,35.0,43.0,26.0,0,1005.1,1008.6
19.8,0.0,157.5,41.0,29.0,16.0,0,1006.6,1010.3
19.7,0.0,135.0,44.0,29.0,14.0,0,1006.3,1010.6
19.9,0.0,90.0,48.0,24.0,9.0,0,1007.0,1010.4
20.0,0.0,45.0,39.0,17.0,10.0,0,1007.6,1010.9
21.0,0.0,45.0,39.0,23.0,10.0,0,1008.1,1011.7
21.2,0.0,337.5,44.0,45.0,14.0,0,1005.4,1009.8
28.6,0.0,247.5,48.0,27.0,8.0,0,1005.3,1007.2
24.1,0.0,225.0,52.0,33.0,16.0,0,1006.1,1009.8
21.1,0.0,157.5,39.0,22.0,12.0,0,1003.8,1008.5
21.0,0.0,90.0,39.0,23.0,11.0,0,1002.9,1007.1
23.4,0.0,292.5,48.0,22.0,13.0,0,1002.7,1005.8
25.2,0.0,90.0,50.0,15.0,15.0,0,1006.0,1009.1
25.2,0.0,90.0,43.0,24.0,19.0,0,1006.2,1010.7
23.8,0.0,45.0,43.0,19.0,21.0,0,1007.1,1010.2
19.2,0.0,90.0,46.0,22.0,11.0,0,1005.9,1009.7
15.5,0.0,90.0,44.0,21.0,9.0,0,1006.6,1010.0
14.4,0.0,157.5,48.0,17.0,8.0,0,1005.6,1009.7
20.2,0.0,225.0,41.0,17.0,9.0,0,1005.1,1008.3
22.9,0.0,135.0,41.0,16.0,9.0,0,1006.6,1009.7
23.7,0.0,90.0,56.0,17.0,12.0,0,1011.8,1015.0
17.9,0.0,67.5,50.0,17.0,7.0,0,1012.3,1016.2
18.2,0.0,112.5,57.0,21.0,11.0,0,1010.7,1014.8
18.3,0.0,90.0,44.0,19.0,9.0,0,1009.4,1012.8
18.4,0.0,135.0,43.0,19.0,9.0,0,1009.8,1013.7
19.7,0.0,90.0,33.0,23.0,10.0,0,1011.3,1014.6
21.8,0.0,112.5,46.0,22.0,11.0,0,1012.4,1015.9
24.0,0.0,67.5,57.0,18.0,10.0,0,1012.7,1017.4
22.1,0.0,90.0,65.0,16.0,9.0,0,1011.5,1015.7
22.8,0.0,135.0,44.0,15.0,9.0,0,1008.8,1013.8
23.3,0.0,90.0,48.0,10.0,6.0,0,1008.6,1013.8
24.5,0.0,67.5,46.0,18.0,9.0,0,1008.2,1012.2
26.6,0.0,67.5,43.0,17.0,10.0,0,1008.3,1012.7
23.5,0.0,67.5,48.0,19.0,10.0,0,1008.0,1011.2
24.5,0.0,45.0,57.0,20.0,11.0,0,1008.2,1012.5
25.9,0.0,135.0,44.0,28.0,17.0,0,1009.3,1012.8
25.1,0.0,135.0,52.0,34.0,15.0,0,1007.0,1012.6
25.6,0.0,67.5,43.0,14.0,10.0,0,1006.1,1010.2
23.6,0.0,67.5,44.0,21.0,10.0,0,1004.0,1007.9
24.0,0.0,67.5,50.0,26.0,13.0,0,1003.1,1006.9
24.4,0.0,157.5,50.0,26.0,40.0,0,1006.3,1007.3
20.5,5.0,157.5,52.0,71.0,29.0,1,1009.1,1012.9
20.9,0.2,90.0,46.0,38.0,20.0,0,1009.9,1014.7
21.2,0.0,90.0,39.0,23.0,20.0,0,1007.2,1012.4
24.2,0.0,135.0,41.0,19.0,16.0,0,1003.6,1008.8
24.9,0.0,225.0,48.0,20.0,19.0,0,1001.5,1005.9
26.6,0.2,225.0,46.0,28.0,26.0,0,1003.0,1004.9
25.6,0.2,112.5,54.0,49.0,25.0,0,1006.6,1009.1
27.5,0.0,90.0,39.0,28.0,16.0,0,1004.5,1008.5
26.9,0.0,90.0,56.0,21.0,12.0,0,1006.6,1009.7
25.6,0.0,90.0,52.0,18.0,12.0,0,1009.1,1013.5
25.0,0.0,135.0,50.0,34.0,17.0,0,1012.3,1017.0
23.0,0.0,90.0,41.0,31.0,19.0,0,1010.9,1015.4
22.4,0.0,90.0,37.0,18.0,11.0,0,1010.0,1013.3
18.5,0.0,67.5,31.0,31.0,13.0,0,1009.6,1013.9
21.6,0.0,67.5,41.0,27.0,16.0,0,1009.1,1013.0
23.2,0.0,90.0,43.0,25.0,16.0,0,1009.6,1013.8
20.5,0.0,90.0,44.0,23.0,14.0,0,1010.6,1014.2
20.9,0.0,157.5,48.0,20.0,9.0,0,1012.1,1016.8
18.7,0.0,112.5,48.0,24.0,11.0,0,1011.4,1016.3
19.5,0.0,90.0,41.0,22.0,11.0,0,1010.9,1015.5
15.6,0.0,67.5,39.0,14.0,7.0,0,1008.9,1013.9
15.0,0.0,270.0,46.0,10.0,7.0,0,1005.0,1010.6
23.1,0.0,157.5,43.0,27.0,15.0,0,1002.8,1006.2
23.4,0.0,90.0,37.0,24.0,15.0,0,1004.3,1007.8
24.0,0.0,202.5,59.0,16.0,10.0,0,1007.1,1009.7
24.7,0.0,157.5,59.0,28.0,19.0,0,1013.0,1016.3
21.0,0.0,67.5,44.0,35.0,20.0,0,1013.8,1018.1
18.9,0.0,202.5,57.0,23.0,16.0,0,1010.2,1015.4
22.1,0.0,180.0,44.0,66.0,35.0,0,1013.6,1016.0
19.1,0.0,90.0,43.0,36.0,28.0,0,1014.9,1018.9
20.4,0.0,112.5,33.0,27.0,24.0,0,1017.3,1019.8
18.7,0.0,90.0,46.0,27.0,20.0,0,1019.7,1022.9
17.9,0.0,90.0,46.0,27.0,16.0,0,1017.4,1022.9
17.5,0.0,67.5,37.0,21.0,13.0,0,1015.1,1019.6
21.1,0.0,45.0,35.0,21.0,36.0,0,1017.7,1019.8
15.5,0.0,45.0,41.0,44.0,17.0,0,1016.6,1021.0
14.4,0.0,67.5,39.0,32.0,15.0,0,1014.2,1019.9
15.9,0.0,180.0,43.0,23.0,12.0,0,1012.8,1015.9
22.3,0.0,157.5,31.0,53.0,40.0,0,1014.8,1017.3
17.5,0.6,90.0,46.0,67.0,25.0,0,1012.5,1017.1
20.9,0.2,135.0,39.0,54.0,26.0,0,1011.5,1015.8
20.8,0.0,180.0,44.0,52.0,28.0,0,1011.2,1014.9
12.1,0.0,157.5,46.0,45.0,24.0,0,1014.3,1018.1
12.2,0.0,112.5,44.0,45.0,21.0,0,1018.7,1022.4
9.1,0.0,90.0,44.0,31.0,14.0,0,1018.4,1024.0
10.7,0.0,67.5,41.0,41.0,19.0,0,1016.9,1022.1
11.8,0.0,90.0,35.0,25.0,11.0,0,1015.9,1020.3
11.9,0.0,45.0,31.0,22.0,10.0,0,1013.4,1018.4
11.8,0.0,337.5,22.0,20.0,8.0,0,1011.5,1016.3
13.5,0.0,292.5,41.0,17.0,8.0,0,1009.2,1014.3
14.4,0.0,0.0,41.0,18.0,9.0,0,1009.8,1012.9
19.7,0.0,112.5,33.0,33.0,13.0,0,1013.4,1016.5
22.8,0.0,202.5,48.0,38.0,43.0,0,1017.3,1017.6
14.4,0.0,180.0,39.0,62.0,42.0,0,1015.1,1019.1
12.3,0.0,90.0,39.0,65.0,28.0,0,1017.1,1020.6
13.8,0.0,112.5,50.0,48.0,27.0,0,1022.8,1025.5
12.4,0.0,90.0,57.0,42.0,21.0,0,1023.7,1027.6
10.8,0.0,90.0,57.0,32.0,13.0,0,1020.1,1025.6
12.9,0.0,90.0,39.0,34.0,20.0,0,1017.1,1021.1
15.1,0.0,135.0,52.0,23.0,28.0,0,1015.3,1018.2
10.0,0.4,202.5,39.0,29.0,20.0,0,1014.7,1017.4
4.4,0.0,157.5,39.0,52.0,25.0,0,1018.3,1022.6
8.7,0.0,112.5,33.0,51.0,25.0,0,1019.6,1023.9
9.5,0.0,90.0,43.0,50.0,28.0,0,1020.8,1024.6
9.0,0.0,90.0,46.0,47.0,28.0,0,1020.5,1025.2
7.1,0.0,90.0,41.0,42.0,23.0,0,1020.5,1025.5
6.3,0.0,90.0,37.0,38.0,19.0,0,1019.5,1022.6
4.8,0.0,67.5,28.0,31.0,9.0,0,1017.8,1021.4
11.4,0.0,112.5,30.0,18.0,8.0,0,1016.6,1020.1
11.0,0.0,67.5,24.0,17.0,7.0,0,1014.6,1019.6
10.5,0.0,202.5,44.0,18.0,7.0,0,1011.6,1015.7
13.7,0.0,202.5,48.0,27.0,15.0,0,1017.4,1021.1
6.8,0.0,112.5,46.0,53.0,24.0,0,1021.0,1024.5
8.7,0.0,67.5,50.0,46.0,23.0,0,1023.6,1027.4
8.9,0.0,90.0,46.0,52.0,27.0,0,1020.7,1025.0
6.4,0.0,112.5,30.0,41.0,23.0,0,1020.0,1023.7
6.5,0.0,135.0,31.0,42.0,21.0,0,1021.2,1024.3
3.3,0.0,90.0,46.0,48.0,24.0,0,1021.1,1025.2
10.6,0.0,157.5,37.0,59.0,31.0,0,1020.9,1024.1
8.3,0.0,90.0,54.0,53.0,29.0,0,1027.1,1029.3
4.9,0.0,90.0,59.0,46.0,20.0,0,1029.8,1033.3
3.4,0.0,90.0,54.0,52.0,24.0,0,1027.2,1032.1
2.4,0.0,90.0,54.0,56.0,24.0,0,1022.5,1027.6
3.5,0.0,67.5,39.0,49.0,23.0,0,1018.6,1024.1
7.3,0.0,315.0,39.0,48.0,15.0,0,1015.4,1019.6
9.7,0.0,45.0,28.0,36.0,20.0,0,1015.9,1018.9
14.8,0.0,157.5,35.0,57.0,32.0,0,1019.1,1021.6
7.1,0.0,135.0,39.0,62.0,26.0,0,1024.4,1028.2
3.7,0.0,90.0,67.0,55.0,32.0,0,1024.8,1028.1
4.5,0.0,67.5,39.0,53.0,24.0,0,1021.3,1025.7
9.6,0.0,90.0,26.0,36.0,23.0,0,1020.9,1023.2
11.9,0.8,90.0,22.0,82.0,46.0,0,1022.1,1024.1
12.6,0.4,67.5,28.0,67.0,31.0,0,1019.5,1024.3
15.3,0.2,90.0,35.0,53.0,29.0,0,1016.5,1021.1
15.6,3.2,67.5,26.0,90.0,49.0,1,1017.1,1020.1
16.5,0.0,157.5,46.0,88.0,59.0,0,1018.2,1021.1
14.9,0.6,180.0,26.0,98.0,100.0,0,1019.1,1022.9
12.0,10.4,90.0,33.0,94.0,67.0,1,1020.1,1022.0
12.5,0.0,90.0,41.0,73.0,55.0,0,1022.3,1023.9
9.5,0.0,90.0,30.0,61.0,36.0,0,1019.0,1024.9
10.9,0.0,270.0,35.0,59.0,35.0,0,1019.2,1021.0
8.8,0.0,135.0,31.0,74.0,32.0,0,1022.8,1025.2
9.7,0.0,67.5,43.0,64.0,28.0,0,1024.2,1027.3
8.6,0.0,67.5,39.0,62.0,21.0,0,1022.4,1027.0
7.1,0.0,135.0,24.0,54.0,22.0,0,1021.8,1025.4
3.7,0.0,135.0,24.0,53.0,21.0,0,1021.3,1024.8
7.7,0.0,135.0,43.0,47.0,22.0,0,1023.5,1026.8
10.9,0.0,112.5,44.0,73.0,44.0,0,1024.9,1027.9
6.9,0.0,90.0,41.0,74.0,38.0,0,1022.9,1027.1
6.0,0.0,90.0,28.0,67.0,35.0,0,1019.5,1024.0
9.2,0.0,45.0,24.0,65.0,36.0,0,1016.9,1021.2
9.3,0.0,67.5,33.0,72.0,35.0,0,1015.9,1019.3
10.0,0.0,292.5,26.0,83.0,31.0,0,1015.9,1018.9
9.0,0.0,180.0,39.0,64.0,37.0,0,1017.0,1019.6
6.2,0.0,67.5,31.0,76.0,39.0,0,1019.3,1022.3
4.6,0.0,67.5,33.0,81.0,37.0,0,1020.8,1023.0
5.0,0.0,90.0,33.0,66.0,36.0,0,1021.3,1025.1
5.4,0.0,67.5,26.0,68.0,32.0,0,1021.1,1025.1
6.6,0.0,45.0,24.0,60.0,24.0,0,1018.0,1022.3
4.5,0.0,315.0,39.0,41.0,16.0,0,1015.3,1019.0
6.7,0.0,202.5,39.0,51.0,28.0,0,1019.6,1020.8
7.7,0.0,135.0,35.0,76.0,36.0,0,1027.0,1028.7
4.1,0.0,90.0,46.0,71.0,40.0,0,1028.2,1031.7
3.8,0.0,90.0,39.0,73.0,37.0,0,1027.6,1031.5
2.5,0.0,90.0,41.0,69.0,40.0,0,1026.0,1029.9
4.5,0.0,67.5,35.0,69.0,39.0,0,1025.0,1028.7
7.6,0.0,112.5,33.0,67.0,37.0,0,1023.8,1027.2
6.8,0.0,112.5,35.0,81.0,35.0,0,1025.2,1028.6
5.9,0.0,90.0,30.0,70.0,32.0,0,1025.9,1030.1
5.0,0.0,67.5,31.0,59.0,30.0,0,1025.2,1029.1
2.2,0.0,67.5,30.0,55.0,24.0,0,1021.9,1026.7
0.7,0.0,112.5,44.0,54.0,23.0,0,1020.0,1024.0
1.9,0.0,202.5,19.0,49.0,24.0,0,1019.6,1022.9
2.5,0.0,135.0,24.0,50.0,23.0,0,1019.0,1022.0
4.1,0.0,90.0,35.0,58.0,26.0,0,1019.3,1022.7
3.6,0.0,45.0,33.0,47.0,20.0,0,1017.2,1021.5
5.6,0.0,0.0,52.0,47.0,20.0,0,1015.7,1019.4
4.2,0.0,180.0,37.0,60.0,35.0,0,1020.7,1022.7
3.2,0.0,180.0,46.0,62.0,29.0,0,1024.4,1026.2
0.7,0.0,135.0,35.0,60.0,35.0,0,1026.6,1030.0
0.7,0.0,112.5,35.0,72.0,36.0,0,1026.1,1030.1
1.8,0.0,90.0,28.0,78.0,38.0,0,1023.9,1027.7
5.2,0.0,135.0,39.0,75.0,39.0,0,1024.0,1026.8
2.1,0.0,112.5,39.0,54.0,33.0,0,1024.5,1027.9
2.6,0.0,90.0,37.0,57.0,31.0,0,1025.8,1029.0
1.6,0.0,90.0,41.0,65.0,29.0,0,1025.8,1029.3
0.4,0.0,67.5,39.0,62.0,29.0,0,1024.5,1029.0
0.4,0.0,90.0,30.0,51.0,13.0,0,1021.2,1026.3
0.3,0.0,337.5,46.0,31.0,12.0,0,1017.3,1021.2
7.5,0.0,90.0,31.0,51.0,27.0,0,1019.4,1021.9
13.8,0.0,180.0,35.0,49.0,24.0,0,1015.1,1019.1
13.7,8.0,157.5,22.0,92.0,67.0,1,1020.5,1022.1
11.9,1.2,112.5,22.0,73.0,83.0,1,1022.6,1024.5
11.7,0.0,180.0,30.0,76.0,60.0,0,1026.7,1028.5
5.9,0.0,90.0,44.0,81.0,43.0,0,1029.7,1033.4
3.8,0.0,90.0,41.268372703412076,73.0,31.0,0,1028.5,1033.1
2.0,0.7843626806833113,90.0,28.0,59.0,15.0,0,1024.3,1028.6
4.4,0.0,67.5,19.0,44.0,13.0,0,1022.2,1026.2
7.7,0.0,22.5,31.0,40.0,16.0,0,1017.6,1022.6
6.1,0.0,337.5,46.0,29.0,7.0,0,1015.1,1018.5
10.6,0.0,135.0,41.0,74.0,39.0,0,1022.1,1023.1
6.0,0.0,112.5,41.0,56.0,27.0,0,1026.3,1029.3
6.8,0.0,90.0,41.0,55.0,29.0,0,1025.7,1029.8
4.0,0.0,90.0,41.0,60.0,31.0,0,1023.8,1028.0
3.8,0.0,90.0,44.0,51.0,26.0,0,1022.3,1026.3
3.2,0.0,90.0,31.0,54.0,22.0,0,1021.1,1024.9
4.3,0.0,0.0,35.0,51.0,14.0,0,1017.0,1022.2
3.7,0.0,292.5,46.0,31.0,12.0,0,1015.1,1018.7
5.5,0.0,90.0,28.0,38.0,21.0,0,1017.2,1021.5
8.5,0.0,247.5,39.0,28.0,8.0,0,1017.8,1021.2
4.4,0.0,157.5,41.0,54.0,27.0,0,1022.9,1025.6
2.7,0.0,90.0,35.0,54.0,26.0,0,1022.9,1027.2
2.5,0.0,90.0,35.0,48.0,20.0,0,1023.8,1027.2
6.1,0.0,90.0,41.0,49.0,23.0,0,1025.7,1029.4
5.9,0.0,135.0,30.0,43.0,21.0,0,1023.5,1028.4
4.9,0.0,180.0,44.0,35.0,16.0,0,1021.6,1025.6
5.3,0.0,22.5,24.0,33.0,15.0,0,1019.2,1023.0
5.6,0.0,315.0,37.0,26.0,10.0,0,1015.9,1020.3
15.2,0.0,0.0,54.0,21.0,12.0,0,1012.3,1017.6
12.3,0.0,247.5,43.0,57.0,26.0,0,1012.6,1016.6
11.6,0.0,315.0,56.0,44.0,19.0,0,1011.2,1015.3
13.5,0.0,270.0,46.0,31.0,16.0,0,1016.4,1017.8
4.8,0.0,112.5,35.0,59.0,24.0,0,1019.8,1024.3
8.9,0.0,90.0,44.0,54.0,44.0,0,1020.2,1023.5
8.7,0.4,90.0,43.0,77.0,47.0,0,1018.8,1022.9
8.9,0.0,67.5,43.0,64.0,35.0,0,1020.1,1024.6
12.7,0.0,90.0,46.0,36.0,32.0,0,1020.5,1023.6
6.6,0.0,67.5,28.0,36.0,27.0,0,1019.0,1023.6
9.5,0.0,202.5,44.0,29.0,17.0,0,1016.7,1021.0
13.4,1.0,315.0,57.0,65.0,29.0,0,1013.1,1018.4
15.1,0.4,292.5,50.0,68.0,18.0,0,1007.2,1012.0
8.1,0.2,202.5,54.0,34.0,22.0,0,1017.6,1019.6
5.0,0.0,135.0,31.0,49.0,19.0,0,1019.9,1024.2
7.5,0.0,67.5,35.0,51.0,19.0,0,1019.5,1024.2
6.2,0.0,45.0,22.0,38.0,14.0,0,1016.2,1021.8
8.5,0.0,180.0,43.0,27.0,12.0,0,1015.1,1017.9
13.0,0.0,112.5,43.0,31.0,22.0,0,1020.8,1024.5
9.1,0.0,90.0,41.0,33.0,20.0,0,1022.7,1026.8
7.9,0.0,67.5,44.0,31.0,16.0,0,1024.1,1028.6
6.1,0.0,45.0,44.0,35.0,14.0,0,1023.1,1028.9
7.2,0.0,22.5,31.0,30.0,9.0,0,1019.0,1024.8
8.7,0.0,337.5,30.0,17.0,8.0,0,1016.9,1021.5
7.9,0.0,315.0,46.0,13.0,6.0,0,1013.4,1018.3
11.2,0.0,247.5,35.0,41.0,14.0,0,1015.1,1018.0
12.6,0.0,157.5,48.0,33.0,14.0,0,1014.6,1019.0
12.1,0.0,112.5,37.0,28.0,17.0,0,1018.2,1021.7
10.9,0.0,112.5,43.0,33.0,19.0,0,1021.0,1024.9
13.5,0.0,90.0,41.0,28.0,16.0,0,1019.8,1024.6
9.2,0.0,90.0,28.0,21.0,10.0,0,1015.8,1021.0
8.4,0.0,225.0,37.0,17.0,9.0,0,1014.6,1018.5
12.4,0.0,90.0,39.0,48.0,23.0,0,1020.0,1024.1
8.1,0.0,112.5,50.0,39.0,17.0,0,1022.9,1027.0
8.9,0.0,90.0,56.0,28.0,15.0,0,1022.4,1027.5
7.0,0.0,67.5,50.0,24.0,10.0,0,1021.1,1026.4
7.1,0.0,90.0,43.0,19.0,9.0,0,1019.2,1024.9
7.4,0.0,90.0,39.0,18.0,9.0,0,1018.3,1023.0
7.3,0.0,135.0,35.0,16.0,8.0,0,1017.1,1021.3
6.7,0.0,67.5,35.0,16.0,8.0,0,1015.8,1019.9
8.3,0.0,67.5,39.0,14.0,7.0,0,1016.8,1020.1
10.0,0.0,45.0,41.0,9.0,6.0,0,1019.8,1022.7
12.3,0.0,112.5,39.0,16.0,7.0,0,1021.7,1026.9
14.7,0.0,67.5,37.0,13.0,6.0,0,1021.7,1026.6
12.5,0.0,45.0,41.0,9.0,4.0,0,1020.3,1025.8
13.7,0.0,90.0,41.0,13.0,8.0,0,1017.7,1022.7
13.9,0.0,22.5,48.0,11.0,6.0,0,1013.7,1020.3
12.2,0.0,180.0,52.0,10.0,5.0,0,1012.7,1016.0
16.0,0.0,112.5,44.0,35.0,17.0,0,1017.6,1022.5
18.4,0.0,67.5,46.0,18.0,9.0,0,1017.5,1022.6
17.5,0.0,45.0,46.0,11.0,7.0,0,1017.7,1022.4
15.5,0.0,67.5,44.0,15.0,9.0,0,1017.5,1022.1
15.9,0.0,135.0,48.0,12.0,8.0,0,1015.1,1019.4
16.7,0.0,112.5,46.0,6.0,7.0,0,1015.5,1020.3
19.1,0.0,90.0,46.0,19.0,9.0,0,1014.5,1019.3
18.8,0.0,292.5,37.0,15.0,8.0,0,1012.2,1017.2
19.0,0.0,315.0,39.0,11.0,7.0,0,1010.5,1015.1
24.9,0.0,180.0,69.0,23.0,8.0,0,1010.9,1015.2
23.2,0.0,0.0,65.0,26.0,10.0,0,1012.4,1017.4
21.8,0.0,45.0,41.0,14.0,9.0,0,1013.8,1018.8
18.2,0.0,292.5,46.0,10.0,9.0,0,1012.5,1017.1
25.2,0.0,157.5,48.0,35.0,15.0,0,1011.1,1016.2
18.5,0.0,90.0,43.0,29.0,16.0,0,1013.8,1019.3
19.1,0.0,90.0,50.0,24.0,10.0,0,1013.8,1018.6
18.2,0.0,67.5,44.0,13.0,8.0,0,1011.7,1017.0
22.7,0.0,67.5,48.0,11.0,15.0,0,1011.8,1017.7
22.6,0.0,315.0,56.0,25.0,7.0,0,1010.7,1015.8
26.3,0.0,247.5,50.0,20.0,11.0,0,1012.3,1015.4
24.3,0.0,90.0,43.0,22.0,10.0,0,1012.5,1016.9
23.0,0.0,292.5,54.0,16.0,12.0,0,1011.1,1015.3
23.4,0.4,0.0,56.0,38.0,25.0,0,1013.9,1016.6
21.8,0.0,225.0,57.0,34.0,16.0,0,1010.2,1015.0
21.4,1.0,247.5,39.0,32.0,9.0,0,1007.7,1012.4
22.6,0.0,90.0,43.0,14.0,9.0,0,1006.7,1011.7
26.4,0.0,292.5,69.0,20.0,7.0,0,1000.3,1005.8
21.7,0.8,90.0,41.268372703412076,38.0,15.0,0,1003.0,1006.9
16.0,0.7843626806833113,247.5,41.0,40.0,13.0,0,1007.2,1011.9
14.1,0.0,90.0,30.0,35.0,12.0,0,1008.8,1013.8
18.3,0.0,180.0,39.0,20.0,7.0,0,1006.7,1012.1
25.1,0.0,0.0,46.0,17.0,10.0,0,1007.2,1011.9
27.5,0.0,270.0,44.0,19.0,40.0,0,1013.7,1015.9
19.9,0.0,22.5,44.0,58.0,17.0,0,1010.8,1014.5
20.1,0.0,225.0,39.0,46.0,27.0,0,1009.5,1011.6
18.0,0.0,45.0,35.0,18.0,10.0,0,1008.4,1012.0
22.7,0.0,315.0,46.0,15.0,8.0,0,1009.8,1013.7
24.8,0.0,135.0,48.0,20.0,9.0,0,1011.7,1016.4
21.3,0.0,112.5,48.0,17.0,10.0,0,1011.9,1016.2
18.9,0.0,90.0,44.0,12.0,7.0,0,1010.8,1015.2
15.7,0.0,45.0,31.0,11.0,5.0,0,1009.4,1013.4
18.4,0.0,135.0,44.0,9.0,6.0,0,1009.5,1013.8
19.6,0.0,112.5,39.0,8.0,5.0,0,1009.5,1014.3
20.5,0.0,292.5,50.0,7.0,4.0,0,1008.4,1012.8
25.9,0.0,180.0,57.0,36.0,17.0,0,1010.4,1014.5
20.8,0.0,90.0,50.0,24.0,11.0,0,1013.4,1018.8
20.5,0.0,90.0,44.0,16.0,9.0,0,1011.8,1016.6
22.2,0.0,90.0,44.0,13.0,9.0,0,1011.6,1016.3
22.7,0.0,67.5,43.0,14.0,8.0,0,1008.0,1014.0
23.1,0.0,225.0,69.0,7.0,8.0,0,1002.7,1006.1
23.4,0.0,67.5,43.0,35.0,23.0,0,1010.2,1013.1
21.3,0.0,67.5,46.0,22.0,14.0,0,1009.7,1013.9
22.6,0.0,270.0,46.0,16.0,12.0,0,1008.6,1013.1
22.2,0.0,247.5,57.0,21.0,20.0,0,1006.6,1010.4
20.4,0.0,225.0,54.0,30.0,16.0,0,1004.4,1008.2
19.4,0.4,112.5,61.0,24.0,14.0,0,1010.0,1012.8
22.9,0.0,90.0,52.0,23.0,17.0,0,1015.0,1018.4
17.7,0.0,45.0,39.0,17.0,7.0,0,1012.1,1018.3
20.4,0.0,202.5,33.0,10.0,8.0,0,1009.8,1015.1
20.0,0.0,337.5,57.0,9.0,10.0,0,1005.3,1010.5
26.6,0.0,292.5,61.0,47.0,35.0,0,1009.6,1011.7
19.9,15.2,247.5,56.0,92.0,49.0,1,1009.0,1012.9
19.8,4.6,315.0,37.0,67.0,26.0,1,1009.9,1013.2
24.9,0.2,202.5,57.0,25.0,12.0,0,1009.4,1013.7
26.9,0.0,0.0,61.0,27.0,19.0,0,1008.4,1012.1
24.4,0.0,202.5,46.0,38.0,21.0,0,1006.4,1010.3
24.1,0.0,67.5,41.0,35.0,20.0,0,1008.1,1012.6
25.7,0.0,225.0,69.0,24.0,13.0,0,1005.7,1010.1
30.2,0.0,270.0,44.0,26.0,20.0,0,1005.3,1008.0
23.5,3.8,90.0,33.0,62.0,39.0,1,1009.1,1010.9
19.4,0.0,90.0,43.0,34.0,21.0,0,1005.7,1010.3
22.2,0.0,90.0,59.0,37.0,20.0,0,1004.9,1008.8
22.8,0.0,45.0,41.0,42.0,22.0,0,1004.1,1008.4
23.4,0.0,67.5,39.0,44.0,18.0,0,1000.8,1005.8
23.8,0.0,157.5,43.0,66.0,63.0,0,1004.9,1006.9
23.6,4.8,90.0,44.0,64.0,43.0,1,1007.5,1009.7
24.2,0.0,90.0,41.268372703412076,67.0,43.0,0,1008.2,1012.7
24.0,0.7843626806833113,67.5,39.0,51.0,25.0,0,1005.0,1010.6
28.2,0.0,225.0,83.0,35.0,21.0,0,1001.0,1005.9
23.4,2.0,180.0,67.0,49.0,20.0,1,999.8,1003.4
18.0,0.2,157.5,52.0,51.0,29.0,0,1007.0,1010.6
20.5,0.0,90.0,52.0,23.0,12.0,0,1010.1,1013.2
18.0,0.0,112.5,54.0,17.0,7.0,0,1010.9,1014.7
17.5,0.0,90.0,56.0,12.0,7.0,0,1007.5,1012.6
20.0,0.0,90.0,59.0,12.0,12.0,0,1002.6,1007.2
19.3,0.0,135.0,56.0,46.0,18.0,0,1003.7,1007.3
18.7,0.0,135.0,56.0,45.0,17.0,0,1006.3,1009.9
20.0,0.0,135.0,50.0,40.0,15.0,0,1007.5,1012.1
20.6,0.0,202.5,54.0,25.0,13.0,0,1007.1,1010.8
21.0,0.0,202.5,54.0,17.0,11.0,0,1007.6,1011.4
21.3,0.0,202.5,46.0,13.0,8.0,0,1008.2,1012.2
20.7,0.0,135.0,41.0,13.0,9.0,0,1008.9,1012.4
23.9,0.0,112.5,56.0,16.0,11.0,0,1009.5,1013.4
14.466688269604665,0.0,90.0,41.268372703412076,19.0,12.0,0,1009.7,1013.0
28.8,0.7843626806833113,315.0,48.0,17.0,13.0,0,1011.0,1013.7
27.8,0.0,292.5,56.0,18.0,15.0,0,1009.3,1013.3
28.4,0.0,337.5,43.0,40.0,23.0,0,1008.2,1010.5
25.7,0.0,202.5,57.0,42.0,25.0,0,1007.8,1010.4
21.7,0.4,180.0,56.0,44.0,25.0,0,1008.3,1012.2
21.6,0.0,157.5,63.0,68.0,55.0,0,1015.7,1016.4
18.8,0.0,90.0,52.0,60.0,37.0,0,1015.1,1019.4
20.0,0.0,67.5,31.0,29.0,18.0,0,1012.0,1016.5
21.4,0.0,67.5,30.0,20.0,12.0,0,1008.8,1013.7
24.7,0.0,90.0,33.0,25.0,14.0,0,1006.2,1010.0
24.6,0.0,270.0,46.0,36.0,46.0,0,1009.6,1009.8
22.6,0.0,90.0,41.268372703412076,54.0,27.0,0,1006.4,1012.0
22.4,0.7843626806833113,90.0,41.268372703412076,81.0,40.0,0,1006.2,1010.9
23.1,1.8,90.0,41.268372703412076,69.0,34.0,1,1007.6,1010.7
24.1,0.0,90.0,41.268372703412076,44.0,29.0,0,1010.1,1013.8
25.1,0.0,90.0,41.268372703412076,35.0,19.0,0,1009.0,1013.3
23.5,0.0,90.0,41.268372703412076,23.0,13.0,0,1009.3,1012.0
22.7,0.0,90.0,41.268372703412076,21.0,16.0,0,1007.8,1009.6
25.6,0.0,90.0,41.268372703412076,26.0,23.0,0,1007.1,1009.6
25.6,0.0,90.0,41.268372703412076,39.0,27.0,0,1007.1,1010.9
24.5,0.0,90.0,41.268372703412076,34.0,24.0,0,1006.5,1010.7
20.0,0.0,90.0,41.268372703412076,28.0,21.0,0,1003.5,1009.1
24.9,0.0,90.0,41.268372703412076,45.0,50.0,0,1000.2,1004.4
23.4,58.4,90.0,41.268372703412076,78.0,34.0,1,998.5,1002.3
14.466688269604665,0.7843626806833113,90.0,41.268372703412076,42.6641074856046,39.0,0,1003.8,1017.1014030612245
20.6,0.7843626806833113,180.0,39.0,50.0,32.0,0,1008.7,1011.5
19.7,0.0,157.5,39.0,34.0,22.0,0,1009.4,1014.3
18.0,0.0,157.5,39.0,28.0,16.0,0,1008.3,1012.4
18.2,0.0,90.0,44.0,24.0,17.0,0,1007.4,1010.8
22.5,0.0,135.0,50.0,22.0,11.0,0,1009.6,1012.6
23.8,0.7843626806833113,90.0,41.268372703412076,27.0,16.0,0,1010.8,1015.2
22.5,0.0,90.0,46.0,18.0,12.0,0,1009.4,1014.1
21.6,0.0,135.0,41.0,20.0,10.0,0,1007.9,1012.2
23.0,0.0,180.0,46.0,12.0,8.0,0,1007.7,1011.5
20.9,0.0,90.0,39.0,11.0,9.0,0,1007.9,1012.4
22.0,0.0,225.0,31.0,12.0,8.0,0,1007.0,1011.1
22.6,0.0,135.0,43.0,25.0,7.0,0,1006.9,1011.2
23.0,0.0,157.5,41.0,29.0,15.0,0,1009.5,1013.8
21.3,0.0,90.0,43.0,28.0,18.0,0,1011.0,1014.9
19.8,0.0,90.0,43.0,24.0,16.0,0,1008.8,1013.7
20.6,0.0,337.5,39.0,20.0,13.0,0,1003.9,1009.1
22.7,0.0,315.0,46.0,28.0,24.0,0,1005.0,1008.7
20.6,1.0,90.0,35.0,31.0,25.0,0,1008.8,1012.9
22.9,0.0,292.5,30.0,81.0,70.0,0,1013.0,1015.2
22.6,9.0,67.5,28.0,60.0,17.0,1,1011.2,1015.2
23.4,0.0,202.5,44.0,42.0,17.0,0,1006.2,1010.9
27.3,0.0,202.5,57.0,45.0,26.0,0,1006.0,1008.3
28.0,0.0,270.0,54.0,45.0,27.0,0,1009.1,1011.5
22.0,1.8,112.5,39.0,44.0,28.0,1,1013.0,1016.5
21.7,0.0,90.0,39.0,23.0,16.0,0,1012.8,1016.9
20.6,0.0,157.5,37.0,20.0,13.0,0,1011.6,1016.1
21.7,0.0,90.0,35.0,18.0,10.0,0,1010.7,1015.3
19.4,0.0,90.0,31.0,17.0,8.0,0,1009.4,1013.2
19.5,0.0,112.5,44.0,13.0,10.0,0,1009.9,1013.8
27.7,0.0,112.5,46.0,30.0,14.0,0,1009.6,1014.3
24.3,0.0,45.0,39.0,32.0,13.0,0,1006.5,1012.1
27.0,0.0,270.0,67.0,26.0,18.0,0,1006.6,1010.4
22.6,7.4,135.0,54.0,56.0,26.0,1,1006.7,1010.7
22.5,0.0,112.5,43.0,60.0,32.0,0,1007.9,1011.4
21.6,7.4,225.0,54.0,73.0,41.0,1,1008.8,1011.5
20.9,2.2,90.0,39.0,73.0,45.0,1,1009.4,1013.1
23.5,0.2,180.0,33.0,67.0,32.0,0,1009.8,1013.9
24.3,0.0,180.0,33.0,55.0,28.0,0,1008.7,1012.9
24.6,0.0,90.0,43.0,53.0,26.0,0,1008.8,1012.9
26.1,0.0,135.0,43.0,64.0,33.0,0,1007.3,1011.9
20.8,1.4,135.0,48.0,80.0,47.0,1,1008.8,1012.4
22.2,0.0,90.0,39.0,69.0,37.0,0,1007.1,1011.5
23.8,0.0,67.5,33.0,54.0,28.0,0,1005.0,1009.4
26.2,0.0,270.0,41.0,44.0,24.0,0,1002.6,1007.1
23.0,9.4,112.5,37.0,76.0,43.0,1,1006.6,1009.8
21.5,0.0,112.5,31.0,53.0,32.0,0,1008.2,1012.3
22.5,0.0,180.0,35.0,30.0,32.0,0,1008.3,1012.8
22.5,0.4,67.5,31.0,24.0,23.0,0,1010.3,1013.1
20.7,0.0,270.0,37.0,26.0,20.0,0,1009.2,1012.5
22.2,0.0,247.5,37.0,47.0,33.0,0,1010.8,1013.7
22.2,0.0,157.5,31.0,27.0,18.0,0,1013.0,1016.5
22.3,0.0,202.5,37.0,51.0,24.0,0,1014.4,1018.5
19.1,0.0,112.5,33.0,48.0,29.0,0,1014.8,1019.5
18.5,0.0,67.5,33.0,34.0,22.0,0,1011.9,1017.3
22.6,0.0,157.5,33.0,33.0,27.0,0,1009.7,1012.6
16.8,0.4,180.0,33.0,69.0,38.0,0,1015.3,1018.6
14.7,0.2,135.0,31.0,49.0,26.0,0,1016.7,1021.4
14.2,0.0,90.0,31.0,38.0,21.0,0,1013.7,1018.5
15.3,0.0,247.5,35.0,29.0,17.0,0,1011.6,1015.3
17.1,0.0,135.0,35.0,30.0,13.0,0,1015.0,1018.6
19.1,0.0,67.5,35.0,25.0,13.0,0,1017.0,1020.8
18.2,0.0,90.0,30.0,29.0,13.0,0,1013.1,1018.6
15.4,0.0,315.0,33.0,27.0,10.0,0,1009.5,1014.0
19.1,0.0,157.5,37.0,53.0,26.0,0,1013.9,1015.5
19.9,0.0,112.5,33.0,54.0,36.0,0,1017.1,1019.3
14.1,0.0,90.0,31.0,54.0,27.0,0,1015.9,1020.7
17.2,0.0,67.5,31.0,42.0,25.0,0,1015.8,1020.0
18.1,0.0,180.0,35.0,33.0,19.0,0,1017.7,1021.3
17.1,0.0,135.0,31.0,34.0,20.0,0,1019.3,1024.3
14.2,0.0,135.0,31.0,44.0,20.0,0,1018.7,1023.6
13.6,0.0,112.5,33.0,42.0,21.0,0,1017.4,1022.0
16.3,0.0,90.0,31.0,35.0,19.0,0,1017.4,1020.9
17.8,0.0,90.0,31.0,31.0,14.0,0,1016.6,1020.6
14.0,0.0,157.5,35.0,24.0,14.0,0,1017.0,1020.8
14.6,0.0,112.5,33.0,43.0,23.0,0,1015.4,1020.3
14.0,0.0,270.0,30.0,35.0,15.0,0,1011.6,1016.1
13.5,0.0,247.5,31.0,30.0,12.0,0,1010.3,1013.4
18.8,0.0,202.5,31.0,44.0,24.0,0,1013.8,1016.6
18.6,0.0,90.0,35.0,60.0,29.0,0,1016.9,1019.5
15.6,0.0,135.0,33.0,58.0,28.0,0,1019.5,1023.8
16.9,0.0,90.0,31.0,45.0,25.0,0,1019.4,1023.8
12.1,0.0,90.0,31.0,42.0,21.0,0,1017.9,1022.7
9.6,0.0,90.0,30.0,28.0,13.0,0,1017.1,1021.7
11.0,0.0,0.0,33.0,28.0,12.0,0,1013.1,1018.0
13.2,0.0,0.0,28.0,25.0,14.0,0,1011.7,1015.1
15.4,0.0,337.5,37.0,26.0,12.0,0,1009.6,1013.9
22.2,0.0,247.5,26.0,43.0,37.0,0,1013.7,1014.9
18.7,0.2,225.0,31.0,65.0,33.0,0,1012.5,1014.9
17.2,0.0,90.0,33.0,37.0,35.0,0,1017.3,1018.0
14.9,0.0,157.5,20.0,47.0,17.0,0,1015.8,1018.7
13.9,0.0,225.0,33.0,39.0,19.0,0,1015.0,1018.5
8.2,0.0,90.0,31.0,29.0,14.0,0,1014.8,1019.5
13.5,0.0,247.5,33.0,34.0,45.0,0,1013.6,1016.7
18.0,20.2,90.0,24.0,97.0,77.0,1,1012.3,1015.5
16.6,11.4,0.0,37.0,100.0,100.0,1,1006.4,1011.3
16.3,39.0,270.0,35.0,79.0,40.0,1,1006.0,1008.8
8.3,0.0,225.0,28.0,62.0,44.0,0,1015.1,1016.0
7.9,0.0,157.5,26.0,75.0,45.0,0,1022.5,1024.3
9.5,0.0,112.5,26.0,68.0,36.0,0,1023.2,1026.8
8.8,0.0,90.0,24.0,74.0,27.0,0,1020.2,1023.9
8.0,0.0,90.0,24.0,63.0,23.0,0,1019.0,1023.2
7.4,0.0,45.0,20.0,59.0,16.0,0,1019.1,1022.4
7.3,0.0,67.5,22.0,43.0,13.0,0,1016.8,1021.1
11.1,0.0,180.0,48.0,40.0,14.0,0,1015.8,1019.0
11.5,0.0,90.0,24.0,38.0,16.0,0,1016.3,1019.2
13.9,0.0,90.0,24.0,40.0,20.0,0,1017.4,1020.6
12.8,0.0,90.0,24.0,50.0,23.0,0,1017.3,1021.6
14.6,0.0,67.5,24.0,52.0,30.0,0,1016.8,1019.6
13.8,0.0,0.0,31.0,51.0,26.0,0,1012.5,1017.8
12.7,0.0,247.5,31.0,49.0,41.0,0,1015.3,1015.8
13.1,1.2,112.5,28.0,61.0,55.0,1,1020.8,1022.8
11.5,0.2,90.0,28.0,44.0,32.0,0,1015.7,1020.0
12.1,0.0,315.0,28.0,65.0,35.0,0,1011.5,1015.2
13.7,0.0,270.0,30.0,66.0,32.0,0,1011.8,1014.5
10.6,0.0,202.5,26.0,48.0,34.0,0,1018.9,1021.3
7.0,0.0,67.5,26.0,67.0,37.0,0,1016.7,1020.6
8.0,0.0,315.0,28.0,69.0,35.0,0,1014.6,1018.3
11.8,0.2,337.5,24.0,96.0,96.0,0,1016.4,1017.7
13.7,2.4,67.5,22.0,100.0,63.0,1,1017.3,1020.3
14.2,15.2,67.5,24.0,100.0,72.0,1,1018.2,1020.5
14.2,0.2,157.5,20.0,100.0,99.0,0,1016.4,1018.7
14.3,1.4,135.0,24.0,85.0,56.0,1,1017.7,1020.1
8.9,0.0,67.5,24.0,86.0,51.0,0,1016.3,1020.5
11.6,0.0,202.5,20.0,72.0,47.0,0,1012.7,1015.9
15.2,0.2,22.5,24.0,100.0,71.0,0,1014.0,1016.1
15.5,5.6,337.5,24.0,100.0,71.0,1,1006.9,1011.7
13.7,7.0,315.0,24.0,68.0,42.0,1,1013.5,1012.8
6.1,0.0,135.0,24.0,81.0,48.0,0,1022.8,1023.9
5.2,0.0,90.0,41.268372703412076,76.0,38.0,0,1025.0,1027.9
7.2,0.0,90.0,41.268372703412076,74.0,40.0,0,1027.6,1030.5
4.8,0.0,90.0,41.268372703412076,70.0,39.0,0,1027.4,1032.1
5.7,0.0,90.0,41.268372703412076,68.0,29.0,0,1022.0,1027.7
8.0,0.0,90.0,41.268372703412076,70.0,35.0,0,1021.2,1024.6
7.9,0.0,90.0,41.268372703412076,79.0,44.0,0,1017.7,1022.3
12.5,0.2,90.0,41.268372703412076,82.0,45.0,0,1015.2,1018.5
8.2,0.0,90.0,41.268372703412076,79.0,40.0,0,1013.3,1016.9
8.7,0.0,90.0,41.268372703412076,80.0,46.0,0,1016.8,1019.7
3.4,0.0,90.0,41.268372703412076,77.0,40.0,0,1017.3,1020.3
2.2,0.0,90.0,41.268372703412076,80.0,23.0,0,1014.1,1017.4
7.8,0.0,90.0,41.268372703412076,57.0,25.0,0,1011.5,1013.9
12.3,0.0,90.0,41.268372703412076,79.0,62.0,0,1014.1,1016.8
14.2,0.7843626806833113,90.0,41.268372703412076,81.0,67.0,0,1014.6,1015.2
3.2,0.7843626806833113,90.0,44.0,83.0,39.0,0,1019.0,1022.4
8.8,0.6,90.0,35.0,85.0,99.0,0,1014.9,1020.1
10.2,42.0,202.5,43.0,95.0,52.0,1,1018.4,1018.7
2.9,0.0,67.5,35.0,88.0,51.0,0,1021.9,1024.6
3.4,0.0,67.5,39.0,82.0,41.0,0,1021.5,1025.4
2.6,0.0,337.5,19.0,83.0,34.0,0,1019.5,1023.3
7.3,0.0,135.0,28.0,66.0,33.0,0,1020.3,1022.4
11.3,2.4,90.0,35.0,89.0,78.0,1,1026.2,1027.4
9.4,4.8,90.0,39.0,82.0,57.0,1,1026.1,1029.1
4.1,0.0,90.0,26.0,81.0,46.0,0,1019.9,1025.1
8.3,0.0,202.5,39.0,84.0,63.0,0,1019.1,1018.8
4.2,0.2,135.0,30.0,94.0,52.0,0,1022.9,1025.9
5.1,0.0,90.0,33.0,68.0,40.0,0,1021.9,1025.7
8.9,0.2,112.5,50.0,68.0,52.0,0,1018.4,1020.5
5.2,0.0,0.0,28.0,74.0,31.0,0,1015.9,1020.0
8.6,0.0,337.5,65.0,57.0,25.0,0,1010.1,1015.4
12.4,13.6,247.5,43.0,78.0,61.0,1,1013.3,1015.4
3.0,0.2,270.0,24.0,84.0,41.0,0,1016.2,1018.6
5.3,0.0,157.5,31.0,81.0,42.0,0,1024.0,1024.4
2.4,0.0,112.5,52.0,67.0,45.0,0,1027.8,1030.1
0.6,0.0,90.0,46.0,76.0,40.0,0,1027.5,1031.7
-0.3,0.0,90.0,48.0,66.0,28.0,0,1026.1,1029.9
0.9,0.0,90.0,43.0,68.0,25.0,0,1023.8,1028.3
-0.5,0.0,112.5,20.0,65.0,17.0,0,1020.0,1024.3
2.7,0.0,90.0,26.0,61.0,41.0,0,1017.0,1020.8
7.1,0.0,292.5,24.0,83.0,34.0,0,1016.2,1019.2
8.3,0.0,0.0,24.0,79.0,39.0,0,1016.9,1019.7
8.3,0.0,315.0,44.0,78.0,31.0,0,1014.4,1017.9
10.1,0.0,270.0,37.0,65.0,31.0,0,1015.6,1017.6
11.6,0.0,67.5,31.0,45.0,35.0,0,1018.5,1021.6
10.9,0.0,180.0,39.0,46.0,27.0,0,1020.6,1022.7
4.6,0.0,90.0,35.0,59.0,30.0,0,1020.8,1024.9
3.4,0.0,67.5,37.0,58.0,22.0,0,1021.3,1024.4
3.0,0.0,112.5,30.0,59.0,28.0,0,1025.5,1027.6
5.4,0.0,90.0,37.0,68.0,29.0,0,1025.1,1029.9
6.7,0.0,90.0,26.0,60.0,24.0,0,1021.2,1025.9
2.7,0.0,202.5,20.0,57.0,14.0,0,1018.2,1022.8
5.6,0.0,292.5,39.0,45.0,12.0,0,1014.1,1018.7
11.7,0.0,180.0,59.0,47.0,38.0,0,1019.9,1020.0
5.1,0.0,135.0,56.0,65.0,27.0,0,1022.7,1026.3
2.7,0.0,90.0,50.0,57.0,29.0,0,1023.4,1027.1
1.0,0.0,67.5,43.0,56.0,28.0,0,1022.2,1026.1
1.9,0.0,67.5,39.0,56.0,22.0,0,1020.9,1025.0
2.5,0.0,315.0,26.0,45.0,18.0,0,1018.0,1022.3
3.3,0.0,337.5,33.0,42.0,14.0,0,1017.4,1021.3
4.9,0.0,337.5,30.0,42.0,15.0,0,1016.0,1020.5
12.9,0.0,337.5,44.0,51.0,36.0,0,1015.5,1018.0
8.0,0.0,157.5,48.0,49.0,27.0,0,1018.4,1021.1
4.9,0.0,90.0,46.0,49.0,19.0,0,1020.1,1024.7
4.7,0.0,270.0,33.0,42.0,24.0,0,1017.1,1021.3
11.3,0.0,90.0,48.0,34.0,23.0,0,1020.5,1022.6
10.8,0.0,67.5,44.0,34.0,23.0,0,1021.2,1025.3
9.5,0.0,90.0,39.0,30.0,22.0,0,1019.7,1023.7
5.8,0.0,135.0,22.0,34.0,18.0,0,1018.3,1022.6
7.1,0.0,45.0,35.0,41.0,18.0,0,1017.0,1021.6
6.0,0.0,0.0,48.0,41.0,15.0,0,1010.5,1015.2
8.1,0.0,135.0,52.0,33.0,16.0,0,1018.5,1021.4
3.1,0.0,67.5,52.0,36.0,21.0,0,1015.2,1020.4
8.5,0.0,270.0,44.0,39.0,23.0,0,1009.0,1013.2
2.1,0.0,67.5,31.0,35.0,18.0,0,1007.9,1012.4
10.9,0.0,157.5,61.0,69.0,33.0,0,1009.1,1011.3
3.4,3.6,67.5,33.0,74.0,34.0,1,1015.9,1018.5
5.5,0.0,135.0,37.0,56.0,33.0,0,1018.2,1020.4
1.0,0.0,67.5,39.0,58.0,28.0,0,1020.2,1024.2
3.4,0.0,0.0,44.0,49.0,18.0,0,1015.9,1020.4
7.4,0.0,337.5,59.0,49.0,21.0,0,1009.6,1014.9
14.2,9.2,247.5,31.0,93.0,100.0,1,1010.8,1013.1
11.5,16.0,292.5,28.0,96.0,32.0,1,1015.2,1018.0
7.4,0.2,22.5,26.0,69.0,32.0,0,1015.1,1020.1
11.3,0.0,225.0,39.0,83.0,83.0,0,1009.4,1012.5
11.3,4.8,225.0,50.0,75.0,56.0,1,1014.5,1016.3
10.9,0.0,112.5,31.0,67.0,41.0,0,1019.0,1020.1
8.2,0.0,67.5,46.0,63.0,38.0,0,1021.2,1024.9
7.9,0.0,67.5,37.0,49.0,29.0,0,1019.6,1024.1
12.1,0.0,90.0,28.0,45.0,24.0,0,1017.2,1021.8
14.7,0.0,315.0,35.0,50.0,27.0,0,1014.3,1018.9
15.1,0.0,247.5,48.0,63.0,24.0,0,1012.8,1015.8
11.1,0.0,112.5,39.0,43.0,22.0,0,1018.3,1022.4
7.7,0.0,90.0,39.0,41.0,24.0,0,1015.3,1020.5
11.1,0.0,315.0,33.0,36.0,23.0,0,1011.8,1016.5
16.4,0.0,292.5,43.0,37.0,81.0,0,1010.3,1013.9
13.4,9.4,135.0,41.0,83.0,70.0,1,1013.8,1015.7
11.4,1.2,112.5,41.0,53.0,54.0,1,1014.7,1019.1
6.4,0.2,90.0,28.0,59.0,31.0,0,1014.6,1019.1
7.6,0.0,315.0,54.0,59.0,20.0,0,1010.2,1015.8
14.4,0.0,202.5,54.0,54.0,31.0,0,1014.9,1015.5
6.7,0.0,135.0,31.0,61.0,26.0,0,1013.4,1019.1
5.9,0.0,315.0,54.0,52.0,15.0,0,1003.7,1010.7
7.5,0.0,202.5,61.0,58.0,27.0,0,1013.3,1015.2
4.6,0.0,67.5,39.0,38.0,21.0,0,1016.4,1021.0
6.8,0.0,67.5,33.0,33.0,16.0,0,1013.3,1017.9
10.5,0.0,337.5,54.0,35.0,25.0,0,1004.5,1011.4
15.2,0.0,225.0,46.0,35.0,22.0,0,1008.8,1011.7
8.9,0.0,67.5,43.0,34.0,20.0,0,1010.6,1016.1
13.2,0.0,270.0,28.0,42.0,33.0,0,1011.5,1013.7
14.1,0.0,337.5,41.0,55.0,33.0,0,1009.0,1014.1
19.8,0.0,270.0,76.0,41.0,13.0,0,1005.3,1007.7
6.6,0.0,202.5,44.0,37.0,16.0,0,1011.9,1016.9
2.7,0.0,292.5,28.0,36.0,13.0,0,1009.4,1014.7
5.1,0.0,292.5,76.0,22.0,8.0,0,1003.7,1009.9
18.2,2.0,270.0,65.0,66.0,11.0,1,1005.6,1006.3
6.4,0.0,202.5,41.0,25.0,13.0,0,1013.6,1017.7
6.1,0.0,90.0,28.0,21.0,10.0,0,1013.8,1017.6
10.1,0.0,22.5,31.0,20.0,9.0,0,1014.5,1018.7
10.0,0.0,22.5,33.0,22.0,9.0,0,1013.9,1018.5
10.4,0.0,315.0,31.0,18.0,9.0,0,1014.6,1018.7
12.3,0.0,22.5,37.0,19.0,8.0,0,1012.2,1017.8
13.6,0.0,292.5,46.0,18.0,8.0,0,1008.3,1013.0
18.6,0.0,157.5,46.0,37.0,24.0,0,1016.5,1017.8
11.5,0.0,112.5,50.0,33.0,18.0,0,1018.2,1022.5
9.0,0.0,90.0,39.0,22.0,12.0,0,1016.2,1021.2
10.3,0.0,135.0,41.0,28.0,10.0,0,1015.4,1020.3
10.0,0.0,90.0,35.0,24.0,9.0,0,1012.7,1018.0
8.3,0.0,315.0,52.0,22.0,7.0,0,1007.3,1013.1
16.1,0.0,225.0,52.0,40.0,31.0,0,1013.6,1011.5
3.7,0.0,135.0,44.0,32.0,16.0,0,1015.9,1019.8
6.0,0.0,90.0,31.0,23.0,9.0,0,1014.6,1017.9
12.1,0.0,0.0,35.0,18.0,7.0,0,1010.7,1015.4
13.4,0.0,337.5,67.0,21.0,23.0,0,1007.4,1011.8
14.8,0.0,180.0,44.0,65.0,49.0,0,1015.6,1016.5
8.9,0.0,135.0,46.0,44.0,24.0,0,1019.7,1023.9
7.4,0.0,90.0,43.0,26.0,13.0,0,1017.5,1022.4
5.7,0.0,67.5,35.0,20.0,8.0,0,1012.9,1018.5
6.5,0.0,337.5,50.0,15.0,6.0,0,1008.3,1013.6
14.2,0.0,202.5,31.0,27.0,12.0,0,1011.1,1013.8
18.3,0.0,112.5,39.0,41.0,22.0,0,1012.3,1016.8
21.6,0.0,90.0,39.0,21.0,16.0,0,1010.8,1015.6
23.7,0.0,315.0,54.0,14.0,11.0,0,1005.4,1011.4
24.0,0.0,202.5,41.0,32.0,28.0,0,1010.7,1012.3
19.8,0.0,90.0,46.0,40.0,26.0,0,1012.3,1015.9
16.6,0.0,90.0,43.0,29.0,22.0,0,1012.3,1015.1
17.3,0.0,45.0,52.0,27.0,53.0,0,1013.5,1015.7
15.8,0.0,22.5,37.0,40.0,19.0,0,1011.4,1015.1
17.0,0.0,270.0,31.0,21.0,14.0,0,1010.6,1014.8
18.2,0.0,157.5,35.0,17.0,10.0,0,1012.2,1015.7
18.7,0.0,90.0,33.0,18.0,9.0,0,1008.8,1015.0
16.3,0.0,270.0,59.0,15.0,8.0,0,1002.2,1007.0
17.5,0.0,157.5,46.0,46.0,15.0,0,1005.4,1009.8
18.8,0.0,67.5,44.0,27.0,15.0,0,1002.2,1008.1
21.3,0.0,315.0,61.0,20.0,16.0,0,1001.9,1004.7
21.1,0.0,315.0,63.0,19.0,8.0,0,1002.3,1005.2
17.4,0.0,202.5,39.0,25.0,13.0,0,1008.0,1010.8
16.8,0.0,180.0,39.0,29.0,11.0,0,1012.9,1017.4
12.4,0.0,90.0,44.0,25.0,14.0,0,1014.4,1018.1
13.8,0.0,67.5,43.0,18.0,8.0,0,1013.2,1018.5
15.2,0.0,45.0,44.0,12.0,6.0,0,1010.4,1015.9
20.5,0.0,202.5,54.0,9.0,6.0,0,1009.6,1013.2
24.5,0.0,225.0,76.0,36.0,21.0,0,1009.4,1013.3
16.8,0.0,112.5,57.0,54.0,25.0,0,1008.2,1013.3
18.2,0.0,315.0,33.0,34.0,10.0,0,1004.4,1010.1
18.9,0.0,180.0,57.0,21.0,10.0,0,1001.4,1005.2
21.8,0.0,135.0,39.0,39.0,27.0,0,1006.9,1010.2
19.7,0.0,135.0,48.0,27.0,20.0,0,1008.8,1012.5
19.3,1.4,90.0,50.0,46.0,34.0,1,1011.7,1014.8
14.8,0.0,90.0,44.0,37.0,21.0,0,1011.5,1015.5
16.1,0.0,90.0,50.0,21.0,12.0,0,1012.0,1016.5
16.8,0.0,67.5,37.0,13.0,8.0,0,1011.1,1015.3
14.9,0.0,202.5,37.0,9.0,6.0,0,1008.9,1012.9
17.1,0.0,157.5,63.0,9.0,6.0,0,1006.9,1011.0
19.3,0.0,292.5,37.0,11.0,8.0,0,1004.5,1008.2
20.1,0.0,292.5,54.0,19.0,8.0,0,1002.1,1006.4
27.7,0.0,0.0,54.0,20.0,14.0,0,1004.5,1007.6
23.6,0.4,0.0,48.0,43.0,39.0,0,1009.0,1009.8
21.9,0.2,247.5,69.0,47.0,24.0,0,1003.6,1009.1
20.4,16.4,202.5,69.0,87.0,44.0,1,1007.7,1010.6
19.0,4.4,45.0,28.0,90.0,96.0,1,1012.5,1013.6
19.4,6.0,45.0,37.0,83.0,41.0,1,1008.4,1012.3
22.1,0.0,180.0,41.0,51.0,24.0,0,1009.5,1011.4
16.6,0.0,112.5,44.0,29.0,16.0,0,1012.5,1015.5
17.3,0.0,90.0,48.0,22.0,12.0,0,1013.0,1016.7
16.3,0.0,90.0,48.0,16.0,9.0,0,1011.2,1015.5
14.7,0.0,67.5,43.0,13.0,6.0,0,1007.5,1012.1
16.7,0.0,225.0,61.0,17.0,7.0,0,1002.6,1006.1
24.2,0.0,315.0,57.0,45.0,28.0,0,1005.1,1009.3
18.6,6.8,180.0,43.0,71.0,44.0,1,1007.3,1011.7
18.6,0.0,157.5,41.0,45.0,26.0,0,1003.9,1008.3
22.8,0.0,90.0,52.0,27.0,22.0,0,1007.4,1010.4
26.2,0.0,270.0,57.0,23.0,19.0,0,1007.3,1012.2
22.1,2.0,45.0,54.0,56.0,25.0,1,1004.8,1009.0
23.4,0.0,180.0,59.0,36.0,24.0,0,1004.9,1008.2
26.1,0.0,90.0,50.0,32.0,19.0,0,1006.4,1010.3
25.3,0.0,45.0,46.0,49.0,30.0,0,1003.5,1008.6
24.8,0.0,337.5,44.0,59.0,57.0,0,1004.0,1007.5
22.9,21.8,0.0,35.0,85.0,58.0,1,1005.1,1008.8
22.8,9.2,337.5,54.0,96.0,75.0,1,1001.1,1005.5
22.1,83.8,67.5,72.0,100.0,100.0,1,989.2,994.6
22.1,63.8,292.5,43.0,77.0,41.0,1,995.2,997.8
22.6,0.0,315.0,50.0,63.0,39.0,0,998.8,1000.0
23.2,0.0,202.5,33.0,25.0,14.0,0,1001.0,1004.4
19.7,0.0,90.0,37.0,30.0,23.0,0,1000.9,1004.6
23.7,0.0,45.0,46.0,40.0,38.0,0,1002.7,1005.1
22.3,0.0,90.0,37.0,50.0,26.0,0,1005.0,1007.3
23.2,0.0,112.5,46.0,32.0,27.0,0,1007.6,1010.3
21.6,0.0,90.0,52.0,30.0,21.0,0,1005.6,1008.9
20.9,0.0,112.5,44.0,22.0,19.0,0,1004.1,1007.5
23.0,0.0,90.0,50.0,19.0,18.0,0,1002.2,1005.9
23.8,0.0,292.5,39.0,49.0,26.0,0,999.7,1003.1
27.7,0.0,67.5,50.0,50.0,29.0,0,998.6,1002.7
25.1,0.0,67.5,33.0,49.0,25.0,0,1000.9,1003.5
26.4,0.0,135.0,35.0,38.0,24.0,0,1001.4,1004.6
27.7,0.0,90.0,44.0,34.0,27.0,0,1002.9,1005.1
25.7,0.0,67.5,61.0,52.0,32.0,0,1002.2,1006.4
21.6,23.6,22.5,56.0,95.0,79.0,1,1001.0,1005.1
24.7,3.6,247.5,46.0,68.0,81.0,1,1002.8,1003.9
21.5,0.6,112.5,44.0,62.0,42.0,0,1007.9,1010.5
21.8,0.0,90.0,44.0,43.0,35.0,0,1006.2,1010.4
25.3,0.0,67.5,39.0,22.0,22.0,0,1003.9,1007.9
23.2,0.0,45.0,46.0,29.0,24.0,0,1001.6,1005.4
25.4,0.2,67.5,52.0,63.0,42.0,0,1002.5,1005.3
24.5,3.4,337.5,48.0,73.0,49.0,1,1001.9,1006.0
26.0,1.8,270.0,39.0,67.0,53.0,1,1001.9,1004.3
24.7,2.2,45.0,30.0,74.0,70.0,1,1004.9,1007.5
24.5,3.2,22.5,48.0,70.0,38.0,1,1003.7,1007.9
23.1,6.4,202.5,50.0,79.0,56.0,1,1003.7,1007.8
21.8,17.2,157.5,37.0,100.0,76.0,1,1009.6,1010.6
21.3,0.2,90.0,37.0,80.0,52.0,0,1010.4,1014.2
23.6,0.0,45.0,48.0,68.0,46.0,0,1009.5,1012.8
24.6,4.2,45.0,52.0,51.0,31.0,1,1007.9,1011.2
24.7,0.2,90.0,44.0,45.0,30.0,0,1008.5,1011.7
25.4,0.0,67.5,37.0,40.0,20.0,0,1008.2,1012.2
23.8,0.0,270.0,41.0,32.0,18.0,0,1006.1,1009.5
26.1,0.0,90.0,43.0,45.0,16.0,0,1005.4,1008.6
27.6,0.0,67.5,43.0,44.0,22.0,0,1006.3,1010.1
27.5,0.0,90.0,41.268372703412076,50.0,34.0,0,1007.8,1011.9
23.5,1.8,67.5,44.0,46.0,33.0,1,1006.7,1010.6
25.6,0.0,22.5,31.0,38.0,30.0,0,1002.7,1007.2
24.4,0.0,180.0,35.0,49.0,26.0,0,1000.4,1004.3
25.8,0.0,67.5,78.0,45.0,30.0,0,1001.7,1005.2
24.4,7.6,45.0,72.0,69.0,35.0,1,1002.2,1006.2
24.1,2.8,45.0,50.0,62.0,28.0,1,1003.0,1005.7
25.6,0.2,67.5,56.0,47.0,27.0,0,1003.2,1007.3
24.8,0.4,292.5,65.0,38.0,24.0,0,1003.6,1007.0
22.2,6.2,180.0,30.0,56.0,25.0,1,1004.9,1008.4
26.0,0.2,135.0,50.0,47.0,26.0,0,1004.1,1007.1
23.1,0.0,112.5,43.0,31.0,19.0,0,1008.4,1011.4
22.0,0.0,67.5,43.0,21.0,16.0,0,1008.8,1012.8
20.1,0.0,90.0,28.0,19.0,12.0,0,1006.2,1010.6
19.3,0.0,225.0,30.0,22.0,14.0,0,1005.6,1009.0
19.9,0.0,157.5,41.0,34.0,12.0,0,1008.3,1010.7
21.8,0.0,157.5,39.0,32.0,18.0,0,1011.3,1015.1
16.3,0.0,112.5,44.0,36.0,18.0,0,1010.9,1015.8
14.4,0.0,67.5,37.0,25.0,11.0,0,1010.1,1014.6
13.5,0.0,90.0,41.268372703412076,23.0,11.0,0,1008.4,1013.7
16.1,0.7843626806833113,202.5,35.0,30.0,16.0,0,1008.6,1011.4
18.1,0.0,90.0,44.0,27.0,13.0,0,1013.2,1016.1
19.3,0.0,135.0,50.0,29.0,15.0,0,1014.6,1019.4
18.1,0.0,90.0,43.0,29.0,16.0,0,1012.9,1017.2
19.3,0.0,112.5,37.0,23.0,13.0,0,1009.4,1013.7
17.5,0.0,157.5,37.0,18.0,10.0,0,1009.6,1013.5
15.9,0.0,157.5,37.0,15.0,8.0,0,1008.8,1012.5
19.1,0.0,112.5,50.0,23.0,14.0,0,1009.9,1012.6
21.0,0.0,135.0,54.0,20.0,11.0,0,1010.7,1014.7
19.5,0.0,90.0,52.0,22.0,12.0,0,1009.1,1012.9
20.8,0.0,112.5,43.0,21.0,11.0,0,1009.0,1012.4
20.4,0.0,90.0,39.0,21.0,10.0,0,1008.9,1012.2
21.3,0.0,135.0,41.0,26.0,15.0,0,1008.3,1012.2
22.4,0.0,90.0,35.0,34.0,23.0,0,1009.1,1012.1
21.4,0.0,337.5,35.0,32.0,21.0,0,1008.8,1011.3
17.8,0.0,45.0,31.0,49.0,19.0,0,1008.7,1012.4
25.3,0.0,22.5,37.0,25.0,23.0,0,1009.5,1012.2
22.0,0.0,202.5,35.0,17.0,21.0,0,1007.7,1011.4
26.6,0.0,202.5,46.0,45.0,29.0,0,1007.0,1010.8
16.3,0.0,90.0,41.0,30.0,19.0,0,1008.4,1012.5
18.5,0.0,157.5,30.0,32.0,13.0,0,1007.6,1012.5
17.9,0.0,180.0,43.0,26.0,15.0,0,1005.0,1009.7
23.4,0.0,180.0,48.0,43.0,21.0,0,1009.1,1012.3
19.8,0.0,90.0,37.0,27.0,16.0,0,1010.7,1015.5
20.3,0.0,67.5,37.0,29.0,14.0,0,1011.0,1015.7
19.2,0.0,67.5,35.0,23.0,10.0,0,1007.6,1012.4
17.5,0.0,202.5,48.0,22.0,9.0,0,1005.6,1009.5
21.8,0.0,180.0,37.0,42.0,15.0,0,1006.8,1011.2
23.1,0.0,67.5,37.0,33.0,16.0,0,1007.7,1012.3
24.6,0.0,0.0,33.0,28.0,13.0,0,1007.8,1012.0
22.5,0.0,45.0,33.0,27.0,11.0,0,1006.9,1010.7
21.3,0.0,90.0,35.0,21.0,11.0,0,1005.3,1010.0
18.4,0.0,337.5,37.0,20.0,9.0,0,1005.1,1008.7
25.3,0.0,157.5,50.0,44.0,28.0,0,1008.7,1010.5
24.1,0.0,90.0,35.0,30.0,20.0,0,1008.7,1013.1
25.2,0.0,157.5,52.0,32.0,27.0,0,1009.7,1012.4
17.7,0.0,157.5,46.0,52.0,20.0,0,1016.0,1019.8
15.9,0.0,90.0,37.0,26.0,15.0,0,1015.4,1019.4
12.0,0.0,157.5,48.0,29.0,14.0,0,1016.7,1019.9
13.1,0.0,90.0,48.0,31.0,19.0,0,1018.3,1022.7
11.5,0.0,90.0,41.0,34.0,17.0,0,1017.5,1022.6
11.5,0.0,135.0,33.0,23.0,10.0,0,1016.7,1021.1
9.9,0.0,112.5,39.0,20.0,11.0,0,1013.2,1018.0
12.2,0.0,67.5,41.0,25.0,10.0,0,1012.3,1017.1
10.6,0.0,292.5,35.0,24.0,12.0,0,1012.6,1016.4
14.3,0.0,157.5,37.0,26.0,10.0,0,1013.1,1016.2
15.9,0.0,157.5,37.0,51.0,22.0,0,1017.2,1021.1
12.4,0.0,90.0,48.0,48.0,24.0,0,1016.9,1021.6
9.1,0.0,90.0,44.0,37.0,16.0,0,1016.1,1020.7
9.6,0.0,67.5,33.0,31.0,12.0,0,1016.2,1020.3
10.6,0.0,90.0,37.0,27.0,10.0,0,1017.4,1021.3
11.8,0.0,90.0,37.0,27.0,10.0,0,1016.7,1021.1
17.8,0.0,67.5,31.0,44.0,14.0,0,1014.1,1017.6
12.5,0.0,67.5,31.0,29.0,13.0,0,1012.3,1016.5
19.3,0.0,270.0,35.0,28.0,91.0,0,1013.9,1015.9
15.2,6.8,67.5,30.0,65.0,65.0,1,1015.3,1016.9
17.7,12.6,180.0,35.0,93.0,59.0,1,1014.7,1018.1
18.6,34.6,90.0,46.0,100.0,56.0,1,1015.8,1020.0
18.1,3.8,157.5,35.0,90.0,46.0,1,1014.5,1017.7
16.8,0.0,67.5,33.0,89.0,39.0,0,1014.9,1019.1
15.8,0.0,90.0,41.0,67.0,36.0,0,1013.1,1017.3
18.1,0.0,180.0,39.0,60.0,32.0,0,1011.4,1014.5
15.6,0.0,157.5,41.0,77.0,45.0,0,1014.9,1018.0
12.4,0.0,157.5,37.0,59.0,30.0,0,1018.9,1022.5
9.9,0.0,112.5,43.0,56.0,30.0,0,1021.2,1024.5
9.2,0.0,112.5,41.0,50.0,26.0,0,1020.1,1024.8
10.5,0.0,112.5,39.0,52.0,30.0,0,1018.4,1022.2
12.7,0.0,67.5,26.0,50.0,34.0,0,1016.1,1019.6
6.4,0.0,202.5,28.0,55.0,25.0,0,1017.4,1019.6
9.1,0.0,157.5,35.0,66.0,36.0,0,1020.4,1023.2
9.2,0.0,90.0,44.0,55.0,33.0,0,1022.3,1026.2
8.8,0.0,90.0,35.0,50.0,28.0,0,1021.9,1025.8
5.7,0.0,67.5,26.0,41.0,20.0,0,1020.8,1024.9
6.9,0.0,90.0,30.0,34.0,19.0,0,1022.1,1025.6
10.8,0.0,67.5,44.0,31.0,17.0,0,1022.5,1026.4
9.5,0.0,90.0,39.0,42.0,21.0,0,1020.8,1025.6
8.3,0.0,90.0,31.0,49.0,25.0,0,1020.4,1024.1
5.7,0.0,67.5,31.0,41.0,19.0,0,1019.1,1023.2
4.1,0.0,90.0,26.0,33.0,17.0,0,1017.2,1022.1
5.6,0.0,337.5,28.0,31.0,17.0,0,1014.5,1018.8
6.8,0.0,315.0,37.0,43.0,19.0,0,1014.6,1016.9
6.8,0.0,292.5,24.0,43.0,20.0,0,1015.4,1018.9
5.3,0.0,292.5,39.0,41.0,19.0,0,1012.9,1017.5
6.4,0.0,315.0,50.0,48.0,16.0,0,1009.9,1014.5
10.9,0.0,247.5,35.0,50.0,29.0,0,1011.5,1013.6
4.7,0.0,180.0,28.0,68.0,33.0,0,1016.1,1019.0
4.3,0.0,67.5,26.0,71.0,33.0,0,1014.8,1020.1
4.1,0.0,315.0,26.0,60.0,22.0,0,1012.8,1016.7
7.2,0.0,337.5,44.0,46.0,20.0,0,1011.5,1015.3
9.7,0.0,337.5,41.0,48.0,20.0,0,1013.9,1016.4
7.6,0.0,135.0,24.0,53.0,27.0,0,1017.8,1021.4
10.1,0.0,90.0,41.0,55.0,29.0,0,1018.6,1022.6
14.6,0.0,180.0,37.0,61.0,36.0,0,1018.6,1022.0
14.3,0.4,292.5,39.0,68.0,27.0,0,1016.1,1020.5
9.3,0.0,270.0,28.0,36.0,16.0,0,1016.9,1019.9
8.0,0.0,90.0,33.0,46.0,25.0,0,1018.8,1021.7
12.7,0.0,90.0,37.0,59.0,34.0,0,1021.7,1024.3
9.4,0.0,90.0,35.0,62.0,32.0,0,1023.6,1026.6
5.4,0.0,90.0,46.0,56.0,32.0,0,1025.3,1029.2
5.6,0.0,90.0,43.0,61.0,22.0,0,1027.1,1029.6
1.5,0.0,90.0,37.0,45.0,18.0,0,1026.7,1030.7
3.8,0.0,67.5,39.0,42.0,22.0,0,1024.1,1028.7
4.5,0.0,90.0,31.0,42.0,26.0,0,1022.4,1026.9
4.9,0.0,90.0,37.0,38.0,11.0,0,1023.9,1027.1
1.2,0.0,90.0,43.0,29.0,6.0,0,1025.9,1029.8
0.5,0.0,90.0,43.0,27.0,19.0,0,1025.0,1029.0
4.0,0.0,135.0,39.0,58.0,26.0,0,1026.7,1030.2
3.4,0.0,90.0,43.0,54.0,23.0,0,1027.7,1031.8
3.2,0.0,90.0,46.0,56.0,29.0,0,1027.2,1031.0
2.4,0.0,90.0,33.0,59.0,24.0,0,1026.2,1030.0
5.1,0.0,90.0,46.0,56.0,29.0,0,1025.8,1028.5
2.5,0.0,67.5,35.0,57.0,32.0,0,1023.0,1027.2
2.3,0.0,135.0,22.0,60.0,28.0,0,1022.8,1026.9
2.6,0.0,180.0,19.0,59.0,24.0,0,1021.4,1025.0
5.2,0.0,90.0,24.0,53.0,24.0,0,1020.0,1023.8
6.4,0.0,112.5,31.0,53.0,25.0,0,1023.0,1025.8
8.0,0.0,112.5,41.0,56.0,32.0,0,1024.3,1028.1
7.4,0.0,90.0,35.0,63.0,33.0,0,1023.3,1027.2
3.5,0.0,90.0,31.0,59.0,27.0,0,1021.2,1024.7
2.8,0.0,90.0,31.0,51.0,24.0,0,1020.3,1024.6
3.6,0.0,337.5,22.0,56.0,21.0,0,1019.1,1023.5
5.4,0.0,0.0,37.0,53.0,24.0,0,1016.8,1021.0
7.8,0.0,135.0,28.0,51.0,24.0,0,1016.5,1019.4
14.9,0.0,90.0,41.268372703412076,62.0,36.0,0,1017.9,1020.2
